═══ 202401230002_update_rls_for_encargado.sql ═══
psql:/home/z/my-project/Costpro/supabase/migrations/202401230002_update_rls_for_encargado.sql:2: NOTICE:  policy "Profiles are viewable by admins and owners" for relation "public.profiles" does not exist, skipping
psql:/home/z/my-project/Costpro/supabase/migrations/202401230002_update_rls_for_encargado.sql:3: NOTICE:  relation "public.user_store_access" does not exist, skipping
psql:/home/z/my-project/Costpro/supabase/migrations/202401230002_update_rls_for_encargado.sql:4: NOTICE:  policy "Users can view assigned stores" for relation "public.stores" does not exist, skipping
psql:/home/z/my-project/Costpro/supabase/migrations/202401230002_update_rls_for_encargado.sql:32: ERROR:  relation "public.user_store_access" does not exist
═══ 20240725_add_paginated_stock_ledger.sql ═══
psql:/home/z/my-project/Costpro/supabase/migrations/20240725_add_paginated_stock_ledger.sql:53: ERROR:  cannot change return type of existing function
DETAIL:  Row type defined by OUT parameters is different.
HINT:  Use DROP FUNCTION get_product_stock_ledger_paginated(uuid,uuid,integer,integer) first.
═══ 20240801_create_inventory_adjustments.sql ═══
psql:/home/z/my-project/Costpro/supabase/migrations/20240801_create_inventory_adjustments.sql:52: ERROR:  relation "inventory_adjustments" already exists
psql:/home/z/my-project/Costpro/supabase/migrations/20240801_create_inventory_adjustments.sql:54: ERROR:  current transaction is aborted, commands ignored until end of transaction block
psql:/home/z/my-project/Costpro/supabase/migrations/20240801_create_inventory_adjustments.sql:55: ERROR:  current transaction is aborted, commands ignored until end of transaction block
psql:/home/z/my-project/Costpro/supabase/migrations/20240801_create_inventory_adjustments.sql:67: ERROR:  current transaction is aborted, commands ignored until end of transaction block
psql:/home/z/my-project/Costpro/supabase/migrations/20240801_create_inventory_adjustments.sql:69: ERROR:  current transaction is aborted, commands ignored until end of transaction block
psql:/home/z/my-project/Costpro/supabase/migrations/20240801_create_inventory_adjustments.sql:70: ERROR:  current transaction is aborted, commands ignored until end of transaction block
psql:/home/z/my-project/Costpro/supabase/migrations/20240801_create_inventory_adjustments.sql:74: ERROR:  current transaction is aborted, commands ignored until end of transaction block
psql:/home/z/my-project/Costpro/supabase/migrations/20240801_create_inventory_adjustments.sql:75: ERROR:  current transaction is aborted, commands ignored until end of transaction block
psql:/home/z/my-project/Costpro/supabase/migrations/20240801_create_inventory_adjustments.sql:80: ERROR:  current transaction is aborted, commands ignored until end of transaction block
psql:/home/z/my-project/Costpro/supabase/migrations/20240801_create_inventory_adjustments.sql:86: ERROR:  current transaction is aborted, commands ignored until end of transaction block
psql:/home/z/my-project/Costpro/supabase/migrations/20240801_create_inventory_adjustments.sql:94: ERROR:  current transaction is aborted, commands ignored until end of transaction block
psql:/home/z/my-project/Costpro/supabase/migrations/20240801_create_inventory_adjustments.sql:98: ERROR:  current transaction is aborted, commands ignored until end of transaction block
psql:/home/z/my-project/Costpro/supabase/migrations/20240801_create_inventory_adjustments.sql:101: ERROR:  current transaction is aborted, commands ignored until end of transaction block
psql:/home/z/my-project/Costpro/supabase/migrations/20240801_create_inventory_adjustments.sql:104: ERROR:  current transaction is aborted, commands ignored until end of transaction block
═══ 20240801_create_process_inventory_adjustment_function.sql ═══
psql:/home/z/my-project/Costpro/supabase/migrations/20240801_create_process_inventory_adjustment_function.sql:7: NOTICE:  function public.process_inventory_adjustment(uuid,uuid,public.adjustment_item[]) does not exist, skipping
psql:/home/z/my-project/Costpro/supabase/migrations/20240801_create_process_inventory_adjustment_function.sql:8: ERROR:  cannot drop type adjustment_item because other objects depend on it
DETAIL:  function process_inventory_adjustment(uuid,uuid,adjustment_item[],timestamp with time zone) depends on type adjustment_item[]
HINT:  Use DROP ... CASCADE to drop the dependent objects too.
psql:/home/z/my-project/Costpro/supabase/migrations/20240801_create_process_inventory_adjustment_function.sql:9: ERROR:  current transaction is aborted, commands ignored until end of transaction block
psql:/home/z/my-project/Costpro/supabase/migrations/20240801_create_process_inventory_adjustment_function.sql:15: ERROR:  current transaction is aborted, commands ignored until end of transaction block
psql:/home/z/my-project/Costpro/supabase/migrations/20240801_create_process_inventory_adjustment_function.sql:23: ERROR:  current transaction is aborted, commands ignored until end of transaction block
psql:/home/z/my-project/Costpro/supabase/migrations/20240801_create_process_inventory_adjustment_function.sql:132: ERROR:  current transaction is aborted, commands ignored until end of transaction block
psql:/home/z/my-project/Costpro/supabase/migrations/20240801_create_process_inventory_adjustment_function.sql:135: ERROR:  current transaction is aborted, commands ignored until end of transaction block
═══ 20240802120000_create_bulk_update_products_rpc.sql ═══
psql:/home/z/my-project/Costpro/supabase/migrations/20240802120000_create_bulk_update_products_rpc.sql:22: ERROR:  cannot change return type of existing function
HINT:  Use DROP FUNCTION bulk_update_products(jsonb) first.
═══ 20260113_add_optimistic_locking.sql ═══
psql:/home/z/my-project/Costpro/supabase/migrations/20260113_add_optimistic_locking.sql:8: ERROR:  column "version" of relation "inventory" already exists
═══ 20260113_consolidate_stock_source.sql ═══
psql:/home/z/my-project/Costpro/supabase/migrations/20260113_consolidate_stock_source.sql:23: ERROR:  trigger "trg_sync_products_stock_current" for relation "inventory" already exists
psql:/home/z/my-project/Costpro/supabase/migrations/20260113_consolidate_stock_source.sql:70: ERROR:  current transaction is aborted, commands ignored until end of transaction block
═══ 20260113_strengthen_rls.sql ═══
psql:/home/z/my-project/Costpro/supabase/migrations/20260113_strengthen_rls.sql:19: ERROR:  function public.register_stock_movement(uuid, uuid, uuid, integer, text, text, uuid, integer) does not exist
psql:/home/z/my-project/Costpro/supabase/migrations/20260113_strengthen_rls.sql:24: ERROR:  current transaction is aborted, commands ignored until end of transaction block
psql:/home/z/my-project/Costpro/supabase/migrations/20260113_strengthen_rls.sql:25: ERROR:  current transaction is aborted, commands ignored until end of transaction block
psql:/home/z/my-project/Costpro/supabase/migrations/20260113_strengthen_rls.sql:45: ERROR:  current transaction is aborted, commands ignored until end of transaction block
═══ 20260116_fix_audit_logs_permissions.sql ═══
psql:/home/z/my-project/Costpro/supabase/migrations/20260116_fix_audit_logs_permissions.sql:10: NOTICE:  policy "Allow admins and managers to read audit logs" for relation "public.audit_logs" does not exist, skipping
psql:/home/z/my-project/Costpro/supabase/migrations/20260116_fix_audit_logs_permissions.sql:22: NOTICE:  policy "Deny all direct writes to audit logs" for relation "public.audit_logs" does not exist, skipping
═══ 20260117_fix_receipts_profiles_relationship.sql ═══
psql:/home/z/my-project/Costpro/supabase/migrations/20260117_fix_receipts_profiles_relationship.sql:10: ERROR:  constraint "receipts_user_id_profiles_fkey" for relation "receipts" already exists
psql:/home/z/my-project/Costpro/supabase/migrations/20260117_fix_receipts_profiles_relationship.sql:18: ERROR:  current transaction is aborted, commands ignored until end of transaction block
═══ 20260118_multi_store_audit.sql ═══
psql:/home/z/my-project/Costpro/supabase/migrations/20260118_multi_store_audit.sql:68: NOTICE:  relation "public.user_store_access" does not exist, skipping
psql:/home/z/my-project/Costpro/supabase/migrations/20260118_multi_store_audit.sql:71: ERROR:  relation "public.user_store_access" does not exist
═══ 20260118_multi_store_base.sql ═══
psql:/home/z/my-project/Costpro/supabase/migrations/20260118_multi_store_base.sql:16: NOTICE:  table "user_store_access" does not exist, skipping
psql:/home/z/my-project/Costpro/supabase/migrations/20260118_multi_store_base.sql:41: NOTICE:  column "active_store_id" of relation "profiles" already exists, skipping
psql:/home/z/my-project/Costpro/supabase/migrations/20260118_multi_store_base.sql:46: NOTICE:  column "max_stores_limit" of relation "profiles" already exists, skipping
psql:/home/z/my-project/Costpro/supabase/migrations/20260118_multi_store_base.sql:46: NOTICE:  column "max_users_limit" of relation "profiles" already exists, skipping
psql:/home/z/my-project/Costpro/supabase/migrations/20260118_multi_store_base.sql:46: NOTICE:  column "created_by" of relation "profiles" already exists, skipping
psql:/home/z/my-project/Costpro/supabase/migrations/20260118_multi_store_base.sql:50: NOTICE:  column "created_by" of relation "stores" already exists, skipping
═══ 20260118_multi_store_rls.sql ═══
psql:/home/z/my-project/Costpro/supabase/migrations/20260118_multi_store_rls.sql:55: ERROR:  cannot change name of input parameter "p_required_role"
HINT:  Use DROP FUNCTION has_role(user_role) first.
psql:/home/z/my-project/Costpro/supabase/migrations/20260118_multi_store_rls.sql:87: NOTICE:  policy "Admins and Encargados can manage stores" for relation "public.stores" does not exist, skipping
psql:/home/z/my-project/Costpro/supabase/migrations/20260118_multi_store_rls.sql:98: NOTICE:  policy "Profiles are viewable by admins and owners" for relation "public.profiles" does not exist, skipping
psql:/home/z/my-project/Costpro/supabase/migrations/20260118_multi_store_rls.sql:107: NOTICE:  policy "Profiles are manageable by admins and creators" for relation "public.profiles" does not exist, skipping
psql:/home/z/my-project/Costpro/supabase/migrations/20260118_multi_store_rls.sql:117: NOTICE:  policy "Users can view own store access" for relation "public.user_store_access" does not exist, skipping
psql:/home/z/my-project/Costpro/supabase/migrations/20260118_multi_store_rls.sql:122: NOTICE:  policy "Admins and Encargados manage access" for relation "public.user_store_access" does not exist, skipping
═══ 20260119_add_role_to_user_store_access.sql ═══
psql:/home/z/my-project/Costpro/supabase/migrations/20260119_add_role_to_user_store_access.sql:3: NOTICE:  column "role" of relation "user_store_access" does not exist, skipping
═══ 20260120_enterprise_multi_store.sql ═══
psql:/home/z/my-project/Costpro/supabase/migrations/20260120_enterprise_multi_store.sql:21: NOTICE:  relation "user_store_memberships" already exists, skipping
psql:/home/z/my-project/Costpro/supabase/migrations/20260120_enterprise_multi_store.sql:42: NOTICE:  policy "Users can view their own memberships" for relation "public.user_store_memberships" does not exist, skipping
psql:/home/z/my-project/Costpro/supabase/migrations/20260120_enterprise_multi_store.sql:47: NOTICE:  policy "Admins can manage all memberships" for relation "public.user_store_memberships" does not exist, skipping
═══ 20260121_fix_and_unify_products.sql ═══
psql:/home/z/my-project/Costpro/supabase/migrations/20260121_fix_and_unify_products.sql:178: ERROR:  function name "public.get_paginated_products" is not unique
HINT:  Specify the argument list to select the function unambiguously.
psql:/home/z/my-project/Costpro/supabase/migrations/20260121_fix_and_unify_products.sql:179: ERROR:  function name "public.get_products_for_pos" is not unique
HINT:  Specify the argument list to select the function unambiguously.
psql:/home/z/my-project/Costpro/supabase/migrations/20260121_fix_and_unify_products.sql:180: ERROR:  function name "public.get_paginated_products" is not unique
HINT:  Specify the argument list to select the function unambiguously.
psql:/home/z/my-project/Costpro/supabase/migrations/20260121_fix_and_unify_products.sql:181: ERROR:  function name "public.get_products_for_pos" is not unique
HINT:  Specify the argument list to select the function unambiguously.
═══ 20260124_product_management_enhancements.sql ═══
psql:/home/z/my-project/Costpro/supabase/migrations/20260124_product_management_enhancements.sql:3: NOTICE:  column "is_active" of relation "products" already exists, skipping
═══ 20260125_fix_receipt_items_schema.sql ═══
psql:/home/z/my-project/Costpro/supabase/migrations/20260125_fix_receipt_items_schema.sql:7: NOTICE:  column "created_at" of relation "receipt_items" already exists, skipping
psql:/home/z/my-project/Costpro/supabase/migrations/20260125_fix_receipt_items_schema.sql:7: NOTICE:  column "updated_at" of relation "receipt_items" already exists, skipping
psql:/home/z/my-project/Costpro/supabase/migrations/20260125_fix_receipt_items_schema.sql:11: NOTICE:  column "updated_at" of relation "receipts" already exists, skipping
psql:/home/z/my-project/Costpro/supabase/migrations/20260125_fix_receipt_items_schema.sql:15: NOTICE:  column "created_at" of relation "inventory" already exists, skipping
═══ 20260126_final_rls_fix.sql ═══
psql:/home/z/my-project/Costpro/supabase/migrations/20260126_final_rls_fix.sql:35: NOTICE:  policy "Profiles access policy" for relation "public.profiles" does not exist, skipping
psql:/home/z/my-project/Costpro/supabase/migrations/20260126_final_rls_fix.sql:36: NOTICE:  policy "Profiles access" for relation "public.profiles" does not exist, skipping
psql:/home/z/my-project/Costpro/supabase/migrations/20260126_final_rls_fix.sql:37: NOTICE:  policy "Encargados can view profiles in their stores" for relation "public.profiles" does not exist, skipping
psql:/home/z/my-project/Costpro/supabase/migrations/20260126_final_rls_fix.sql:63: NOTICE:  policy "Memberships access policy" for relation "public.user_store_memberships" does not exist, skipping
psql:/home/z/my-project/Costpro/supabase/migrations/20260126_final_rls_fix.sql:64: NOTICE:  policy "Memberships access" for relation "public.user_store_memberships" does not exist, skipping
psql:/home/z/my-project/Costpro/supabase/migrations/20260126_final_rls_fix.sql:67: NOTICE:  policy "Encargados can view memberships in their stores" for relation "public.user_store_memberships" does not exist, skipping
psql:/home/z/my-project/Costpro/supabase/migrations/20260126_final_rls_fix.sql:86: NOTICE:  policy "Stores access policy" for relation "public.stores" does not exist, skipping
psql:/home/z/my-project/Costpro/supabase/migrations/20260126_final_rls_fix.sql:87: NOTICE:  policy "Stores access" for relation "public.stores" does not exist, skipping
═══ 20260126_fix_audit_logs_rls_and_schema.sql ═══
psql:/home/z/my-project/Costpro/supabase/migrations/20260126_fix_audit_logs_rls_and_schema.sql:9: NOTICE:  column "updated_at" of relation "audit_logs" already exists, skipping
═══ 20260127_canonical_stock_movement.sql ═══
psql:/home/z/my-project/Costpro/supabase/migrations/20260127_canonical_stock_movement.sql:10: NOTICE:  function public.register_stock_movement(uuid,uuid,uuid,pg_catalog.int4,text,text,uuid,pg_catalog.int4) does not exist, skipping
psql:/home/z/my-project/Costpro/supabase/migrations/20260127_canonical_stock_movement.sql:11: NOTICE:  function public.register_stock_movement(uuid,uuid,uuid,pg_catalog.int4,text,text,uuid) does not exist, skipping
psql:/home/z/my-project/Costpro/supabase/migrations/20260127_canonical_stock_movement.sql:12: NOTICE:  function public.register_stock_movement(uuid,uuid,uuid,pg_catalog.int4,public.movement_type,text,text,uuid,pg_catalog.int4) does not exist, skipping
psql:/home/z/my-project/Costpro/supabase/migrations/20260127_canonical_stock_movement.sql:13: NOTICE:  function public.register_stock_movement(uuid,uuid,uuid,pg_catalog.int4,public.movement_type,text,text,uuid) does not exist, skipping
psql:/home/z/my-project/Costpro/supabase/migrations/20260127_canonical_stock_movement.sql:14: NOTICE:  function public.register_stock_movement(uuid,uuid,uuid,pg_catalog.int4,text,text,uuid,pg_catalog.int4,text,text) does not exist, skipping
psql:/home/z/my-project/Costpro/supabase/migrations/20260127_canonical_stock_movement.sql:17: NOTICE:  column "notes" of relation "stock_movements" already exists, skipping
═══ 20260127_enhance_audit_logs.sql ═══
psql:/home/z/my-project/Costpro/supabase/migrations/20260127_enhance_audit_logs.sql:8: NOTICE:  column "store_id" of relation "audit_logs" already exists, skipping
psql:/home/z/my-project/Costpro/supabase/migrations/20260127_enhance_audit_logs.sql:90: NOTICE:  trigger "trigger_audit_user_store_memberships_changes" for relation "public.user_store_memberships" does not exist, skipping
psql:/home/z/my-project/Costpro/supabase/migrations/20260127_enhance_audit_logs.sql:346: NOTICE:  policy "Allow admins to read all audit logs" for relation "public.audit_logs" does not exist, skipping
psql:/home/z/my-project/Costpro/supabase/migrations/20260127_enhance_audit_logs.sql:347: NOTICE:  policy "Allow managers and encargados to read their store audit logs" for relation "public.audit_logs" does not exist, skipping
═══ 20260128_final_hardening_schema.sql ═══
psql:/home/z/my-project/Costpro/supabase/migrations/20260128_final_hardening_schema.sql:9: NOTICE:  column "logo_url" of relation "stores" already exists, skipping
psql:/home/z/my-project/Costpro/supabase/migrations/20260128_final_hardening_schema.sql:14: NOTICE:  column "roles" of relation "profiles" already exists, skipping
psql:/home/z/my-project/Costpro/supabase/migrations/20260128_final_hardening_schema.sql:14: NOTICE:  column "active_store_id" of relation "profiles" already exists, skipping
═══ 20260128_fix_dashboard_ambiguity.sql ═══
psql:/home/z/my-project/Costpro/supabase/migrations/20260128_fix_dashboard_ambiguity.sql:8: NOTICE:  function public.get_dashboard_kpis(uuid) does not exist, skipping
═══ 20260201_alignment_fix.sql ═══
psql:/home/z/my-project/Costpro/supabase/migrations/20260201_alignment_fix.sql:12: NOTICE:  column "logo_url" of relation "profiles" already exists, skipping
psql:/home/z/my-project/Costpro/supabase/migrations/20260201_alignment_fix.sql:12: NOTICE:  column "roles" of relation "profiles" already exists, skipping
psql:/home/z/my-project/Costpro/supabase/migrations/20260201_alignment_fix.sql:12: NOTICE:  column "active_store_id" of relation "profiles" already exists, skipping
psql:/home/z/my-project/Costpro/supabase/migrations/20260201_alignment_fix.sql:17: NOTICE:  column "store_id" of relation "audit_logs" already exists, skipping
psql:/home/z/my-project/Costpro/supabase/migrations/20260201_alignment_fix.sql:20: NOTICE:  relation "idx_audit_logs_store_id" already exists, skipping
psql:/home/z/my-project/Costpro/supabase/migrations/20260201_alignment_fix.sql:21: NOTICE:  relation "idx_audit_logs_created_at" already exists, skipping
═══ 20260205_production_alignment_v2.sql ═══
psql:/home/z/my-project/Costpro/supabase/migrations/20260205_production_alignment_v2.sql:13: NOTICE:  column "logo_url" of relation "profiles" already exists, skipping
psql:/home/z/my-project/Costpro/supabase/migrations/20260205_production_alignment_v2.sql:13: NOTICE:  column "roles" of relation "profiles" already exists, skipping
psql:/home/z/my-project/Costpro/supabase/migrations/20260205_production_alignment_v2.sql:13: NOTICE:  column "active_store_id" of relation "profiles" already exists, skipping
psql:/home/z/my-project/Costpro/supabase/migrations/20260205_production_alignment_v2.sql:13: NOTICE:  column "store_id" of relation "profiles" already exists, skipping
psql:/home/z/my-project/Costpro/supabase/migrations/20260205_production_alignment_v2.sql:13: NOTICE:  column "created_at" of relation "profiles" already exists, skipping
psql:/home/z/my-project/Costpro/supabase/migrations/20260205_production_alignment_v2.sql:18: NOTICE:  column "store_id" of relation "audit_logs" already exists, skipping
psql:/home/z/my-project/Costpro/supabase/migrations/20260205_production_alignment_v2.sql:18: NOTICE:  column "created_at" of relation "audit_logs" already exists, skipping
psql:/home/z/my-project/Costpro/supabase/migrations/20260205_production_alignment_v2.sql:157: ERROR:  cannot change return type of existing function
DETAIL:  Row type defined by OUT parameters is different.
HINT:  Use DROP FUNCTION get_transactions(uuid,text,timestamp without time zone,timestamp without time zone,integer) first.
psql:/home/z/my-project/Costpro/supabase/migrations/20260205_production_alignment_v2.sql:159: ERROR:  current transaction is aborted, commands ignored until end of transaction block
psql:/home/z/my-project/Costpro/supabase/migrations/20260205_production_alignment_v2.sql:160: ERROR:  current transaction is aborted, commands ignored until end of transaction block
═══ 20260209_fix_critical_rls_issues.sql ═══
psql:/home/z/my-project/Costpro/supabase/migrations/20260209_fix_critical_rls_issues.sql:78: NOTICE:  policy "Users can view all stores" for relation "public.stores" does not exist, skipping
═══ 20260211_create_transfers.sql ═══
psql:/home/z/my-project/Costpro/supabase/migrations/20260211_create_transfers.sql:24: NOTICE:  relation "transfers" already exists, skipping
psql:/home/z/my-project/Costpro/supabase/migrations/20260211_create_transfers.sql:33: NOTICE:  relation "transfer_items" already exists, skipping
psql:/home/z/my-project/Costpro/supabase/migrations/20260211_create_transfers.sql:41: NOTICE:  policy "transfers_view_policy" for relation "public.transfers" does not exist, skipping
psql:/home/z/my-project/Costpro/supabase/migrations/20260211_create_transfers.sql:48: NOTICE:  policy "transfers_insert_policy" for relation "public.transfers" does not exist, skipping
psql:/home/z/my-project/Costpro/supabase/migrations/20260211_create_transfers.sql:56: NOTICE:  policy "transfer_items_view_policy" for relation "public.transfer_items" does not exist, skipping
psql:/home/z/my-project/Costpro/supabase/migrations/20260211_create_transfers.sql:62: NOTICE:  policy "transfer_items_insert_policy" for relation "public.transfer_items" does not exist, skipping
═══ 20260213_cash_closures_hardening.sql ═══
psql:/home/z/my-project/Costpro/supabase/migrations/20260213_cash_closures_hardening.sql:23: NOTICE:  relation "cash_closures" already exists, skipping
psql:/home/z/my-project/Costpro/supabase/migrations/20260213_cash_closures_hardening.sql:68: NOTICE:  policy "Users can view assigned store closures" for relation "public.cash_closures" does not exist, skipping
psql:/home/z/my-project/Costpro/supabase/migrations/20260213_cash_closures_hardening.sql:73: NOTICE:  policy "Users can insert own closures" for relation "public.cash_closures" does not exist, skipping
psql:/home/z/my-project/Costpro/supabase/migrations/20260213_cash_closures_hardening.sql:78: NOTICE:  policy "Managers and Admins can update closures" for relation "public.cash_closures" does not exist, skipping
═══ 20260215_fix_sale_price_error.sql ═══
psql:/home/z/my-project/Costpro/supabase/migrations/20260215_fix_sale_price_error.sql:26: NOTICE:  Dropped legacy trigger: trg_ensure_product_barcode
psql:/home/z/my-project/Costpro/supabase/migrations/20260215_fix_sale_price_error.sql:26: NOTICE:  trigger "trg_ensure_product_barcode" for relation "public.products" does not exist, skipping
psql:/home/z/my-project/Costpro/supabase/migrations/20260215_fix_sale_price_error.sql:26: NOTICE:  Dropped legacy trigger: trg_ensure_product_barcode
psql:/home/z/my-project/Costpro/supabase/migrations/20260215_fix_sale_price_error.sql:26: NOTICE:  Dropped legacy trigger: trg_maintain_product_completeness
psql:/home/z/my-project/Costpro/supabase/migrations/20260215_fix_sale_price_error.sql:26: NOTICE:  trigger "trg_maintain_product_completeness" for relation "public.products" does not exist, skipping
psql:/home/z/my-project/Costpro/supabase/migrations/20260215_fix_sale_price_error.sql:26: NOTICE:  Dropped legacy trigger: trg_maintain_product_completeness
psql:/home/z/my-project/Costpro/supabase/migrations/20260215_fix_sale_price_error.sql:26: NOTICE:  Dropped legacy trigger: trigger_audit_product_changes
psql:/home/z/my-project/Costpro/supabase/migrations/20260215_fix_sale_price_error.sql:26: NOTICE:  trigger "trigger_audit_product_changes" for relation "public.products" does not exist, skipping
psql:/home/z/my-project/Costpro/supabase/migrations/20260215_fix_sale_price_error.sql:26: NOTICE:  Dropped legacy trigger: trigger_audit_product_changes
psql:/home/z/my-project/Costpro/supabase/migrations/20260215_fix_sale_price_error.sql:79: NOTICE:  trigger "trigger_audit_product_changes" for relation "public.products" does not exist, skipping
═══ 20260216_create_receipt_items.sql ═══
psql:/home/z/my-project/Costpro/supabase/migrations/20260216_create_receipt_items.sql:15: NOTICE:  relation "receipt_items" already exists, skipping
psql:/home/z/my-project/Costpro/supabase/migrations/20260216_create_receipt_items.sql:22: NOTICE:  policy "receipt_items_access" for relation "public.receipt_items" does not exist, skipping
psql:/home/z/my-project/Costpro/supabase/migrations/20260216_create_receipt_items.sql:38: NOTICE:  policy "receipt_items_insert" for relation "public.receipt_items" does not exist, skipping
psql:/home/z/my-project/Costpro/supabase/migrations/20260216_create_receipt_items.sql:58: NOTICE:  relation "idx_receipt_items_receipt_id" already exists, skipping
psql:/home/z/my-project/Costpro/supabase/migrations/20260216_create_receipt_items.sql:59: NOTICE:  relation "idx_receipt_items_product_id" already exists, skipping
═══ 20260216_fix_schema_discrepancies.sql ═══
psql:/home/z/my-project/Costpro/supabase/migrations/20260216_fix_schema_discrepancies.sql:8: NOTICE:  column "public_image_url" of relation "products" already exists, skipping
psql:/home/z/my-project/Costpro/supabase/migrations/20260216_fix_schema_discrepancies.sql:26: ERROR:  column "consrc" does not exist
LINE 2: ...egclass AND contype = 'c' AND confkey IS NULL AND consrc LIK...
                                                             ^
HINT:  Perhaps you meant to reference the column "pg_constraint.conkey" or the column "pg_constraint.conbin".
QUERY:  SELECT conname                          FROM pg_constraint
    WHERE conrelid = 'public.receipts'::regclass AND contype = 'c' AND confkey IS NULL AND consrc LIKE '%status%'
CONTEXT:  PL/pgSQL function inline_code_block line 5 at SQL statement
psql:/home/z/my-project/Costpro/supabase/migrations/20260216_fix_schema_discrepancies.sql:30: ERROR:  current transaction is aborted, commands ignored until end of transaction block
psql:/home/z/my-project/Costpro/supabase/migrations/20260216_fix_schema_discrepancies.sql:38: ERROR:  current transaction is aborted, commands ignored until end of transaction block
═══ 20260217_create_sync_log.sql ═══
psql:/home/z/my-project/Costpro/supabase/migrations/20260217_create_sync_log.sql:15: NOTICE:  relation "sync_log" already exists, skipping
psql:/home/z/my-project/Costpro/supabase/migrations/20260217_create_sync_log.sql:23: ERROR:  policy "Users can view their own sync logs" for table "sync_log" already exists
psql:/home/z/my-project/Costpro/supabase/migrations/20260217_create_sync_log.sql:28: ERROR:  current transaction is aborted, commands ignored until end of transaction block
psql:/home/z/my-project/Costpro/supabase/migrations/20260217_create_sync_log.sql:31: ERROR:  current transaction is aborted, commands ignored until end of transaction block
psql:/home/z/my-project/Costpro/supabase/migrations/20260217_create_sync_log.sql:32: ERROR:  current transaction is aborted, commands ignored until end of transaction block
psql:/home/z/my-project/Costpro/supabase/migrations/20260217_create_sync_log.sql:34: ERROR:  current transaction is aborted, commands ignored until end of transaction block
psql:/home/z/my-project/Costpro/supabase/migrations/20260217_create_sync_log.sql:35: ERROR:  current transaction is aborted, commands ignored until end of transaction block
═══ 20260217_update_sync_log_rls.sql ═══
psql:/home/z/my-project/Costpro/supabase/migrations/20260217_update_sync_log_rls.sql:10: ERROR:  policy "Users can update their own sync logs" for table "sync_log" already exists
═══ 20260218_add_user_ai_settings.sql ═══
psql:/home/z/my-project/Costpro/supabase/migrations/20260218_add_user_ai_settings.sql:9: NOTICE:  column "ai_provider" of relation "profiles" already exists, skipping
psql:/home/z/my-project/Costpro/supabase/migrations/20260218_add_user_ai_settings.sql:9: NOTICE:  column "ai_api_key" of relation "profiles" already exists, skipping
═══ 20260220_create_reports_schema.sql ═══
psql:/home/z/my-project/Costpro/supabase/migrations/20260220_create_reports_schema.sql:18: NOTICE:  relation "report_definitions" already exists, skipping
psql:/home/z/my-project/Costpro/supabase/migrations/20260220_create_reports_schema.sql:31: NOTICE:  relation "report_runs" already exists, skipping
═══ 20260221_create_reports_bucket.sql ═══
psql:/home/z/my-project/Costpro/supabase/migrations/20260221_create_reports_bucket.sql:30: ERROR:  relation "storage.objects" does not exist
CONTEXT:  SQL statement "CREATE POLICY "Public Access to Reports"
        ON storage.objects FOR SELECT
        USING (bucket_id = 'reports')"
PL/pgSQL function inline_code_block line 9 at SQL statement
psql:/home/z/my-project/Costpro/supabase/migrations/20260221_create_reports_bucket.sql:45: ERROR:  relation "storage.objects" does not exist
CONTEXT:  SQL statement "CREATE POLICY "Authenticated Upload to Reports"
        ON storage.objects FOR INSERT
        WITH CHECK (bucket_id = 'reports' AND auth.role() = 'authenticated')"
PL/pgSQL function inline_code_block line 9 at SQL statement
psql:/home/z/my-project/Costpro/supabase/migrations/20260221_create_reports_bucket.sql:60: ERROR:  relation "storage.objects" does not exist
CONTEXT:  SQL statement "CREATE POLICY "Authenticated Delete Own Reports"
        ON storage.objects FOR DELETE
        USING (bucket_id = 'reports' AND auth.role() = 'authenticated')"
PL/pgSQL function inline_code_block line 9 at SQL statement
═══ 20260224_improve_visibility.sql ═══
psql:/home/z/my-project/Costpro/supabase/migrations/20260224_improve_visibility.sql:10: NOTICE:  policy "Stores visibility" for relation "public.stores" does not exist, skipping
═══ 20260225_create_rss_module.sql ═══
psql:/home/z/my-project/Costpro/supabase/migrations/20260225_create_rss_module.sql:12: NOTICE:  relation "rss_feeds" already exists, skipping
psql:/home/z/my-project/Costpro/supabase/migrations/20260225_create_rss_module.sql:21: NOTICE:  relation "rss_settings" already exists, skipping
psql:/home/z/my-project/Costpro/supabase/migrations/20260225_create_rss_module.sql:56: ERROR:  column "apply_filter" of relation "rss_settings" does not exist
LINE 1: ... INTO public.rss_settings (id, priority_keywords, apply_filt...
                                                             ^
═══ 20260228_implement_taxes.sql ═══
psql:/home/z/my-project/Costpro/supabase/migrations/20260228_implement_taxes.sql:18: NOTICE:  relation "tax_configurations" already exists, skipping
psql:/home/z/my-project/Costpro/supabase/migrations/20260228_implement_taxes.sql:23: NOTICE:  column "tax_amount" of relation "transactions" already exists, skipping
psql:/home/z/my-project/Costpro/supabase/migrations/20260228_implement_taxes.sql:23: NOTICE:  column "applied_taxes" of relation "transactions" already exists, skipping
═══ 20260301_control_fallos_harden.sql ═══
psql:/home/z/my-project/Costpro/supabase/migrations/20260301_control_fallos_harden.sql:14: NOTICE:  column "status" of relation "products" already exists, skipping
psql:/home/z/my-project/Costpro/supabase/migrations/20260301_control_fallos_harden.sql:23: NOTICE:  constraint "products_store_sku_unit_unique" of relation "products" does not exist, skipping
═══ 20260302_0002_create_roles_table.sql ═══
psql:/home/z/my-project/Costpro/supabase/migrations/20260302_0002_create_roles_table.sql:13: NOTICE:  relation "roles" already exists, skipping
psql:/home/z/my-project/Costpro/supabase/migrations/20260302_0002_create_roles_table.sql:23: ERROR:  new row for relation "user_audit_log" violates check constraint "user_audit_log_performed_by_check"
DETAIL:  Failing row contains (4230a033-6b13-49e7-99b9-91bc0f48317c, 2026-08-28 02:53:21.651919+00, null, null, CREATE_ROLE, null, {"id": "fe381156-b6e0-41f5-8e01-37587da2407c", "name": "Admin", ..., null).
CONTEXT:  SQL statement "INSERT INTO public.user_audit_log (performed_by, action, new_values)
        VALUES (auth.uid(), 'CREATE_ROLE', row_to_json(NEW)::jsonb)"
PL/pgSQL function audit_role_changes() line 4 at SQL statement
psql:/home/z/my-project/Costpro/supabase/migrations/20260302_0002_create_roles_table.sql:26: ERROR:  current transaction is aborted, commands ignored until end of transaction block
psql:/home/z/my-project/Costpro/supabase/migrations/20260302_0002_create_roles_table.sql:35: ERROR:  current transaction is aborted, commands ignored until end of transaction block
psql:/home/z/my-project/Costpro/supabase/migrations/20260302_0002_create_roles_table.sql:37: ERROR:  current transaction is aborted, commands ignored until end of transaction block
psql:/home/z/my-project/Costpro/supabase/migrations/20260302_0002_create_roles_table.sql:41: ERROR:  current transaction is aborted, commands ignored until end of transaction block
═══ 20260302_0006_fix_hierarchy_and_triggers.sql ═══
psql:/home/z/my-project/Costpro/supabase/migrations/20260302_0006_fix_hierarchy_and_triggers.sql:174: NOTICE:  trigger "tr_on_auth_user_created" for relation "auth.users" does not exist, skipping
═══ 20260302_0007_fix_admin_management.sql ═══
psql:/home/z/my-project/Costpro/supabase/migrations/20260302_0007_fix_admin_management.sql:27: NOTICE:  policy "Admins can update profiles" for relation "public.profiles" does not exist, skipping
psql:/home/z/my-project/Costpro/supabase/migrations/20260302_0007_fix_admin_management.sql:29: NOTICE:  policy "Admin full access" for relation "public.profiles" does not exist, skipping
psql:/home/z/my-project/Costpro/supabase/migrations/20260302_0007_fix_admin_management.sql:30: NOTICE:  policy "Self profile update" for relation "public.profiles" does not exist, skipping
psql:/home/z/my-project/Costpro/supabase/migrations/20260302_0007_fix_admin_management.sql:55: NOTICE:  policy "Admins can select all memberships" for relation "public.user_store_memberships" does not exist, skipping
═══ 20260302_0008_fix_stores_visibility.sql ═══
psql:/home/z/my-project/Costpro/supabase/migrations/20260302_0008_fix_stores_visibility.sql:12: NOTICE:  policy "Enable read access for all users" for relation "public.stores" does not exist, skipping
psql:/home/z/my-project/Costpro/supabase/migrations/20260302_0008_fix_stores_visibility.sql:13: NOTICE:  policy "Users can view their assigned stores" for relation "public.stores" does not exist, skipping
═══ 20260304_harden_sale_stock_logic.sql ═══
psql:/home/z/my-project/Costpro/supabase/migrations/20260304_harden_sale_stock_logic.sql:24: NOTICE:  function public.create_sale(uuid,uuid,text,pg_catalog.numeric,pg_catalog.numeric,text,pg_catalog.numeric,jsonb) does not exist, skipping
psql:/home/z/my-project/Costpro/supabase/migrations/20260304_harden_sale_stock_logic.sql:24: NOTICE:  function public.register_stock_movement(uuid,uuid,uuid,pg_catalog.int4,text,text,uuid,pg_catalog.int4,text) does not exist, skipping
psql:/home/z/my-project/Costpro/supabase/migrations/20260304_harden_sale_stock_logic.sql:24: NOTICE:  function public.register_stock_movement(uuid,uuid,uuid,pg_catalog.int4,text,text,uuid,pg_catalog.int4) does not exist, skipping
psql:/home/z/my-project/Costpro/supabase/migrations/20260304_harden_sale_stock_logic.sql:24: NOTICE:  function public.register_stock_movement(uuid,uuid,uuid,pg_catalog.int4,text,text,uuid) does not exist, skipping
psql:/home/z/my-project/Costpro/supabase/migrations/20260304_harden_sale_stock_logic.sql:24: NOTICE:  function public.register_stock_movement(uuid,uuid,uuid,pg_catalog.int4,public.movement_type,text,text,uuid,pg_catalog.int4) does not exist, skipping
psql:/home/z/my-project/Costpro/supabase/migrations/20260304_harden_sale_stock_logic.sql:24: NOTICE:  function public.register_stock_movement(uuid,uuid,uuid,pg_catalog.int4,public.movement_type,text,text,uuid) does not exist, skipping
psql:/home/z/my-project/Costpro/supabase/migrations/20260304_harden_sale_stock_logic.sql:24: NOTICE:  function public.register_stock_movement(uuid,uuid,uuid,pg_catalog.int4,text,text,uuid,pg_catalog.int4,text,text) does not exist, skipping
psql:/home/z/my-project/Costpro/supabase/migrations/20260304_harden_sale_stock_logic.sql:24: NOTICE:  function public.register_stock_movement(uuid,uuid,uuid,uuid,pg_catalog.int4,text,text,uuid,pg_catalog.int4,text) does not exist, skipping
psql:/home/z/my-project/Costpro/supabase/migrations/20260304_harden_sale_stock_logic.sql:24: NOTICE:  function public.register_stock_movement(uuid,uuid,uuid,pg_catalog.int4,text,text,uuid,pg_catalog.numeric,text,uuid) does not exist, skipping
═══ 20260305_create_user_audit_log.sql ═══
psql:/home/z/my-project/Costpro/supabase/migrations/20260305_create_user_audit_log.sql:13: NOTICE:  relation "user_audit_log" already exists, skipping
psql:/home/z/my-project/Costpro/supabase/migrations/20260305_create_user_audit_log.sql:25: ERROR:  policy "Admins and managers can view user audit logs" for table "user_audit_log" already exists
psql:/home/z/my-project/Costpro/supabase/migrations/20260305_create_user_audit_log.sql:28: ERROR:  relation "idx_user_audit_log_target_user" already exists
psql:/home/z/my-project/Costpro/supabase/migrations/20260305_create_user_audit_log.sql:29: ERROR:  relation "idx_user_audit_log_created_at" already exists
═══ 20260305_fix_profiles_rls_final.sql ═══
psql:/home/z/my-project/Costpro/supabase/migrations/20260305_fix_profiles_rls_final.sql:48: NOTICE:  policy "Profiles unified select" for relation "public.profiles" does not exist, skipping
psql:/home/z/my-project/Costpro/supabase/migrations/20260305_fix_profiles_rls_final.sql:49: NOTICE:  policy "Profiles unified update" for relation "public.profiles" does not exist, skipping
psql:/home/z/my-project/Costpro/supabase/migrations/20260305_fix_profiles_rls_final.sql:52: NOTICE:  policy "Admin can manage any profile" for relation "public.profiles" does not exist, skipping
psql:/home/z/my-project/Costpro/supabase/migrations/20260305_fix_profiles_rls_final.sql:89: ERROR:  policy "profiles_insert_admin" for table "profiles" already exists
psql:/home/z/my-project/Costpro/supabase/migrations/20260305_fix_profiles_rls_final.sql:95: ERROR:  current transaction is aborted, commands ignored until end of transaction block
psql:/home/z/my-project/Costpro/supabase/migrations/20260305_fix_profiles_rls_final.sql:98: ERROR:  current transaction is aborted, commands ignored until end of transaction block
psql:/home/z/my-project/Costpro/supabase/migrations/20260305_fix_profiles_rls_final.sql:99: ERROR:  current transaction is aborted, commands ignored until end of transaction block
═══ 20260318_harden_audit_logging.sql ═══
psql:/home/z/my-project/Costpro/supabase/migrations/20260318_harden_audit_logging.sql:34: NOTICE:  trigger "tr_audit_transaction_voiding" for relation "public.transactions" does not exist, skipping
psql:/home/z/my-project/Costpro/supabase/migrations/20260318_harden_audit_logging.sql:65: NOTICE:  trigger "tr_audit_stock_reception" for relation "public.stock_movements" does not exist, skipping
═══ 20260320_fix_audit_v2_hallazgos.sql ═══
psql:/home/z/my-project/Costpro/supabase/migrations/20260320_fix_audit_v2_hallazgos.sql:407: NOTICE:  policy "Deny direct writes to audit_logs" for relation "public.audit_logs" does not exist, skipping
═══ 20260324_total_remediation.sql ═══
psql:/home/z/my-project/Costpro/supabase/migrations/20260324_total_remediation.sql:15: NOTICE:  relation "tenants" already exists, skipping
psql:/home/z/my-project/Costpro/supabase/migrations/20260324_total_remediation.sql:17: NOTICE:  column "tenant_id" of relation "stores" already exists, skipping
psql:/home/z/my-project/Costpro/supabase/migrations/20260324_total_remediation.sql:18: NOTICE:  column "tenant_id" of relation "profiles" already exists, skipping
psql:/home/z/my-project/Costpro/supabase/migrations/20260324_total_remediation.sql:19: NOTICE:  column "tenant_id" of relation "products" already exists, skipping
psql:/home/z/my-project/Costpro/supabase/migrations/20260324_total_remediation.sql:20: NOTICE:  column "tenant_id" of relation "inventory" already exists, skipping
psql:/home/z/my-project/Costpro/supabase/migrations/20260324_total_remediation.sql:21: NOTICE:  column "tenant_id" of relation "transactions" already exists, skipping
psql:/home/z/my-project/Costpro/supabase/migrations/20260324_total_remediation.sql:22: NOTICE:  column "tenant_id" of relation "receipts" already exists, skipping
psql:/home/z/my-project/Costpro/supabase/migrations/20260324_total_remediation.sql:23: NOTICE:  column "tenant_id" of relation "stock_movements" already exists, skipping
psql:/home/z/my-project/Costpro/supabase/migrations/20260324_total_remediation.sql:24: NOTICE:  column "tenant_id" of relation "transfers" already exists, skipping
psql:/home/z/my-project/Costpro/supabase/migrations/20260324_total_remediation.sql:137: NOTICE:  relation "audit_events" already exists, skipping
psql:/home/z/my-project/Costpro/supabase/migrations/20260324_total_remediation.sql:513: ERROR:  function name "public.register_stock_movement" is not unique
HINT:  Specify the argument list to select the function unambiguously.
psql:/home/z/my-project/Costpro/supabase/migrations/20260324_total_remediation.sql:514: ERROR:  current transaction is aborted, commands ignored until end of transaction block
psql:/home/z/my-project/Costpro/supabase/migrations/20260324_total_remediation.sql:515: ERROR:  current transaction is aborted, commands ignored until end of transaction block
psql:/home/z/my-project/Costpro/supabase/migrations/20260324_total_remediation.sql:516: ERROR:  current transaction is aborted, commands ignored until end of transaction block
psql:/home/z/my-project/Costpro/supabase/migrations/20260324_total_remediation.sql:517: ERROR:  current transaction is aborted, commands ignored until end of transaction block
psql:/home/z/my-project/Costpro/supabase/migrations/20260324_total_remediation.sql:519: ERROR:  current transaction is aborted, commands ignored until end of transaction block
psql:/home/z/my-project/Costpro/supabase/migrations/20260324_total_remediation.sql:520: ERROR:  current transaction is aborted, commands ignored until end of transaction block
psql:/home/z/my-project/Costpro/supabase/migrations/20260324_total_remediation.sql:521: ERROR:  current transaction is aborted, commands ignored until end of transaction block
psql:/home/z/my-project/Costpro/supabase/migrations/20260324_total_remediation.sql:522: ERROR:  current transaction is aborted, commands ignored until end of transaction block
psql:/home/z/my-project/Costpro/supabase/migrations/20260324_total_remediation.sql:523: ERROR:  current transaction is aborted, commands ignored until end of transaction block
═══ 20260325_add_store_id_to_templates.sql ═══
psql:/home/z/my-project/Costpro/supabase/migrations/20260325_add_store_id_to_templates.sql:2: NOTICE:  column "store_id" of relation "cost_sheet_templates" already exists, skipping
psql:/home/z/my-project/Costpro/supabase/migrations/20260325_add_store_id_to_templates.sql:5: NOTICE:  policy "Allow read system and public templates" for relation "public.cost_sheet_templates" does not exist, skipping
psql:/home/z/my-project/Costpro/supabase/migrations/20260325_add_store_id_to_templates.sql:6: NOTICE:  policy "Allow insert own templates" for relation "public.cost_sheet_templates" does not exist, skipping
psql:/home/z/my-project/Costpro/supabase/migrations/20260325_add_store_id_to_templates.sql:7: NOTICE:  policy "Allow update own templates" for relation "public.cost_sheet_templates" does not exist, skipping
psql:/home/z/my-project/Costpro/supabase/migrations/20260325_add_store_id_to_templates.sql:8: NOTICE:  policy "Allow delete own templates" for relation "public.cost_sheet_templates" does not exist, skipping
psql:/home/z/my-project/Costpro/supabase/migrations/20260325_add_store_id_to_templates.sql:9: NOTICE:  policy "Allow read own private templates" for relation "public.cost_sheet_templates" does not exist, skipping
═══ 20260326_multi_tenant_hardening.sql ═══
psql:/home/z/my-project/Costpro/supabase/migrations/20260326_multi_tenant_hardening.sql:26: NOTICE:  policy "Admins and Costo role can view all cost sheets" for relation "public.cost_sheets" does not exist, skipping
psql:/home/z/my-project/Costpro/supabase/migrations/20260326_multi_tenant_hardening.sql:42: ERROR:  policy "cost_sheets_selective_read" for table "cost_sheets" already exists
psql:/home/z/my-project/Costpro/supabase/migrations/20260326_multi_tenant_hardening.sql:44: NOTICE:  policy "Users can manage their own cost sheets" for relation "public.cost_sheets" does not exist, skipping
psql:/home/z/my-project/Costpro/supabase/migrations/20260326_multi_tenant_hardening.sql:50: ERROR:  policy "cost_sheets_owner_manage" for table "cost_sheets" already exists
psql:/home/z/my-project/Costpro/supabase/migrations/20260326_multi_tenant_hardening.sql:55: NOTICE:  function public.stress_create_sale(uuid,uuid,text,pg_catalog.numeric,pg_catalog.numeric,text,pg_catalog.numeric,jsonb,uuid) does not exist, skipping
psql:/home/z/my-project/Costpro/supabase/migrations/20260326_multi_tenant_hardening.sql:56: NOTICE:  function public.stress_register_reception(uuid,text,date,text,jsonb,uuid) does not exist, skipping
psql:/home/z/my-project/Costpro/supabase/migrations/20260326_multi_tenant_hardening.sql:57: NOTICE:  function public.stress_create_transfer(uuid,uuid,jsonb,text,uuid) does not exist, skipping
psql:/home/z/my-project/Costpro/supabase/migrations/20260326_multi_tenant_hardening.sql:227: NOTICE:  policy "tenants_admin_manage" for relation "public.tenants" does not exist, skipping
═══ 20260329180000_harden_pick3_schema.sql ═══
psql:/home/z/my-project/Costpro/supabase/migrations/20260329180000_harden_pick3_schema.sql:5: NOTICE:  column "fireball" of relation "pick3_history" already exists, skipping
psql:/home/z/my-project/Costpro/supabase/migrations/20260329180000_harden_pick3_schema.sql:5: NOTICE:  column "sync_method" of relation "pick3_history" already exists, skipping
psql:/home/z/my-project/Costpro/supabase/migrations/20260329180000_harden_pick3_schema.sql:5: NOTICE:  column "raw_text" of relation "pick3_history" already exists, skipping
═══ 20260527094858_harden_tenant_isolation_products_stores_tenants.sql ═══
psql:/home/z/my-project/Costpro/supabase/migrations/20260527094858_harden_tenant_isolation_products_stores_tenants.sql:65: NOTICE:  policy "authenticated_users_can_manage_products" for relation "public.products" does not exist, skipping
psql:/home/z/my-project/Costpro/supabase/migrations/20260527094858_harden_tenant_isolation_products_stores_tenants.sql:66: NOTICE:  policy "authenticated_users_manage_products" for relation "public.products" does not exist, skipping
psql:/home/z/my-project/Costpro/supabase/migrations/20260527094858_harden_tenant_isolation_products_stores_tenants.sql:67: NOTICE:  policy "deny_client_writes" for relation "public.products" does not exist, skipping
psql:/home/z/my-project/Costpro/supabase/migrations/20260527094858_harden_tenant_isolation_products_stores_tenants.sql:68: NOTICE:  policy "public_read_products" for relation "public.products" does not exist, skipping
psql:/home/z/my-project/Costpro/supabase/migrations/20260527094858_harden_tenant_isolation_products_stores_tenants.sql:69: NOTICE:  policy "products_select_store_access" for relation "public.products" does not exist, skipping
psql:/home/z/my-project/Costpro/supabase/migrations/20260527094858_harden_tenant_isolation_products_stores_tenants.sql:70: NOTICE:  policy "products_insert_store_access" for relation "public.products" does not exist, skipping
psql:/home/z/my-project/Costpro/supabase/migrations/20260527094858_harden_tenant_isolation_products_stores_tenants.sql:71: NOTICE:  policy "products_update_store_access" for relation "public.products" does not exist, skipping
psql:/home/z/my-project/Costpro/supabase/migrations/20260527094858_harden_tenant_isolation_products_stores_tenants.sql:72: NOTICE:  policy "products_delete_store_access" for relation "public.products" does not exist, skipping
psql:/home/z/my-project/Costpro/supabase/migrations/20260527094858_harden_tenant_isolation_products_stores_tenants.sql:509: NOTICE:  policy "Stores management" for relation "public.stores" does not exist, skipping
psql:/home/z/my-project/Costpro/supabase/migrations/20260527094858_harden_tenant_isolation_products_stores_tenants.sql:510: NOTICE:  policy "Users can view assigned stores" for relation "public.stores" does not exist, skipping
psql:/home/z/my-project/Costpro/supabase/migrations/20260527094858_harden_tenant_isolation_products_stores_tenants.sql:511: NOTICE:  policy "Users can view their assigned stores" for relation "public.stores" does not exist, skipping
psql:/home/z/my-project/Costpro/supabase/migrations/20260527094858_harden_tenant_isolation_products_stores_tenants.sql:512: NOTICE:  policy "Users can view all stores" for relation "public.stores" does not exist, skipping
psql:/home/z/my-project/Costpro/supabase/migrations/20260527094858_harden_tenant_isolation_products_stores_tenants.sql:513: NOTICE:  policy "Enable read access for all users" for relation "public.stores" does not exist, skipping
psql:/home/z/my-project/Costpro/supabase/migrations/20260527094858_harden_tenant_isolation_products_stores_tenants.sql:514: NOTICE:  policy "Admins and Encargados can manage stores" for relation "public.stores" does not exist, skipping
psql:/home/z/my-project/Costpro/supabase/migrations/20260527094858_harden_tenant_isolation_products_stores_tenants.sql:608: NOTICE:  policy "Tenants visibility" for relation "public.tenants" does not exist, skipping
psql:/home/z/my-project/Costpro/supabase/migrations/20260527094858_harden_tenant_isolation_products_stores_tenants.sql:609: NOTICE:  policy "tenants_select_authenticated" for relation "public.tenants" does not exist, skipping
═══ 20260527101800_cleanup_remaining_broad_rls_products_stores.sql ═══
psql:/home/z/my-project/Costpro/supabase/migrations/20260527101800_cleanup_remaining_broad_rls_products_stores.sql:9: NOTICE:  policy "products_select_isolated" for relation "public.products" does not exist, skipping
psql:/home/z/my-project/Costpro/supabase/migrations/20260527101800_cleanup_remaining_broad_rls_products_stores.sql:13: NOTICE:  policy "Stores insert" for relation "public.stores" does not exist, skipping
psql:/home/z/my-project/Costpro/supabase/migrations/20260527101800_cleanup_remaining_broad_rls_products_stores.sql:14: NOTICE:  policy "Stores update" for relation "public.stores" does not exist, skipping
═══ 20260612000000_create_ofertas.sql ═══
psql:/home/z/my-project/Costpro/supabase/migrations/20260612000000_create_ofertas.sql:30: NOTICE:  relation "ofertas" already exists, skipping
psql:/home/z/my-project/Costpro/supabase/migrations/20260612000000_create_ofertas.sql:33: NOTICE:  relation "idx_ofertas_store_id" already exists, skipping
psql:/home/z/my-project/Costpro/supabase/migrations/20260612000000_create_ofertas.sql:34: NOTICE:  relation "idx_ofertas_status" already exists, skipping
psql:/home/z/my-project/Costpro/supabase/migrations/20260612000000_create_ofertas.sql:35: NOTICE:  relation "idx_ofertas_created_by" already exists, skipping
═══ 20260612000001_alter_ofertas_add_fields.sql ═══
psql:/home/z/my-project/Costpro/supabase/migrations/20260612000001_alter_ofertas_add_fields.sql:5: NOTICE:  column "descuento" of relation "ofertas" already exists, skipping
psql:/home/z/my-project/Costpro/supabase/migrations/20260612000001_alter_ofertas_add_fields.sql:6: NOTICE:  column "itbis" of relation "ofertas" already exists, skipping
psql:/home/z/my-project/Costpro/supabase/migrations/20260612000001_alter_ofertas_add_fields.sql:7: NOTICE:  column "total" of relation "ofertas" already exists, skipping
psql:/home/z/my-project/Costpro/supabase/migrations/20260612000001_alter_ofertas_add_fields.sql:8: NOTICE:  column "moneda" of relation "ofertas" already exists, skipping
psql:/home/z/my-project/Costpro/supabase/migrations/20260612000001_alter_ofertas_add_fields.sql:9: NOTICE:  column "validez" of relation "ofertas" already exists, skipping
psql:/home/z/my-project/Costpro/supabase/migrations/20260612000001_alter_ofertas_add_fields.sql:10: NOTICE:  column "condiciones_pago" of relation "ofertas" already exists, skipping
psql:/home/z/my-project/Costpro/supabase/migrations/20260612000001_alter_ofertas_add_fields.sql:11: NOTICE:  column "condiciones_entrega" of relation "ofertas" already exists, skipping
psql:/home/z/my-project/Costpro/supabase/migrations/20260612000001_alter_ofertas_add_fields.sql:12: NOTICE:  column "notas" of relation "ofertas" already exists, skipping
═══ 20260613000001_alter_stores_add_oferta_fields.sql ═══
psql:/home/z/my-project/Costpro/supabase/migrations/20260613000001_alter_stores_add_oferta_fields.sql:14: NOTICE:  column "nit" of relation "stores" already exists, skipping
psql:/home/z/my-project/Costpro/supabase/migrations/20260613000001_alter_stores_add_oferta_fields.sql:14: NOTICE:  column "signature_url" of relation "stores" already exists, skipping
psql:/home/z/my-project/Costpro/supabase/migrations/20260613000001_alter_stores_add_oferta_fields.sql:14: NOTICE:  column "stamp_url" of relation "stores" already exists, skipping
psql:/home/z/my-project/Costpro/supabase/migrations/20260613000001_alter_stores_add_oferta_fields.sql:14: NOTICE:  column "plantilla" of relation "stores" already exists, skipping
psql:/home/z/my-project/Costpro/supabase/migrations/20260613000001_alter_stores_add_oferta_fields.sql:14: NOTICE:  column "latitude" of relation "stores" already exists, skipping
psql:/home/z/my-project/Costpro/supabase/migrations/20260613000001_alter_stores_add_oferta_fields.sql:14: NOTICE:  column "longitude" of relation "stores" already exists, skipping
═══ 20260614000001_add_stores_rls_policies.sql ═══
psql:/home/z/my-project/Costpro/supabase/migrations/20260614000001_add_stores_rls_policies.sql:292: NOTICE:  relation "idx_user_store_memberships_rls_lookup" already exists, skipping
psql:/home/z/my-project/Costpro/supabase/migrations/20260614000001_add_stores_rls_policies.sql:297: NOTICE:  relation "idx_profiles_rls_admin_lookup" already exists, skipping
═══ 20260614000002_create_store_with_membership.sql ═══
psql:/home/z/my-project/Costpro/supabase/migrations/20260614000002_create_store_with_membership.sql:102: ERROR:  function name "public.create_store_with_membership" is not unique
HINT:  Specify the argument list to select the function unambiguously.
psql:/home/z/my-project/Costpro/supabase/migrations/20260614000002_create_store_with_membership.sql:108: ERROR:  function name "public.create_store_with_membership" is not unique
HINT:  Specify the argument list to select the function unambiguously.
psql:/home/z/my-project/Costpro/supabase/migrations/20260614000002_create_store_with_membership.sql:109: ERROR:  function name "public.create_store_with_membership" is not unique
HINT:  Specify the argument list to select the function unambiguously.
═══ 20260614000004_optimize_batch_kpi_rpc.sql ═══
psql:/home/z/my-project/Costpro/supabase/migrations/20260614000004_optimize_batch_kpi_rpc.sql:23: NOTICE:  relation "idx_transactions_store_date_status" already exists, skipping
psql:/home/z/my-project/Costpro/supabase/migrations/20260614000004_optimize_batch_kpi_rpc.sql:28: NOTICE:  relation "idx_products_store_active_lowstock" already exists, skipping
psql:/home/z/my-project/Costpro/supabase/migrations/20260614000004_optimize_batch_kpi_rpc.sql:33: NOTICE:  relation "idx_products_store_visible" already exists, skipping
psql:/home/z/my-project/Costpro/supabase/migrations/20260614000004_optimize_batch_kpi_rpc.sql:38: NOTICE:  relation "idx_transfers_origin_pending" already exists, skipping
psql:/home/z/my-project/Costpro/supabase/migrations/20260614000004_optimize_batch_kpi_rpc.sql:43: NOTICE:  relation "idx_transfers_dest_pending" already exists, skipping
psql:/home/z/my-project/Costpro/supabase/migrations/20260614000004_optimize_batch_kpi_rpc.sql:48: NOTICE:  relation "idx_receipts_store_active" already exists, skipping
═══ 20260615000001_create_store_cost_templates.sql ═══
psql:/home/z/my-project/Costpro/supabase/migrations/20260615000001_create_store_cost_templates.sql:26: NOTICE:  relation "store_cost_templates" already exists, skipping
psql:/home/z/my-project/Costpro/supabase/migrations/20260615000001_create_store_cost_templates.sql:29: NOTICE:  relation "idx_store_cost_templates_store_id" already exists, skipping
psql:/home/z/my-project/Costpro/supabase/migrations/20260615000001_create_store_cost_templates.sql:30: NOTICE:  relation "idx_store_cost_templates_template_id" already exists, skipping
psql:/home/z/my-project/Costpro/supabase/migrations/20260615000001_create_store_cost_templates.sql:31: NOTICE:  relation "idx_store_cost_templates_is_active" already exists, skipping
═══ 20260615000002_create_product_cost_sheets_and_alter_products.sql ═══
psql:/home/z/my-project/Costpro/supabase/migrations/20260615000002_create_product_cost_sheets_and_alter_products.sql:26: NOTICE:  relation "product_cost_sheets" already exists, skipping
psql:/home/z/my-project/Costpro/supabase/migrations/20260615000002_create_product_cost_sheets_and_alter_products.sql:29: NOTICE:  relation "idx_product_cost_sheets_product_id" already exists, skipping
psql:/home/z/my-project/Costpro/supabase/migrations/20260615000002_create_product_cost_sheets_and_alter_products.sql:30: NOTICE:  relation "idx_product_cost_sheets_store_id" already exists, skipping
psql:/home/z/my-project/Costpro/supabase/migrations/20260615000002_create_product_cost_sheets_and_alter_products.sql:31: NOTICE:  relation "idx_product_cost_sheets_sync_status" already exists, skipping
psql:/home/z/my-project/Costpro/supabase/migrations/20260615000002_create_product_cost_sheets_and_alter_products.sql:32: NOTICE:  relation "idx_product_cost_sheets_not_deleted" already exists, skipping
psql:/home/z/my-project/Costpro/supabase/migrations/20260615000002_create_product_cost_sheets_and_alter_products.sql:87: NOTICE:  column "cost_sheet_id" of relation "products" already exists, skipping
psql:/home/z/my-project/Costpro/supabase/migrations/20260615000002_create_product_cost_sheets_and_alter_products.sql:91: NOTICE:  column "fc_auto_enabled" of relation "products" already exists, skipping
psql:/home/z/my-project/Costpro/supabase/migrations/20260615000002_create_product_cost_sheets_and_alter_products.sql:94: NOTICE:  relation "idx_products_cost_sheet_id" already exists, skipping
psql:/home/z/my-project/Costpro/supabase/migrations/20260615000002_create_product_cost_sheets_and_alter_products.sql:95: NOTICE:  relation "idx_products_fc_auto_enabled" already exists, skipping
═══ 20260615000003_add_unique_index_product_cost_sheets.sql ═══
psql:/home/z/my-project/Costpro/supabase/migrations/20260615000003_add_unique_index_product_cost_sheets.sql:16: NOTICE:  relation "idx_product_cost_sheets_unique_active" already exists, skipping
═══ 20260615000004_create_fc_automation_support_tables.sql ═══
psql:/home/z/my-project/Costpro/supabase/migrations/20260615000004_create_fc_automation_support_tables.sql:40: NOTICE:  policy "fc_generation_log_select_authenticated" for relation "public.fc_generation_log" does not exist, skipping
psql:/home/z/my-project/Costpro/supabase/migrations/20260615000004_create_fc_automation_support_tables.sql:49: NOTICE:  policy "fc_generation_log_insert_roles" for relation "public.fc_generation_log" does not exist, skipping
psql:/home/z/my-project/Costpro/supabase/migrations/20260615000004_create_fc_automation_support_tables.sql:58: NOTICE:  policy "fc_generation_log_delete_admin" for relation "public.fc_generation_log" does not exist, skipping
psql:/home/z/my-project/Costpro/supabase/migrations/20260615000004_create_fc_automation_support_tables.sql:86: ERROR:  functions in index predicate must be marked IMMUTABLE
psql:/home/z/my-project/Costpro/supabase/migrations/20260615000004_create_fc_automation_support_tables.sql:89: NOTICE:  trigger "set_fc_pdf_cache_updated_at" for relation "public.fc_pdf_cache" does not exist, skipping
psql:/home/z/my-project/Costpro/supabase/migrations/20260615000004_create_fc_automation_support_tables.sql:99: NOTICE:  policy "fc_pdf_cache_select_authenticated" for relation "public.fc_pdf_cache" does not exist, skipping
psql:/home/z/my-project/Costpro/supabase/migrations/20260615000004_create_fc_automation_support_tables.sql:108: NOTICE:  policy "fc_pdf_cache_insert_roles" for relation "public.fc_pdf_cache" does not exist, skipping
psql:/home/z/my-project/Costpro/supabase/migrations/20260615000004_create_fc_automation_support_tables.sql:116: NOTICE:  policy "fc_pdf_cache_update_roles" for relation "public.fc_pdf_cache" does not exist, skipping
psql:/home/z/my-project/Costpro/supabase/migrations/20260615000004_create_fc_automation_support_tables.sql:128: NOTICE:  policy "fc_pdf_cache_delete_admin" for relation "public.fc_pdf_cache" does not exist, skipping
psql:/home/z/my-project/Costpro/supabase/migrations/20260615000004_create_fc_automation_support_tables.sql:158: NOTICE:  trigger "set_fc_automation_config_updated_at" for relation "public.fc_automation_config" does not exist, skipping
psql:/home/z/my-project/Costpro/supabase/migrations/20260615000004_create_fc_automation_support_tables.sql:168: NOTICE:  policy "fc_automation_config_select_authenticated" for relation "public.fc_automation_config" does not exist, skipping
psql:/home/z/my-project/Costpro/supabase/migrations/20260615000004_create_fc_automation_support_tables.sql:177: NOTICE:  policy "fc_automation_config_insert_roles" for relation "public.fc_automation_config" does not exist, skipping
psql:/home/z/my-project/Costpro/supabase/migrations/20260615000004_create_fc_automation_support_tables.sql:185: NOTICE:  policy "fc_automation_config_update_roles" for relation "public.fc_automation_config" does not exist, skipping
psql:/home/z/my-project/Costpro/supabase/migrations/20260615000004_create_fc_automation_support_tables.sql:197: NOTICE:  policy "fc_automation_config_delete_admin" for relation "public.fc_automation_config" does not exist, skipping
═══ 20260617000001_add_fulltext_search_products.sql ═══
psql:/home/z/my-project/Costpro/supabase/migrations/20260617000001_add_fulltext_search_products.sql:16: NOTICE:  column "search_vector" of relation "products" already exists, skipping
psql:/home/z/my-project/Costpro/supabase/migrations/20260617000001_add_fulltext_search_products.sql:20: NOTICE:  relation "idx_products_search_vector" already exists, skipping
═══ 20260618000001_add_customer_to_transactions.README.md ═══
psql:/home/z/my-project/Costpro/supabase/migrations/20260618000001_add_customer_to_transactions.README.md:41: ERROR:  syntax error at or near "#"
LINE 1: # Migration: Agregar customer_id y customer_name a transacti...
        ^
psql:/home/z/my-project/Costpro/supabase/migrations/20260618000001_add_customer_to_transactions.README.md:56: ERROR:  syntax error at or near "}"
LINE 1: }
        ^
psql:/home/z/my-project/Costpro/supabase/migrations/20260618000001_add_customer_to_transactions.README.md:63: NOTICE:  relation "idx_transactions_customer_id" already exists, skipping
psql:/home/z/my-project/Costpro/supabase/migrations/20260618000001_add_customer_to_transactions.README.md:91: ERROR:  syntax error at or near "```"
LINE 1: ```
        ^
═══ 20260618000001_add_customer_to_transactions.sql ═══
psql:/home/z/my-project/Costpro/supabase/migrations/20260618000001_add_customer_to_transactions.sql:8: NOTICE:  column "customer_id" of relation "transactions" already exists, skipping
psql:/home/z/my-project/Costpro/supabase/migrations/20260618000001_add_customer_to_transactions.sql:8: NOTICE:  column "customer_name" of relation "transactions" already exists, skipping
psql:/home/z/my-project/Costpro/supabase/migrations/20260618000001_add_customer_to_transactions.sql:15: NOTICE:  relation "idx_transactions_customer_id" already exists, skipping
═══ 20260619000001_reset_store_data_with_keep_catalog.sql ═══
psql:/home/z/my-project/Costpro/supabase/migrations/20260619000001_reset_store_data_with_keep_catalog.sql:125: ERROR:  cannot change name of input parameter "p_store_id"
HINT:  Use DROP FUNCTION reset_store_data(uuid,boolean) first.
═══ 20260619000005_versionar_m2_m3_m5.sql ═══
psql:/home/z/my-project/Costpro/supabase/migrations/20260619000005_versionar_m2_m3_m5.sql:13: NOTICE:  relation "cash_sessions" already exists, skipping
psql:/home/z/my-project/Costpro/supabase/migrations/20260619000005_versionar_m2_m3_m5.sql:15: NOTICE:  column "store_id" of relation "cash_movements" already exists, skipping
═══ 20260619000006_rls_policies_versioned.sql ═══
psql:/home/z/my-project/Costpro/supabase/migrations/20260619000006_rls_policies_versioned.sql:25: ERROR:  syntax error at or near ")"
LINE 3: ...AND (m.store_id = cash_closures.store_id))))) WITH CHECK ();
                                                                     ^
psql:/home/z/my-project/Costpro/supabase/migrations/20260619000006_rls_policies_versioned.sql:60: ERROR:  syntax error at or near ")"
LINE 3: ...AND (m.store_id = cash_sessions.store_id))))) WITH CHECK ();
                                                                     ^
psql:/home/z/my-project/Costpro/supabase/migrations/20260619000006_rls_policies_versioned.sql:83: ERROR:  syntax error at or near ")"
LINE 3: ...tore_id = inventory_adjustments.store_id))))) WITH CHECK ();
                                                                     ^
psql:/home/z/my-project/Costpro/supabase/migrations/20260619000006_rls_policies_versioned.sql:104: ERROR:  syntax error at or near ")"
LINE 5: ...AND (profiles.role = 'admin'::user_role)))))) WITH CHECK ();
                                                                     ^
psql:/home/z/my-project/Costpro/supabase/migrations/20260619000006_rls_policies_versioned.sql:135: NOTICE:  policy "Productos públicos - lectura" for relation "public.products" does not exist, skipping
psql:/home/z/my-project/Costpro/supabase/migrations/20260619000006_rls_policies_versioned.sql:148: NOTICE:  policy "products_insert_rls" for relation "public.products" does not exist, skipping
psql:/home/z/my-project/Costpro/supabase/migrations/20260619000006_rls_policies_versioned.sql:171: ERROR:  syntax error at or near ")"
LINE 3: ...tus) AND (m.store_id = products.store_id))))) WITH CHECK ();
                                                                     ^
psql:/home/z/my-project/Costpro/supabase/migrations/20260619000006_rls_policies_versioned.sql:216: ERROR:  syntax error at or near ")"
LINE 5: ...AND (profiles.role = 'admin'::user_role)))))) WITH CHECK ();
                                                                     ^
psql:/home/z/my-project/Costpro/supabase/migrations/20260619000006_rls_policies_versioned.sql:223: ERROR:  syntax error at or near ")"
LINE 5: ...AND (profiles.role = 'admin'::user_role)))))) WITH CHECK ();
                                                                     ^
psql:/home/z/my-project/Costpro/supabase/migrations/20260619000006_rls_policies_versioned.sql:230: NOTICE:  policy "Receipts update status" for relation "public.receipts" does not exist, skipping
psql:/home/z/my-project/Costpro/supabase/migrations/20260619000006_rls_policies_versioned.sql:243: NOTICE:  policy "receipts_select_isolated" for relation "public.receipts" does not exist, skipping
psql:/home/z/my-project/Costpro/supabase/migrations/20260619000006_rls_policies_versioned.sql:254: ERROR:  syntax error at or near ")"
LINE 3: ...tus) AND (m.store_id = receipts.store_id))))) WITH CHECK ();
                                                                     ^
psql:/home/z/my-project/Costpro/supabase/migrations/20260619000006_rls_policies_versioned.sql:256: NOTICE:  policy "Stock movements select" for relation "public.stock_movements" does not exist, skipping
psql:/home/z/my-project/Costpro/supabase/migrations/20260619000006_rls_policies_versioned.sql:272: NOTICE:  policy "stock_movements_select_rls" for relation "public.stock_movements" does not exist, skipping
psql:/home/z/my-project/Costpro/supabase/migrations/20260619000006_rls_policies_versioned.sql:280: ERROR:  syntax error at or near ")"
LINE 3: ...D (m.store_id = stock_movements.store_id))))) WITH CHECK ();
                                                                     ^
psql:/home/z/my-project/Costpro/supabase/migrations/20260619000006_rls_policies_versioned.sql:299: NOTICE:  policy "Transactions insert" for relation "public.transactions" does not exist, skipping
psql:/home/z/my-project/Costpro/supabase/migrations/20260619000006_rls_policies_versioned.sql:302: NOTICE:  policy "Transactions select" for relation "public.transactions" does not exist, skipping
psql:/home/z/my-project/Costpro/supabase/migrations/20260619000006_rls_policies_versioned.sql:305: NOTICE:  policy "Transactions update status" for relation "public.transactions" does not exist, skipping
psql:/home/z/my-project/Costpro/supabase/migrations/20260619000006_rls_policies_versioned.sql:313: NOTICE:  policy "transactions_insert_rls" for relation "public.transactions" does not exist, skipping
psql:/home/z/my-project/Costpro/supabase/migrations/20260619000006_rls_policies_versioned.sql:326: ERROR:  syntax error at or near ")"
LINE 3: ... AND (m.store_id = transactions.store_id))))) WITH CHECK ();
                                                                     ^
psql:/home/z/my-project/Costpro/supabase/migrations/20260619000006_rls_policies_versioned.sql:328: NOTICE:  policy "Transfers access" for relation "public.transfers" does not exist, skipping
═══ 20260620000001_store_analytics_advanced.sql ═══
psql:/home/z/my-project/Costpro/supabase/migrations/20260620000001_store_analytics_advanced.sql:17: NOTICE:  function public.get_store_analytics_advanced(uuid,pg_catalog.int4) does not exist, skipping
═══ 20260622000001_global_operation_date_policy.sql ═══
psql:/home/z/my-project/Costpro/supabase/migrations/20260622000001_global_operation_date_policy.sql:67: NOTICE:  function public.get_global_max_operation_date() does not exist, skipping
psql:/home/z/my-project/Costpro/supabase/migrations/20260622000001_global_operation_date_policy.sql:89: NOTICE:  function public.validate_operation_date(pg_catalog.timestamptz) does not exist, skipping
psql:/home/z/my-project/Costpro/supabase/migrations/20260622000001_global_operation_date_policy.sql:131: NOTICE:  function public.create_sale(uuid,uuid,pg_catalog.numeric,jsonb,pg_catalog.numeric,text,pg_catalog.numeric,text,pg_catalog.numeric,jsonb,uuid) does not exist, skipping
psql:/home/z/my-project/Costpro/supabase/migrations/20260622000001_global_operation_date_policy.sql:238: ERROR:  function public.get_global_max_operation_date() is not unique
LINE 3:   public.get_global_max_operation_date() AS max_date,
          ^
HINT:  Could not choose a best candidate function. You might need to add explicit type casts.
═══ 20260622000002_extend_global_date_policy.sql ═══
psql:/home/z/my-project/Costpro/supabase/migrations/20260622000002_extend_global_date_policy.sql:23: NOTICE:  function public.register_stock_movement(uuid,uuid,pg_catalog.numeric,text,text,uuid,uuid,uuid,pg_catalog.numeric,text) does not exist, skipping
psql:/home/z/my-project/Costpro/supabase/migrations/20260622000002_extend_global_date_policy.sql:131: NOTICE:  function public.create_transfer(uuid,uuid,jsonb,text,uuid) does not exist, skipping
psql:/home/z/my-project/Costpro/supabase/migrations/20260622000002_extend_global_date_policy.sql:283: ERROR:  cannot remove parameter defaults from existing function
HINT:  Use DROP FUNCTION confirm_pending_reception(uuid,uuid,timestamp with time zone) first.
psql:/home/z/my-project/Costpro/supabase/migrations/20260622000002_extend_global_date_policy.sql:346: NOTICE:  function public.process_stock_adjustment(uuid,uuid,pg_catalog.numeric,text,uuid) does not exist, skipping
psql:/home/z/my-project/Costpro/supabase/migrations/20260622000002_extend_global_date_policy.sql:390: NOTICE:  function public.register_reception(uuid,text,pg_catalog.timestamptz,text,jsonb) does not exist, skipping
═══ 20260622000003_perform_adjustment_op_date.sql ═══
psql:/home/z/my-project/Costpro/supabase/migrations/20260622000003_perform_adjustment_op_date.sql:11: NOTICE:  function public.perform_inventory_adjustment(uuid,uuid,pg_catalog.numeric,text,uuid,pg_catalog.numeric) does not exist, skipping
═══ 20260622000004_void_rpcs_op_date.sql ═══
psql:/home/z/my-project/Costpro/supabase/migrations/20260622000004_void_rpcs_op_date.sql:18: NOTICE:  function public.void_transaction(uuid,text,uuid) does not exist, skipping
psql:/home/z/my-project/Costpro/supabase/migrations/20260622000004_void_rpcs_op_date.sql:75: NOTICE:  function public.void_transaction(uuid,text) does not exist, skipping
═══ 20260624000001_inteligencia_cambiaria.sql ═══
psql:/home/z/my-project/Costpro/supabase/migrations/20260624000001_inteligencia_cambiaria.sql:29: NOTICE:  relation "exchange_rates" already exists, skipping
psql:/home/z/my-project/Costpro/supabase/migrations/20260624000001_inteligencia_cambiaria.sql:32: NOTICE:  relation "idx_exchange_rates_date" already exists, skipping
psql:/home/z/my-project/Costpro/supabase/migrations/20260624000001_inteligencia_cambiaria.sql:33: NOTICE:  relation "idx_exchange_rates_currency_source" already exists, skipping
psql:/home/z/my-project/Costpro/supabase/migrations/20260624000001_inteligencia_cambiaria.sql:39: ERROR:  policy "exchange_rates_read" for table "exchange_rates" already exists
psql:/home/z/my-project/Costpro/supabase/migrations/20260624000001_inteligencia_cambiaria.sql:41: ERROR:  policy "exchange_rates_insert" for table "exchange_rates" already exists
psql:/home/z/my-project/Costpro/supabase/migrations/20260624000001_inteligencia_cambiaria.sql:42: ERROR:  policy "exchange_rates_update" for table "exchange_rates" already exists
psql:/home/z/my-project/Costpro/supabase/migrations/20260624000001_inteligencia_cambiaria.sql:114: ERROR:  function pg_catalog.extract(unknown, integer) does not exist
LINE 32: ...HEN (POWER(ev.rate::FLOAT / sv.rate::FLOAT, 1.0 / EXTRACT(EP...
                                                              ^
HINT:  No function matches the given name and argument types. You might need to add explicit type casts.
═══ 20260624000002_inteligencia_cambiaria_segments.sql ═══
psql:/home/z/my-project/Costpro/supabase/migrations/20260624000002_inteligencia_cambiaria_segments.sql:11: NOTICE:  constraint "exchange_rates_rate_date_currency_source_key" of relation "exchange_rates" does not exist, skipping
psql:/home/z/my-project/Costpro/supabase/migrations/20260624000002_inteligencia_cambiaria_segments.sql:14: NOTICE:  column "segment" of relation "exchange_rates" already exists, skipping
psql:/home/z/my-project/Costpro/supabase/migrations/20260624000002_inteligencia_cambiaria_segments.sql:16: ERROR:  constraint "exchange_rates_segment_check" for relation "exchange_rates" already exists
psql:/home/z/my-project/Costpro/supabase/migrations/20260624000002_inteligencia_cambiaria_segments.sql:23: NOTICE:  relation "idx_exchange_rates_segment" already exists, skipping
═══ 20260625000001_servicios_recibidos.sql ═══
psql:/home/z/my-project/Costpro/supabase/migrations/20260625000001_servicios_recibidos.sql:15: NOTICE:  relation "service_types" already exists, skipping
psql:/home/z/my-project/Costpro/supabase/migrations/20260625000001_servicios_recibidos.sql:16: NOTICE:  relation "idx_service_types_store" already exists, skipping
psql:/home/z/my-project/Costpro/supabase/migrations/20260625000001_servicios_recibidos.sql:37: NOTICE:  relation "received_services" already exists, skipping
psql:/home/z/my-project/Costpro/supabase/migrations/20260625000001_servicios_recibidos.sql:38: NOTICE:  relation "idx_received_services_store" already exists, skipping
psql:/home/z/my-project/Costpro/supabase/migrations/20260625000001_servicios_recibidos.sql:39: NOTICE:  relation "idx_received_services_date" already exists, skipping
psql:/home/z/my-project/Costpro/supabase/migrations/20260625000001_servicios_recibidos.sql:40: NOTICE:  relation "idx_received_services_status" already exists, skipping
psql:/home/z/my-project/Costpro/supabase/migrations/20260625000001_servicios_recibidos.sql:51: NOTICE:  relation "service_reception_links" already exists, skipping
psql:/home/z/my-project/Costpro/supabase/migrations/20260625000001_servicios_recibidos.sql:52: NOTICE:  relation "idx_srl_service" already exists, skipping
psql:/home/z/my-project/Costpro/supabase/migrations/20260625000001_servicios_recibidos.sql:53: NOTICE:  relation "idx_srl_receipt" already exists, skipping
psql:/home/z/my-project/Costpro/supabase/migrations/20260625000001_servicios_recibidos.sql:65: NOTICE:  relation "service_cost_distributions" already exists, skipping
psql:/home/z/my-project/Costpro/supabase/migrations/20260625000001_servicios_recibidos.sql:66: NOTICE:  relation "idx_scd_service" already exists, skipping
psql:/home/z/my-project/Costpro/supabase/migrations/20260625000001_servicios_recibidos.sql:67: NOTICE:  relation "idx_scd_receipt_item" already exists, skipping
psql:/home/z/my-project/Costpro/supabase/migrations/20260625000001_servicios_recibidos.sql:68: NOTICE:  relation "idx_scd_product" already exists, skipping
psql:/home/z/my-project/Costpro/supabase/migrations/20260625000001_servicios_recibidos.sql:78: NOTICE:  relation "service_audit_log" already exists, skipping
psql:/home/z/my-project/Costpro/supabase/migrations/20260625000001_servicios_recibidos.sql:79: NOTICE:  relation "idx_sal_service" already exists, skipping
psql:/home/z/my-project/Costpro/supabase/migrations/20260625000001_servicios_recibidos.sql:88: ERROR:  policy "service_types_read" for table "service_types" already exists
psql:/home/z/my-project/Costpro/supabase/migrations/20260625000001_servicios_recibidos.sql:89: ERROR:  policy "service_types_write" for table "service_types" already exists
═══ 20260626000001_usage_tracking.sql ═══
psql:/home/z/my-project/Costpro/supabase/migrations/20260626000001_usage_tracking.sql:28: NOTICE:  relation "usage_aggregates" already exists, skipping
psql:/home/z/my-project/Costpro/supabase/migrations/20260626000001_usage_tracking.sql:32: NOTICE:  relation "usage_aggregates_unique_idx" already exists, skipping
psql:/home/z/my-project/Costpro/supabase/migrations/20260626000001_usage_tracking.sql:36: NOTICE:  relation "usage_aggregates_bucket_idx" already exists, skipping
psql:/home/z/my-project/Costpro/supabase/migrations/20260626000001_usage_tracking.sql:38: NOTICE:  relation "usage_aggregates_metric_bucket_idx" already exists, skipping
psql:/home/z/my-project/Costpro/supabase/migrations/20260626000001_usage_tracking.sql:57: NOTICE:  relation "usage_alerts" already exists, skipping
psql:/home/z/my-project/Costpro/supabase/migrations/20260626000001_usage_tracking.sql:60: NOTICE:  relation "usage_alerts_detected_idx" already exists, skipping
psql:/home/z/my-project/Costpro/supabase/migrations/20260626000001_usage_tracking.sql:62: NOTICE:  relation "usage_alerts_unack_idx" already exists, skipping
psql:/home/z/my-project/Costpro/supabase/migrations/20260626000001_usage_tracking.sql:74: NOTICE:  relation "usage_drift" already exists, skipping
psql:/home/z/my-project/Costpro/supabase/migrations/20260626000001_usage_tracking.sql:77: NOTICE:  relation "usage_drift_measured_idx" already exists, skipping
psql:/home/z/my-project/Costpro/supabase/migrations/20260626000001_usage_tracking.sql:91: NOTICE:  relation "usage_thresholds" already exists, skipping
psql:/home/z/my-project/Costpro/supabase/migrations/20260626000001_usage_tracking.sql:303: ERROR:  policy "usage_aggregates_select_admin" for table "usage_aggregates" already exists
psql:/home/z/my-project/Costpro/supabase/migrations/20260626000001_usage_tracking.sql:305: ERROR:  policy "usage_aggregates_insert_service" for table "usage_aggregates" already exists
psql:/home/z/my-project/Costpro/supabase/migrations/20260626000001_usage_tracking.sql:307: ERROR:  policy "usage_aggregates_update_service" for table "usage_aggregates" already exists
psql:/home/z/my-project/Costpro/supabase/migrations/20260626000001_usage_tracking.sql:317: ERROR:  policy "usage_alerts_select_admin" for table "usage_alerts" already exists
psql:/home/z/my-project/Costpro/supabase/migrations/20260626000001_usage_tracking.sql:319: ERROR:  policy "usage_alerts_insert_service" for table "usage_alerts" already exists
psql:/home/z/my-project/Costpro/supabase/migrations/20260626000001_usage_tracking.sql:321: ERROR:  policy "usage_alerts_update_service" for table "usage_alerts" already exists
psql:/home/z/my-project/Costpro/supabase/migrations/20260626000001_usage_tracking.sql:331: ERROR:  policy "usage_drift_select_admin" for table "usage_drift" already exists
psql:/home/z/my-project/Costpro/supabase/migrations/20260626000001_usage_tracking.sql:333: ERROR:  policy "usage_drift_insert_service" for table "usage_drift" already exists
psql:/home/z/my-project/Costpro/supabase/migrations/20260626000001_usage_tracking.sql:343: ERROR:  policy "usage_thresholds_select_admin" for table "usage_thresholds" already exists
psql:/home/z/my-project/Costpro/supabase/migrations/20260626000001_usage_tracking.sql:357: ERROR:  policy "usage_thresholds_update_admin" for table "usage_thresholds" already exists
psql:/home/z/my-project/Costpro/supabase/migrations/20260626000001_usage_tracking.sql:365: NOTICE:  column "detected_at_day" of relation "usage_alerts" already exists, skipping
psql:/home/z/my-project/Costpro/supabase/migrations/20260626000001_usage_tracking.sql:369: NOTICE:  relation "usage_alerts_unique_day_idx" already exists, skipping
═══ 20260626000002_workers_commissions.sql ═══
psql:/home/z/my-project/Costpro/supabase/migrations/20260626000002_workers_commissions.sql:39: NOTICE:  relation "workers" already exists, skipping
psql:/home/z/my-project/Costpro/supabase/migrations/20260626000002_workers_commissions.sql:43: NOTICE:  relation "workers_store_ci_unique_idx" already exists, skipping
psql:/home/z/my-project/Costpro/supabase/migrations/20260626000002_workers_commissions.sql:45: NOTICE:  relation "workers_store_status_idx" already exists, skipping
psql:/home/z/my-project/Costpro/supabase/migrations/20260626000002_workers_commissions.sql:47: NOTICE:  relation "workers_store_active_idx" already exists, skipping
psql:/home/z/my-project/Costpro/supabase/migrations/20260626000002_workers_commissions.sql:86: NOTICE:  relation "commission_rules" already exists, skipping
psql:/home/z/my-project/Costpro/supabase/migrations/20260626000002_workers_commissions.sql:89: NOTICE:  relation "commission_rules_store_worker_idx" already exists, skipping
psql:/home/z/my-project/Costpro/supabase/migrations/20260626000002_workers_commissions.sql:91: NOTICE:  relation "commission_rules_store_valid_idx" already exists, skipping
psql:/home/z/my-project/Costpro/supabase/migrations/20260626000002_workers_commissions.sql:105: NOTICE:  relation "commission_rule_versions" already exists, skipping
psql:/home/z/my-project/Costpro/supabase/migrations/20260626000002_workers_commissions.sql:108: NOTICE:  relation "commission_rule_versions_rule_idx" already exists, skipping
psql:/home/z/my-project/Costpro/supabase/migrations/20260626000002_workers_commissions.sql:137: NOTICE:  relation "sales_transactions" already exists, skipping
psql:/home/z/my-project/Costpro/supabase/migrations/20260626000002_workers_commissions.sql:140: NOTICE:  relation "sales_transactions_store_worker_date_idx" already exists, skipping
psql:/home/z/my-project/Costpro/supabase/migrations/20260626000002_workers_commissions.sql:142: NOTICE:  relation "sales_transactions_store_date_idx" already exists, skipping
psql:/home/z/my-project/Costpro/supabase/migrations/20260626000002_workers_commissions.sql:144: NOTICE:  relation "sales_transactions_transaction_idx" already exists, skipping
psql:/home/z/my-project/Costpro/supabase/migrations/20260626000002_workers_commissions.sql:183: NOTICE:  relation "commission_payments" already exists, skipping
psql:/home/z/my-project/Costpro/supabase/migrations/20260626000002_workers_commissions.sql:188: NOTICE:  relation "commission_payments_worker_period_unique_idx" already exists, skipping
psql:/home/z/my-project/Costpro/supabase/migrations/20260626000002_workers_commissions.sql:191: NOTICE:  relation "commission_payments_store_worker_status_idx" already exists, skipping
psql:/home/z/my-project/Costpro/supabase/migrations/20260626000002_workers_commissions.sql:193: NOTICE:  relation "commission_payments_worker_status_idx" already exists, skipping
psql:/home/z/my-project/Costpro/supabase/migrations/20260626000002_workers_commissions.sql:218: ERROR:  policy "workers_select_authenticated" for table "workers" already exists
psql:/home/z/my-project/Costpro/supabase/migrations/20260626000002_workers_commissions.sql:228: ERROR:  policy "workers_insert_admin_manager" for table "workers" already exists
psql:/home/z/my-project/Costpro/supabase/migrations/20260626000002_workers_commissions.sql:238: ERROR:  policy "workers_update_admin_manager" for table "workers" already exists
psql:/home/z/my-project/Costpro/supabase/migrations/20260626000002_workers_commissions.sql:248: ERROR:  policy "workers_delete_admin" for table "workers" already exists
psql:/home/z/my-project/Costpro/supabase/migrations/20260626000002_workers_commissions.sql:250: ERROR:  policy "workers_service_role_all" for table "workers" already exists
psql:/home/z/my-project/Costpro/supabase/migrations/20260626000002_workers_commissions.sql:256: ERROR:  policy "commission_rules_select" for table "commission_rules" already exists
psql:/home/z/my-project/Costpro/supabase/migrations/20260626000002_workers_commissions.sql:259: ERROR:  policy "commission_rules_insert" for table "commission_rules" already exists
psql:/home/z/my-project/Costpro/supabase/migrations/20260626000002_workers_commissions.sql:262: ERROR:  policy "commission_rules_update" for table "commission_rules" already exists
psql:/home/z/my-project/Costpro/supabase/migrations/20260626000002_workers_commissions.sql:265: ERROR:  policy "commission_rules_delete" for table "commission_rules" already exists
psql:/home/z/my-project/Costpro/supabase/migrations/20260626000002_workers_commissions.sql:267: ERROR:  policy "commission_rules_service_role_all" for table "commission_rules" already exists
psql:/home/z/my-project/Costpro/supabase/migrations/20260626000002_workers_commissions.sql:272: ERROR:  policy "commission_rule_versions_select" for table "commission_rule_versions" already exists
psql:/home/z/my-project/Costpro/supabase/migrations/20260626000002_workers_commissions.sql:274: ERROR:  policy "commission_rule_versions_service_role_all" for table "commission_rule_versions" already exists
psql:/home/z/my-project/Costpro/supabase/migrations/20260626000002_workers_commissions.sql:279: ERROR:  policy "sales_transactions_select" for table "sales_transactions" already exists
psql:/home/z/my-project/Costpro/supabase/migrations/20260626000002_workers_commissions.sql:282: ERROR:  policy "sales_transactions_insert" for table "sales_transactions" already exists
psql:/home/z/my-project/Costpro/supabase/migrations/20260626000002_workers_commissions.sql:285: ERROR:  policy "sales_transactions_update" for table "sales_transactions" already exists
psql:/home/z/my-project/Costpro/supabase/migrations/20260626000002_workers_commissions.sql:288: ERROR:  policy "sales_transactions_delete" for table "sales_transactions" already exists
psql:/home/z/my-project/Costpro/supabase/migrations/20260626000002_workers_commissions.sql:290: ERROR:  policy "sales_transactions_service_role_all" for table "sales_transactions" already exists
psql:/home/z/my-project/Costpro/supabase/migrations/20260626000002_workers_commissions.sql:295: ERROR:  policy "commission_payments_select" for table "commission_payments" already exists
psql:/home/z/my-project/Costpro/supabase/migrations/20260626000002_workers_commissions.sql:298: ERROR:  policy "commission_payments_insert" for table "commission_payments" already exists
psql:/home/z/my-project/Costpro/supabase/migrations/20260626000002_workers_commissions.sql:301: ERROR:  policy "commission_payments_update" for table "commission_payments" already exists
psql:/home/z/my-project/Costpro/supabase/migrations/20260626000002_workers_commissions.sql:304: ERROR:  policy "commission_payments_delete" for table "commission_payments" already exists
psql:/home/z/my-project/Costpro/supabase/migrations/20260626000002_workers_commissions.sql:306: ERROR:  policy "commission_payments_service_role_all" for table "commission_payments" already exists
═══ 20260626000004_qa_critical_fixes.sql ═══
psql:/home/z/my-project/Costpro/supabase/migrations/20260626000004_qa_critical_fixes.sql:98: NOTICE:  relation "one_pending_cash_closure_per_store" already exists, skipping
═══ 20260626000005_qa_batch2_rpc_fixes.sql ═══
psql:/home/z/my-project/Costpro/supabase/migrations/20260626000005_qa_batch2_rpc_fixes.sql:212: NOTICE:  column "opening_balance" of relation "cash_closures" already exists, skipping
psql:/home/z/my-project/Costpro/supabase/migrations/20260626000005_qa_batch2_rpc_fixes.sql:213: NOTICE:  column "cash_movements_total" of relation "cash_closures" already exists, skipping
═══ 20260628000001_store_archiving.sql ═══
psql:/home/z/my-project/Costpro/supabase/migrations/20260628000001_store_archiving.sql:63: NOTICE:  relation "idx_stores_is_archived" already exists, skipping
═══ 20260629000001_costeo_dinamico_infraestructura.sql ═══
psql:/home/z/my-project/Costpro/supabase/migrations/20260629000001_costeo_dinamico_infraestructura.sql:56: NOTICE:  relation "receipt_tasa_audit" already exists, skipping
psql:/home/z/my-project/Costpro/supabase/migrations/20260629000001_costeo_dinamico_infraestructura.sql:59: NOTICE:  relation "idx_receipt_tasa_audit_item" already exists, skipping
psql:/home/z/my-project/Costpro/supabase/migrations/20260629000001_costeo_dinamico_infraestructura.sql:61: NOTICE:  relation "idx_receipt_tasa_audit_user" already exists, skipping
psql:/home/z/my-project/Costpro/supabase/migrations/20260629000001_costeo_dinamico_infraestructura.sql:82: NOTICE:  relation "commission_reception_links" already exists, skipping
psql:/home/z/my-project/Costpro/supabase/migrations/20260629000001_costeo_dinamico_infraestructura.sql:85: NOTICE:  relation "idx_commission_reception_links_receipt" already exists, skipping
psql:/home/z/my-project/Costpro/supabase/migrations/20260629000001_costeo_dinamico_infraestructura.sql:87: NOTICE:  relation "idx_commission_reception_links_product" already exists, skipping
psql:/home/z/my-project/Costpro/supabase/migrations/20260629000001_costeo_dinamico_infraestructura.sql:89: NOTICE:  relation "idx_commission_reception_links_payment" already exists, skipping
psql:/home/z/my-project/Costpro/supabase/migrations/20260629000001_costeo_dinamico_infraestructura.sql:94: NOTICE:  relation "idx_commission_reception_links_unique" already exists, skipping
psql:/home/z/my-project/Costpro/supabase/migrations/20260629000001_costeo_dinamico_infraestructura.sql:121: NOTICE:  relation "price_commit_log" already exists, skipping
psql:/home/z/my-project/Costpro/supabase/migrations/20260629000001_costeo_dinamico_infraestructura.sql:124: NOTICE:  relation "idx_price_commit_log_store" already exists, skipping
psql:/home/z/my-project/Costpro/supabase/migrations/20260629000001_costeo_dinamico_infraestructura.sql:126: NOTICE:  relation "idx_price_commit_log_committed_by" already exists, skipping
psql:/home/z/my-project/Costpro/supabase/migrations/20260629000001_costeo_dinamico_infraestructura.sql:152: ERROR:  policy "receipt_tasa_audit_select_authenticated" for table "receipt_tasa_audit" already exists
psql:/home/z/my-project/Costpro/supabase/migrations/20260629000001_costeo_dinamico_infraestructura.sql:157: ERROR:  policy "receipt_tasa_audit_insert_admin" for table "receipt_tasa_audit" already exists
psql:/home/z/my-project/Costpro/supabase/migrations/20260629000001_costeo_dinamico_infraestructura.sql:165: ERROR:  policy "commission_reception_links_select_authenticated" for table "commission_reception_links" already exists
psql:/home/z/my-project/Costpro/supabase/migrations/20260629000001_costeo_dinamico_infraestructura.sql:169: ERROR:  policy "commission_reception_links_insert_admin" for table "commission_reception_links" already exists
psql:/home/z/my-project/Costpro/supabase/migrations/20260629000001_costeo_dinamico_infraestructura.sql:173: ERROR:  policy "commission_reception_links_delete_admin" for table "commission_reception_links" already exists
psql:/home/z/my-project/Costpro/supabase/migrations/20260629000001_costeo_dinamico_infraestructura.sql:181: ERROR:  policy "price_commit_log_select_authenticated" for table "price_commit_log" already exists
psql:/home/z/my-project/Costpro/supabase/migrations/20260629000001_costeo_dinamico_infraestructura.sql:185: ERROR:  policy "price_commit_log_insert_admin" for table "price_commit_log" already exists
psql:/home/z/my-project/Costpro/supabase/migrations/20260629000001_costeo_dinamico_infraestructura.sql:189: ERROR:  policy "price_commit_log_update_admin" for table "price_commit_log" already exists
═══ 20260629000002_update_rpc_register_reception_with_currency.sql ═══
psql:/home/z/my-project/Costpro/supabase/migrations/20260629000002_update_rpc_register_reception_with_currency.sql:100: ERROR:  function name "public.register_reception" is not unique
HINT:  Specify the argument list to select the function unambiguously.
═══ 20260701000001_create_saved_analytics_views.sql ═══
psql:/home/z/my-project/Costpro/supabase/migrations/20260701000001_create_saved_analytics_views.sql:18: NOTICE:  relation "saved_analytics_views" already exists, skipping
psql:/home/z/my-project/Costpro/supabase/migrations/20260701000001_create_saved_analytics_views.sql:20: NOTICE:  relation "idx_saved_analytics_views_user" already exists, skipping
psql:/home/z/my-project/Costpro/supabase/migrations/20260701000001_create_saved_analytics_views.sql:21: NOTICE:  relation "idx_saved_analytics_views_store" already exists, skipping
psql:/home/z/my-project/Costpro/supabase/migrations/20260701000001_create_saved_analytics_views.sql:22: NOTICE:  relation "idx_saved_analytics_views_module" already exists, skipping
psql:/home/z/my-project/Costpro/supabase/migrations/20260701000001_create_saved_analytics_views.sql:33: ERROR:  policy "Users can view own analytics views" for table "saved_analytics_views" already exists
psql:/home/z/my-project/Costpro/supabase/migrations/20260701000001_create_saved_analytics_views.sql:36: ERROR:  policy "Users can insert own analytics views" for table "saved_analytics_views" already exists
psql:/home/z/my-project/Costpro/supabase/migrations/20260701000001_create_saved_analytics_views.sql:39: ERROR:  policy "Users can update own analytics views" for table "saved_analytics_views" already exists
psql:/home/z/my-project/Costpro/supabase/migrations/20260701000001_create_saved_analytics_views.sql:42: ERROR:  policy "Users can delete own analytics views" for table "saved_analytics_views" already exists
═══ 20260702000001_create_whatsapp_module.sql ═══
psql:/home/z/my-project/Costpro/supabase/migrations/20260702000001_create_whatsapp_module.sql:31: NOTICE:  relation "whatsapp_configs" already exists, skipping
psql:/home/z/my-project/Costpro/supabase/migrations/20260702000001_create_whatsapp_module.sql:33: NOTICE:  relation "idx_whatsapp_configs_store" already exists, skipping
psql:/home/z/my-project/Costpro/supabase/migrations/20260702000001_create_whatsapp_module.sql:50: NOTICE:  relation "whatsapp_contacts" already exists, skipping
psql:/home/z/my-project/Costpro/supabase/migrations/20260702000001_create_whatsapp_module.sql:52: NOTICE:  relation "idx_whatsapp_contacts_store" already exists, skipping
psql:/home/z/my-project/Costpro/supabase/migrations/20260702000001_create_whatsapp_module.sql:68: NOTICE:  relation "whatsapp_messages" already exists, skipping
psql:/home/z/my-project/Costpro/supabase/migrations/20260702000001_create_whatsapp_module.sql:70: NOTICE:  relation "idx_whatsapp_messages_store" already exists, skipping
psql:/home/z/my-project/Costpro/supabase/migrations/20260702000001_create_whatsapp_module.sql:71: NOTICE:  relation "idx_whatsapp_messages_contact" already exists, skipping
psql:/home/z/my-project/Costpro/supabase/migrations/20260702000001_create_whatsapp_module.sql:72: NOTICE:  relation "idx_whatsapp_messages_created" already exists, skipping
psql:/home/z/my-project/Costpro/supabase/migrations/20260702000001_create_whatsapp_module.sql:87: NOTICE:  relation "whatsapp_invitations" already exists, skipping
psql:/home/z/my-project/Costpro/supabase/migrations/20260702000001_create_whatsapp_module.sql:89: NOTICE:  relation "idx_whatsapp_invitations_store" already exists, skipping
psql:/home/z/my-project/Costpro/supabase/migrations/20260702000001_create_whatsapp_module.sql:90: NOTICE:  relation "idx_whatsapp_invitations_status" already exists, skipping
psql:/home/z/my-project/Costpro/supabase/migrations/20260702000001_create_whatsapp_module.sql:105: NOTICE:  relation "whatsapp_risk_state" already exists, skipping
psql:/home/z/my-project/Costpro/supabase/migrations/20260702000001_create_whatsapp_module.sql:107: NOTICE:  relation "idx_whatsapp_risk_state_store" already exists, skipping
psql:/home/z/my-project/Costpro/supabase/migrations/20260702000001_create_whatsapp_module.sql:124: ERROR:  policy "whatsapp_configs_select" for table "whatsapp_configs" already exists
psql:/home/z/my-project/Costpro/supabase/migrations/20260702000001_create_whatsapp_module.sql:130: ERROR:  policy "whatsapp_contacts_select" for table "whatsapp_contacts" already exists
psql:/home/z/my-project/Costpro/supabase/migrations/20260702000001_create_whatsapp_module.sql:136: ERROR:  policy "whatsapp_messages_select" for table "whatsapp_messages" already exists
psql:/home/z/my-project/Costpro/supabase/migrations/20260702000001_create_whatsapp_module.sql:142: ERROR:  policy "whatsapp_invitations_select" for table "whatsapp_invitations" already exists
psql:/home/z/my-project/Costpro/supabase/migrations/20260702000001_create_whatsapp_module.sql:148: ERROR:  policy "whatsapp_risk_state_select" for table "whatsapp_risk_state" already exists
psql:/home/z/my-project/Costpro/supabase/migrations/20260702000001_create_whatsapp_module.sql:161: ERROR:  policy "whatsapp_configs_write" for table "whatsapp_configs" already exists
psql:/home/z/my-project/Costpro/supabase/migrations/20260702000001_create_whatsapp_module.sql:173: ERROR:  policy "whatsapp_contacts_write" for table "whatsapp_contacts" already exists
psql:/home/z/my-project/Costpro/supabase/migrations/20260702000001_create_whatsapp_module.sql:185: ERROR:  policy "whatsapp_messages_write" for table "whatsapp_messages" already exists
psql:/home/z/my-project/Costpro/supabase/migrations/20260702000001_create_whatsapp_module.sql:197: ERROR:  policy "whatsapp_invitations_write" for table "whatsapp_invitations" already exists
psql:/home/z/my-project/Costpro/supabase/migrations/20260702000001_create_whatsapp_module.sql:209: ERROR:  policy "whatsapp_risk_state_write" for table "whatsapp_risk_state" already exists
═══ 20260702000001_fix_wac_currency_conversion.sql ═══
psql:/home/z/my-project/Costpro/supabase/migrations/20260702000001_fix_wac_currency_conversion.sql:261: ERROR:  function name "public.register_reception" is not unique
HINT:  Specify the argument list to select the function unambiguously.
psql:/home/z/my-project/Costpro/supabase/migrations/20260702000001_fix_wac_currency_conversion.sql:404: ERROR:  function name "public.perform_inventory_adjustment" is not unique
HINT:  Specify the argument list to select the function unambiguously.
psql:/home/z/my-project/Costpro/supabase/migrations/20260702000001_fix_wac_currency_conversion.sql:406: ERROR:  function name "public.create_transfer" is not unique
HINT:  Specify the argument list to select the function unambiguously.
═══ 20260702000003_multi_currency_sales.sql ═══
psql:/home/z/my-project/Costpro/supabase/migrations/20260702000003_multi_currency_sales.sql:17: NOTICE:  column "price_currency" of relation "products" already exists, skipping
psql:/home/z/my-project/Costpro/supabase/migrations/20260702000003_multi_currency_sales.sql:22: NOTICE:  column "sale_currency" of relation "transactions" already exists, skipping
psql:/home/z/my-project/Costpro/supabase/migrations/20260702000003_multi_currency_sales.sql:23: NOTICE:  column "sale_exchange_rate" of relation "transactions" already exists, skipping
psql:/home/z/my-project/Costpro/supabase/migrations/20260702000003_multi_currency_sales.sql:28: NOTICE:  column "price_currency" of relation "transaction_items" already exists, skipping
psql:/home/z/my-project/Costpro/supabase/migrations/20260702000003_multi_currency_sales.sql:29: NOTICE:  column "price_at_sale_cup" of relation "transaction_items" already exists, skipping
psql:/home/z/my-project/Costpro/supabase/migrations/20260702000003_multi_currency_sales.sql:38: NOTICE:  relation "idx_transactions_sale_currency" already exists, skipping
psql:/home/z/my-project/Costpro/supabase/migrations/20260702000003_multi_currency_sales.sql:39: NOTICE:  relation "idx_products_price_currency" already exists, skipping
═══ 20260702000009_add_variant_id_receipt_items.sql ═══
psql:/home/z/my-project/Costpro/supabase/migrations/20260702000009_add_variant_id_receipt_items.sql:7: NOTICE:  column "variant_id" of relation "receipt_items" already exists, skipping
psql:/home/z/my-project/Costpro/supabase/migrations/20260702000009_add_variant_id_receipt_items.sql:10: NOTICE:  relation "idx_receipt_items_variant" already exists, skipping
═══ 20260703000001_create_telegram_module.sql ═══
psql:/home/z/my-project/Costpro/supabase/migrations/20260703000001_create_telegram_module.sql:49: NOTICE:  relation "telegram_configs" already exists, skipping
psql:/home/z/my-project/Costpro/supabase/migrations/20260703000001_create_telegram_module.sql:51: NOTICE:  relation "idx_telegram_configs_store" already exists, skipping
psql:/home/z/my-project/Costpro/supabase/migrations/20260703000001_create_telegram_module.sql:52: NOTICE:  relation "idx_telegram_configs_bot_user_id" already exists, skipping
psql:/home/z/my-project/Costpro/supabase/migrations/20260703000001_create_telegram_module.sql:68: NOTICE:  relation "telegram_contacts" already exists, skipping
psql:/home/z/my-project/Costpro/supabase/migrations/20260703000001_create_telegram_module.sql:70: NOTICE:  relation "idx_telegram_contacts_store" already exists, skipping
psql:/home/z/my-project/Costpro/supabase/migrations/20260703000001_create_telegram_module.sql:71: NOTICE:  relation "idx_telegram_contacts_tg_user" already exists, skipping
psql:/home/z/my-project/Costpro/supabase/migrations/20260703000001_create_telegram_module.sql:92: NOTICE:  relation "telegram_messages" already exists, skipping
psql:/home/z/my-project/Costpro/supabase/migrations/20260703000001_create_telegram_module.sql:94: NOTICE:  relation "idx_telegram_messages_store" already exists, skipping
psql:/home/z/my-project/Costpro/supabase/migrations/20260703000001_create_telegram_module.sql:95: NOTICE:  relation "idx_telegram_messages_contact" already exists, skipping
psql:/home/z/my-project/Costpro/supabase/migrations/20260703000001_create_telegram_module.sql:96: NOTICE:  relation "idx_telegram_messages_created" already exists, skipping
psql:/home/z/my-project/Costpro/supabase/migrations/20260703000001_create_telegram_module.sql:126: NOTICE:  relation "telegram_invitations" already exists, skipping
psql:/home/z/my-project/Costpro/supabase/migrations/20260703000001_create_telegram_module.sql:128: NOTICE:  relation "idx_telegram_invitations_store" already exists, skipping
psql:/home/z/my-project/Costpro/supabase/migrations/20260703000001_create_telegram_module.sql:129: NOTICE:  relation "idx_telegram_invitations_status" already exists, skipping
psql:/home/z/my-project/Costpro/supabase/migrations/20260703000001_create_telegram_module.sql:130: NOTICE:  relation "idx_telegram_invitations_tg_user" already exists, skipping
psql:/home/z/my-project/Costpro/supabase/migrations/20260703000001_create_telegram_module.sql:150: ERROR:  policy "telegram_configs_select" for table "telegram_configs" already exists
psql:/home/z/my-project/Costpro/supabase/migrations/20260703000001_create_telegram_module.sql:156: ERROR:  policy "telegram_contacts_select" for table "telegram_contacts" already exists
psql:/home/z/my-project/Costpro/supabase/migrations/20260703000001_create_telegram_module.sql:162: ERROR:  policy "telegram_messages_select" for table "telegram_messages" already exists
psql:/home/z/my-project/Costpro/supabase/migrations/20260703000001_create_telegram_module.sql:168: ERROR:  policy "telegram_invitations_select" for table "telegram_invitations" already exists
psql:/home/z/my-project/Costpro/supabase/migrations/20260703000001_create_telegram_module.sql:181: ERROR:  policy "telegram_configs_write" for table "telegram_configs" already exists
psql:/home/z/my-project/Costpro/supabase/migrations/20260703000001_create_telegram_module.sql:193: ERROR:  policy "telegram_contacts_write" for table "telegram_contacts" already exists
psql:/home/z/my-project/Costpro/supabase/migrations/20260703000001_create_telegram_module.sql:205: ERROR:  policy "telegram_messages_write" for table "telegram_messages" already exists
psql:/home/z/my-project/Costpro/supabase/migrations/20260703000001_create_telegram_module.sql:217: ERROR:  policy "telegram_invitations_write" for table "telegram_invitations" already exists
═══ 20260703000002_telegram_multimedia.sql ═══
psql:/home/z/my-project/Costpro/supabase/migrations/20260703000002_telegram_multimedia.sql:32: NOTICE:  column "media_type" of relation "telegram_messages" already exists, skipping
psql:/home/z/my-project/Costpro/supabase/migrations/20260703000002_telegram_multimedia.sql:32: NOTICE:  column "file_id" of relation "telegram_messages" already exists, skipping
psql:/home/z/my-project/Costpro/supabase/migrations/20260703000002_telegram_multimedia.sql:32: NOTICE:  column "file_path" of relation "telegram_messages" already exists, skipping
psql:/home/z/my-project/Costpro/supabase/migrations/20260703000002_telegram_multimedia.sql:32: NOTICE:  column "file_size" of relation "telegram_messages" already exists, skipping
psql:/home/z/my-project/Costpro/supabase/migrations/20260703000002_telegram_multimedia.sql:32: NOTICE:  column "mime_type" of relation "telegram_messages" already exists, skipping
psql:/home/z/my-project/Costpro/supabase/migrations/20260703000002_telegram_multimedia.sql:32: NOTICE:  column "caption" of relation "telegram_messages" already exists, skipping
psql:/home/z/my-project/Costpro/supabase/migrations/20260703000002_telegram_multimedia.sql:37: NOTICE:  relation "idx_telegram_messages_media" already exists, skipping
═══ 20260703000003_receipt_items_tasa_validation.sql ═══
psql:/home/z/my-project/Costpro/supabase/migrations/20260703000003_receipt_items_tasa_validation.sql:75: NOTICE:  F-21 backfill: 0 filas reseteadas a CUP/1.0
═══ 20260703000004_exchange_rates_capture_method.sql ═══
psql:/home/z/my-project/Costpro/supabase/migrations/20260703000004_exchange_rates_capture_method.sql:21: NOTICE:  column "capture_method" of relation "exchange_rates" already exists, skipping
psql:/home/z/my-project/Costpro/supabase/migrations/20260703000004_exchange_rates_capture_method.sql:41: ERROR:  constraint "exchange_rates_capture_method_check" for relation "exchange_rates" already exists
psql:/home/z/my-project/Costpro/supabase/migrations/20260703000004_exchange_rates_capture_method.sql:46: NOTICE:  relation "idx_exchange_rates_capture_method" already exists, skipping
psql:/home/z/my-project/Costpro/supabase/migrations/20260703000004_exchange_rates_capture_method.sql:51: NOTICE:  relation "idx_exchange_rates_source_method_date" already exists, skipping
═══ 20260703000005_user_preferences.sql ═══
psql:/home/z/my-project/Costpro/supabase/migrations/20260703000005_user_preferences.sql:36: NOTICE:  relation "user_preferences" already exists, skipping
psql:/home/z/my-project/Costpro/supabase/migrations/20260703000005_user_preferences.sql:55: NOTICE:  relation "idx_user_preferences_user_id" already exists, skipping
psql:/home/z/my-project/Costpro/supabase/migrations/20260703000005_user_preferences.sql:67: NOTICE:  trigger "trg_user_preferences_set_updated_at" for relation "user_preferences" does not exist, skipping
═══ 20260704000001_storefront_config.sql ═══
psql:/home/z/my-project/Costpro/supabase/migrations/20260704000001_storefront_config.sql:31: NOTICE:  column "banner_url" of relation "stores" already exists, skipping
psql:/home/z/my-project/Costpro/supabase/migrations/20260704000001_storefront_config.sql:31: NOTICE:  column "store_tagline" of relation "stores" already exists, skipping
psql:/home/z/my-project/Costpro/supabase/migrations/20260704000001_storefront_config.sql:31: NOTICE:  column "whatsapp_group_url" of relation "stores" already exists, skipping
psql:/home/z/my-project/Costpro/supabase/migrations/20260704000001_storefront_config.sql:31: NOTICE:  column "telegram_url" of relation "stores" already exists, skipping
psql:/home/z/my-project/Costpro/supabase/migrations/20260704000001_storefront_config.sql:31: NOTICE:  column "services" of relation "stores" already exists, skipping
psql:/home/z/my-project/Costpro/supabase/migrations/20260704000001_storefront_config.sql:31: NOTICE:  column "promo_images" of relation "stores" already exists, skipping
psql:/home/z/my-project/Costpro/supabase/migrations/20260704000001_storefront_config.sql:31: NOTICE:  column "opening_hours" of relation "stores" already exists, skipping
psql:/home/z/my-project/Costpro/supabase/migrations/20260704000001_storefront_config.sql:44: NOTICE:  relation "idx_stores_has_banner" already exists, skipping
═══ 20260704000002_storefront_banner_cta.sql ═══
psql:/home/z/my-project/Costpro/supabase/migrations/20260704000002_storefront_banner_cta.sql:8: NOTICE:  column "banner_cta_text" of relation "stores" already exists, skipping
psql:/home/z/my-project/Costpro/supabase/migrations/20260704000002_storefront_banner_cta.sql:8: NOTICE:  column "banner_cta_link" of relation "stores" already exists, skipping
═══ 20260705000000_pick3_subscriptions.sql ═══
psql:/home/z/my-project/Costpro/supabase/migrations/20260705000000_pick3_subscriptions.sql:48: NOTICE:  relation "pick3_subscriptions" already exists, skipping
psql:/home/z/my-project/Costpro/supabase/migrations/20260705000000_pick3_subscriptions.sql:76: NOTICE:  relation "pick3_usage" already exists, skipping
psql:/home/z/my-project/Costpro/supabase/migrations/20260705000000_pick3_subscriptions.sql:82: NOTICE:  relation "idx_pick3_subscriptions_user_id" already exists, skipping
psql:/home/z/my-project/Costpro/supabase/migrations/20260705000000_pick3_subscriptions.sql:85: NOTICE:  relation "idx_pick3_subscriptions_status" already exists, skipping
psql:/home/z/my-project/Costpro/supabase/migrations/20260705000000_pick3_subscriptions.sql:88: NOTICE:  relation "idx_pick3_subscriptions_tier" already exists, skipping
psql:/home/z/my-project/Costpro/supabase/migrations/20260705000000_pick3_subscriptions.sql:91: NOTICE:  relation "idx_pick3_subscriptions_period_end" already exists, skipping
psql:/home/z/my-project/Costpro/supabase/migrations/20260705000000_pick3_subscriptions.sql:94: NOTICE:  relation "idx_pick3_usage_user_id" already exists, skipping
psql:/home/z/my-project/Costpro/supabase/migrations/20260705000000_pick3_subscriptions.sql:97: NOTICE:  relation "idx_pick3_usage_period" already exists, skipping
psql:/home/z/my-project/Costpro/supabase/migrations/20260705000000_pick3_subscriptions.sql:100: NOTICE:  relation "idx_pick3_usage_user_period" already exists, skipping
═══ 20260705000001_pick3_referrals.sql ═══
psql:/home/z/my-project/Costpro/supabase/migrations/20260705000001_pick3_referrals.sql:33: NOTICE:  relation "pick3_referrals" already exists, skipping
psql:/home/z/my-project/Costpro/supabase/migrations/20260705000001_pick3_referrals.sql:37: NOTICE:  relation "idx_pick3_referrals_referrer_user_id" already exists, skipping
psql:/home/z/my-project/Costpro/supabase/migrations/20260705000001_pick3_referrals.sql:39: NOTICE:  relation "idx_pick3_referrals_referral_code" already exists, skipping
psql:/home/z/my-project/Costpro/supabase/migrations/20260705000001_pick3_referrals.sql:41: NOTICE:  relation "idx_pick3_referrals_referred_user_id" already exists, skipping
psql:/home/z/my-project/Costpro/supabase/migrations/20260705000001_pick3_referrals.sql:43: NOTICE:  relation "idx_pick3_referrals_status" already exists, skipping
psql:/home/z/my-project/Costpro/supabase/migrations/20260705000001_pick3_referrals.sql:45: NOTICE:  relation "idx_pick3_referrals_expires_at" already exists, skipping
═══ 20260705000002_wallet_transfermovil.sql ═══
psql:/home/z/my-project/Costpro/supabase/migrations/20260705000002_wallet_transfermovil.sql:24: NOTICE:  relation "wallet_accounts" already exists, skipping
psql:/home/z/my-project/Costpro/supabase/migrations/20260705000002_wallet_transfermovil.sql:47: NOTICE:  relation "wallet_transactions" already exists, skipping
psql:/home/z/my-project/Costpro/supabase/migrations/20260705000002_wallet_transfermovil.sql:50: NOTICE:  relation "idx_wallet_accounts_user" already exists, skipping
psql:/home/z/my-project/Costpro/supabase/migrations/20260705000002_wallet_transfermovil.sql:51: NOTICE:  relation "idx_wallet_accounts_bank" already exists, skipping
psql:/home/z/my-project/Costpro/supabase/migrations/20260705000002_wallet_transfermovil.sql:52: NOTICE:  relation "idx_wallet_tx_user" already exists, skipping
psql:/home/z/my-project/Costpro/supabase/migrations/20260705000002_wallet_transfermovil.sql:53: NOTICE:  relation "idx_wallet_tx_date" already exists, skipping
psql:/home/z/my-project/Costpro/supabase/migrations/20260705000002_wallet_transfermovil.sql:54: NOTICE:  relation "idx_wallet_tx_bank" already exists, skipping
psql:/home/z/my-project/Costpro/supabase/migrations/20260705000002_wallet_transfermovil.sql:55: NOTICE:  relation "idx_wallet_tx_category" already exists, skipping
═══ 20260706000001_wallet_rls_hardening.sql ═══
psql:/home/z/my-project/Costpro/supabase/migrations/20260706000001_wallet_rls_hardening.sql:64: NOTICE:  relation "idx_profiles_id_role" already exists, skipping
═══ 20260707000001_add_zelle_to_create_sale.sql ═══
psql:/home/z/my-project/Costpro/supabase/migrations/20260707000001_add_zelle_to_create_sale.sql:11: NOTICE:  column "zelle_amount" of relation "transactions" already exists, skipping
psql:/home/z/my-project/Costpro/supabase/migrations/20260707000001_add_zelle_to_create_sale.sql:122: ERROR:  function name "public.create_sale" is not unique
HINT:  Specify the argument list to select the function unambiguously.
═══ 20260710000001_store_exchange_rates.sql ═══
psql:/home/z/my-project/Costpro/supabase/migrations/20260710000001_store_exchange_rates.sql:17: NOTICE:  relation "store_exchange_rates" already exists, skipping
psql:/home/z/my-project/Costpro/supabase/migrations/20260710000001_store_exchange_rates.sql:19: NOTICE:  relation "idx_store_rates_store" already exists, skipping
psql:/home/z/my-project/Costpro/supabase/migrations/20260710000001_store_exchange_rates.sql:27: ERROR:  policy "Users can view own store rates" for table "store_exchange_rates" already exists
psql:/home/z/my-project/Costpro/supabase/migrations/20260710000001_store_exchange_rates.sql:34: ERROR:  policy "Users can manage own store rates" for table "store_exchange_rates" already exists
═══ 20260712000001_payment_tracking.sql ═══
psql:/home/z/my-project/Costpro/supabase/migrations/20260712000001_payment_tracking.sql:17: NOTICE:  column "payment_status" of relation "receipts" already exists, skipping
psql:/home/z/my-project/Costpro/supabase/migrations/20260712000001_payment_tracking.sql:17: NOTICE:  column "payment_method" of relation "receipts" already exists, skipping
psql:/home/z/my-project/Costpro/supabase/migrations/20260712000001_payment_tracking.sql:17: NOTICE:  column "paid_amount" of relation "receipts" already exists, skipping
psql:/home/z/my-project/Costpro/supabase/migrations/20260712000001_payment_tracking.sql:17: NOTICE:  column "due_date" of relation "receipts" already exists, skipping
psql:/home/z/my-project/Costpro/supabase/migrations/20260712000001_payment_tracking.sql:17: NOTICE:  column "paid_at" of relation "receipts" already exists, skipping
psql:/home/z/my-project/Costpro/supabase/migrations/20260712000001_payment_tracking.sql:17: NOTICE:  column "payment_terms_days" of relation "receipts" already exists, skipping
psql:/home/z/my-project/Costpro/supabase/migrations/20260712000001_payment_tracking.sql:28: NOTICE:  column "payment_status" of relation "received_services" already exists, skipping
psql:/home/z/my-project/Costpro/supabase/migrations/20260712000001_payment_tracking.sql:28: NOTICE:  column "payment_method" of relation "received_services" already exists, skipping
psql:/home/z/my-project/Costpro/supabase/migrations/20260712000001_payment_tracking.sql:28: NOTICE:  column "paid_amount" of relation "received_services" already exists, skipping
psql:/home/z/my-project/Costpro/supabase/migrations/20260712000001_payment_tracking.sql:28: NOTICE:  column "due_date" of relation "received_services" already exists, skipping
psql:/home/z/my-project/Costpro/supabase/migrations/20260712000001_payment_tracking.sql:28: NOTICE:  column "paid_at" of relation "received_services" already exists, skipping
psql:/home/z/my-project/Costpro/supabase/migrations/20260712000001_payment_tracking.sql:28: NOTICE:  column "payment_terms_days" of relation "received_services" already exists, skipping
psql:/home/z/my-project/Costpro/supabase/migrations/20260712000001_payment_tracking.sql:50: NOTICE:  relation "payment_transactions" already exists, skipping
psql:/home/z/my-project/Costpro/supabase/migrations/20260712000001_payment_tracking.sql:52: NOTICE:  relation "idx_payment_txn_store" already exists, skipping
psql:/home/z/my-project/Costpro/supabase/migrations/20260712000001_payment_tracking.sql:53: NOTICE:  relation "idx_payment_txn_ref" already exists, skipping
psql:/home/z/my-project/Costpro/supabase/migrations/20260712000001_payment_tracking.sql:54: NOTICE:  relation "idx_payment_txn_date" already exists, skipping
psql:/home/z/my-project/Costpro/supabase/migrations/20260712000001_payment_tracking.sql:55: NOTICE:  relation "idx_payment_txn_method" already exists, skipping
═══ 20260712000001_store_reset_snapshots.sql ═══
psql:/home/z/my-project/Costpro/supabase/migrations/20260712000001_store_reset_snapshots.sql:40: NOTICE:  relation "store_reset_snapshots" already exists, skipping
psql:/home/z/my-project/Costpro/supabase/migrations/20260712000001_store_reset_snapshots.sql:44: NOTICE:  relation "idx_store_reset_snapshots_store_id" already exists, skipping
psql:/home/z/my-project/Costpro/supabase/migrations/20260712000001_store_reset_snapshots.sql:47: ERROR:  functions in index predicate must be marked IMMUTABLE
psql:/home/z/my-project/Costpro/supabase/migrations/20260712000001_store_reset_snapshots.sql:50: ERROR:  current transaction is aborted, commands ignored until end of transaction block
psql:/home/z/my-project/Costpro/supabase/migrations/20260712000001_store_reset_snapshots.sql:52: ERROR:  current transaction is aborted, commands ignored until end of transaction block
psql:/home/z/my-project/Costpro/supabase/migrations/20260712000001_store_reset_snapshots.sql:55: ERROR:  current transaction is aborted, commands ignored until end of transaction block
psql:/home/z/my-project/Costpro/supabase/migrations/20260712000001_store_reset_snapshots.sql:58: ERROR:  current transaction is aborted, commands ignored until end of transaction block
psql:/home/z/my-project/Costpro/supabase/migrations/20260712000001_store_reset_snapshots.sql:61: ERROR:  current transaction is aborted, commands ignored until end of transaction block
psql:/home/z/my-project/Costpro/supabase/migrations/20260712000001_store_reset_snapshots.sql:64: ERROR:  current transaction is aborted, commands ignored until end of transaction block
psql:/home/z/my-project/Costpro/supabase/migrations/20260712000001_store_reset_snapshots.sql:67: ERROR:  current transaction is aborted, commands ignored until end of transaction block
psql:/home/z/my-project/Costpro/supabase/migrations/20260712000001_store_reset_snapshots.sql:70: ERROR:  current transaction is aborted, commands ignored until end of transaction block
psql:/home/z/my-project/Costpro/supabase/migrations/20260712000001_store_reset_snapshots.sql:73: ERROR:  current transaction is aborted, commands ignored until end of transaction block
psql:/home/z/my-project/Costpro/supabase/migrations/20260712000001_store_reset_snapshots.sql:77: ERROR:  current transaction is aborted, commands ignored until end of transaction block
═══ 20260712000002_commission_payment_tracking.sql ═══
psql:/home/z/my-project/Costpro/supabase/migrations/20260712000002_commission_payment_tracking.sql:14: NOTICE:  column "payment_method" of relation "commission_payments" already exists, skipping
psql:/home/z/my-project/Costpro/supabase/migrations/20260712000002_commission_payment_tracking.sql:14: NOTICE:  column "currency" of relation "commission_payments" already exists, skipping
psql:/home/z/my-project/Costpro/supabase/migrations/20260712000002_commission_payment_tracking.sql:14: NOTICE:  column "exchange_rate" of relation "commission_payments" already exists, skipping
psql:/home/z/my-project/Costpro/supabase/migrations/20260712000002_commission_payment_tracking.sql:14: NOTICE:  column "amount_cup" of relation "commission_payments" already exists, skipping
═══ 20260712000003_fix_cash_report_rls_security.sql ═══
psql:/home/z/my-project/Costpro/supabase/migrations/20260712000003_fix_cash_report_rls_security.sql:138: ERROR:  policy "payment_transactions_select_own_store" for table "payment_transactions" already exists
psql:/home/z/my-project/Costpro/supabase/migrations/20260712000003_fix_cash_report_rls_security.sql:146: ERROR:  policy "payment_transactions_insert_own_store" for table "payment_transactions" already exists
psql:/home/z/my-project/Costpro/supabase/migrations/20260712000003_fix_cash_report_rls_security.sql:154: ERROR:  policy "payment_transactions_delete_own_store" for table "payment_transactions" already exists
═══ 20260712000004_production_orders.sql ═══
psql:/home/z/my-project/Costpro/supabase/migrations/20260712000004_production_orders.sql:46: NOTICE:  relation "production_orders" already exists, skipping
psql:/home/z/my-project/Costpro/supabase/migrations/20260712000004_production_orders.sql:48: NOTICE:  relation "idx_production_orders_number" already exists, skipping
psql:/home/z/my-project/Costpro/supabase/migrations/20260712000004_production_orders.sql:49: NOTICE:  relation "idx_production_orders_store" already exists, skipping
psql:/home/z/my-project/Costpro/supabase/migrations/20260712000004_production_orders.sql:50: NOTICE:  relation "idx_production_orders_status" already exists, skipping
psql:/home/z/my-project/Costpro/supabase/migrations/20260712000004_production_orders.sql:51: NOTICE:  relation "idx_production_orders_type" already exists, skipping
psql:/home/z/my-project/Costpro/supabase/migrations/20260712000004_production_orders.sql:71: NOTICE:  relation "production_order_items" already exists, skipping
psql:/home/z/my-project/Costpro/supabase/migrations/20260712000004_production_orders.sql:73: NOTICE:  relation "idx_prod_items_order" already exists, skipping
psql:/home/z/my-project/Costpro/supabase/migrations/20260712000004_production_orders.sql:74: NOTICE:  relation "idx_prod_items_product" already exists, skipping
═══ 20260712000005_fix_production_orders_critical.sql ═══
psql:/home/z/my-project/Costpro/supabase/migrations/20260712000005_fix_production_orders_critical.sql:238: NOTICE:  column "transaction_id" of relation "production_orders" already exists, skipping
═══ 20260712000006_fix_e2e_100_percent.sql ═══
psql:/home/z/my-project/Costpro/supabase/migrations/20260712000006_fix_e2e_100_percent.sql:14: ERROR:  policy "received_services_insert_auth" for table "received_services" already exists
psql:/home/z/my-project/Costpro/supabase/migrations/20260712000006_fix_e2e_100_percent.sql:21: ERROR:  policy "received_services_update_auth" for table "received_services" already exists
psql:/home/z/my-project/Costpro/supabase/migrations/20260712000006_fix_e2e_100_percent.sql:28: ERROR:  policy "received_services_delete_auth" for table "received_services" already exists
psql:/home/z/my-project/Costpro/supabase/migrations/20260712000006_fix_e2e_100_percent.sql:32: NOTICE:  column "paid_at" of relation "production_orders" already exists, skipping
psql:/home/z/my-project/Costpro/supabase/migrations/20260712000006_fix_e2e_100_percent.sql:33: NOTICE:  column "payment_method" of relation "production_orders" already exists, skipping
═══ 20260713000001_rss_mipymes_expansion.sql ═══
psql:/home/z/my-project/Costpro/supabase/migrations/20260713000001_rss_mipymes_expansion.sql:20: NOTICE:  column "category" of relation "rss_feeds" already exists, skipping
psql:/home/z/my-project/Costpro/supabase/migrations/20260713000001_rss_mipymes_expansion.sql:29: NOTICE:  relation "idx_rss_feeds_category_active" already exists, skipping
═══ 20260713000002_accounts_payable_indexes.sql ═══
psql:/home/z/my-project/Costpro/supabase/migrations/20260713000002_accounts_payable_indexes.sql:17: NOTICE:  relation "idx_receipts_store_status_due_date" already exists, skipping
psql:/home/z/my-project/Costpro/supabase/migrations/20260713000002_accounts_payable_indexes.sql:22: NOTICE:  relation "idx_received_services_store_status_due_date" already exists, skipping
psql:/home/z/my-project/Costpro/supabase/migrations/20260713000002_accounts_payable_indexes.sql:28: NOTICE:  relation "idx_receipts_store_payment_status" already exists, skipping
psql:/home/z/my-project/Costpro/supabase/migrations/20260713000002_accounts_payable_indexes.sql:32: NOTICE:  relation "idx_received_services_store_payment_status" already exists, skipping
psql:/home/z/my-project/Costpro/supabase/migrations/20260713000002_accounts_payable_indexes.sql:38: NOTICE:  relation "idx_commission_payments_store_status" already exists, skipping
psql:/home/z/my-project/Costpro/supabase/migrations/20260713000002_accounts_payable_indexes.sql:44: NOTICE:  relation "idx_payment_txn_store_ref_date" already exists, skipping
═══ 20260713000002_rss_spanish_cuba_focus.sql ═══
psql:/home/z/my-project/Costpro/supabase/migrations/20260713000002_rss_spanish_cuba_focus.sql:57: ERROR:  INSERT has more target columns than expressions
LINE 1: ...SERT INTO public.rss_feeds (name, url, is_active, category) ...
                                                             ^
═══ 20260713000003_register_payment_idempotency_overpay.sql ═══
psql:/home/z/my-project/Costpro/supabase/migrations/20260713000003_register_payment_idempotency_overpay.sql:15: NOTICE:  column "idempotency_key" of relation "payment_transactions" already exists, skipping
psql:/home/z/my-project/Costpro/supabase/migrations/20260713000003_register_payment_idempotency_overpay.sql:20: NOTICE:  relation "idx_payment_txn_idempotency" already exists, skipping
psql:/home/z/my-project/Costpro/supabase/migrations/20260713000003_register_payment_idempotency_overpay.sql:26: NOTICE:  relation "uniq_payment_txn_idempotency" already exists, skipping
═══ 20260713000004_commission_payments_due_date.sql ═══
psql:/home/z/my-project/Costpro/supabase/migrations/20260713000004_commission_payments_due_date.sql:19: NOTICE:  column "due_date" of relation "commission_payments" already exists, skipping
psql:/home/z/my-project/Costpro/supabase/migrations/20260713000004_commission_payments_due_date.sql:30: NOTICE:  column "payment_method" of relation "commission_payments" already exists, skipping
psql:/home/z/my-project/Costpro/supabase/migrations/20260713000004_commission_payments_due_date.sql:35: NOTICE:  column "payment_reference" of relation "commission_payments" already exists, skipping
psql:/home/z/my-project/Costpro/supabase/migrations/20260713000004_commission_payments_due_date.sql:60: NOTICE:  relation "idx_commission_payments_store_status_due_date" already exists, skipping
═══ 20260714000001_commission_no_overlap_constraint.sql ═══
psql:/home/z/my-project/Costpro/supabase/migrations/20260714000001_commission_no_overlap_constraint.sql:12: NOTICE:  extension "btree_gist" already exists, skipping
psql:/home/z/my-project/Costpro/supabase/migrations/20260714000001_commission_no_overlap_constraint.sql:21: ERROR:  relation "no_overlapping_periods" already exists
═══ 20260715000001_commission_advanced_rules.sql ═══
psql:/home/z/my-project/Costpro/supabase/migrations/20260715000001_commission_advanced_rules.sql:25: NOTICE:  column "min_price" of relation "commission_rules" already exists, skipping
psql:/home/z/my-project/Costpro/supabase/migrations/20260715000001_commission_advanced_rules.sql:25: NOTICE:  column "max_price" of relation "commission_rules" already exists, skipping
psql:/home/z/my-project/Costpro/supabase/migrations/20260715000001_commission_advanced_rules.sql:25: NOTICE:  column "product_commission_amount" of relation "commission_rules" already exists, skipping
psql:/home/z/my-project/Costpro/supabase/migrations/20260715000001_commission_advanced_rules.sql:67: NOTICE:  relation "commission_rule_products" already exists, skipping
psql:/home/z/my-project/Costpro/supabase/migrations/20260715000001_commission_advanced_rules.sql:70: NOTICE:  relation "idx_commission_rule_products_rule" already exists, skipping
psql:/home/z/my-project/Costpro/supabase/migrations/20260715000001_commission_advanced_rules.sql:72: NOTICE:  relation "idx_commission_rule_products_product" already exists, skipping
psql:/home/z/my-project/Costpro/supabase/migrations/20260715000001_commission_advanced_rules.sql:88: ERROR:  policy "commission_rule_products_select" for table "commission_rule_products" already exists
psql:/home/z/my-project/Costpro/supabase/migrations/20260715000001_commission_advanced_rules.sql:103: ERROR:  policy "commission_rule_products_insert" for table "commission_rule_products" already exists
psql:/home/z/my-project/Costpro/supabase/migrations/20260715000001_commission_advanced_rules.sql:117: ERROR:  policy "commission_rule_products_delete" for table "commission_rule_products" already exists
psql:/home/z/my-project/Costpro/supabase/migrations/20260715000001_commission_advanced_rules.sql:120: ERROR:  policy "commission_rule_products_service_role_all" for table "commission_rule_products" already exists
═══ 20260715000003_storage_banner_policies.sql ═══
psql:/home/z/my-project/Costpro/supabase/migrations/20260715000003_storage_banner_policies.sql:16: NOTICE:  relation "storage.objects" does not exist, skipping
psql:/home/z/my-project/Costpro/supabase/migrations/20260715000003_storage_banner_policies.sql:27: ERROR:  relation "storage.objects" does not exist
psql:/home/z/my-project/Costpro/supabase/migrations/20260715000003_storage_banner_policies.sql:31: NOTICE:  relation "storage.objects" does not exist, skipping
psql:/home/z/my-project/Costpro/supabase/migrations/20260715000003_storage_banner_policies.sql:37: ERROR:  relation "storage.objects" does not exist
psql:/home/z/my-project/Costpro/supabase/migrations/20260715000003_storage_banner_policies.sql:40: NOTICE:  relation "storage.objects" does not exist, skipping
psql:/home/z/my-project/Costpro/supabase/migrations/20260715000003_storage_banner_policies.sql:60: ERROR:  relation "storage.objects" does not exist
psql:/home/z/my-project/Costpro/supabase/migrations/20260715000003_storage_banner_policies.sql:63: NOTICE:  relation "storage.objects" does not exist, skipping
psql:/home/z/my-project/Costpro/supabase/migrations/20260715000003_storage_banner_policies.sql:74: ERROR:  relation "storage.objects" does not exist
psql:/home/z/my-project/Costpro/supabase/migrations/20260715000003_storage_banner_policies.sql:80: ERROR:  relation "storage.objects" does not exist
LINE 3:         WHERE polrelid = 'storage.objects'::regclass
                                 ^
═══ 20260715000008_commission_rule_products_per_product_config.sql ═══
psql:/home/z/my-project/Costpro/supabase/migrations/20260715000008_commission_rule_products_per_product_config.sql:40: NOTICE:  column "commission_amount" of relation "commission_rule_products" already exists, skipping
psql:/home/z/my-project/Costpro/supabase/migrations/20260715000008_commission_rule_products_per_product_config.sql:40: NOTICE:  column "commission_mode" of relation "commission_rule_products" already exists, skipping
psql:/home/z/my-project/Costpro/supabase/migrations/20260715000008_commission_rule_products_per_product_config.sql:59: NOTICE:  relation "idx_commission_rule_products_mode" already exists, skipping
psql:/home/z/my-project/Costpro/supabase/migrations/20260715000008_commission_rule_products_per_product_config.sql:92: NOTICE:  column "updated_at" of relation "commission_rule_products" already exists, skipping
═══ 20260715000010_commission_rules_add_product_mode.sql ═══
psql:/home/z/my-project/Costpro/supabase/migrations/20260715000010_commission_rules_add_product_mode.sql:17: NOTICE:  column "product_commission_mode" of relation "commission_rules" already exists, skipping
psql:/home/z/my-project/Costpro/supabase/migrations/20260715000010_commission_rules_add_product_mode.sql:33: NOTICE:  relation "idx_commission_rules_product_mode" already exists, skipping
═══ 20260715000012_validate_production_order_transitions.sql ═══
psql:/home/z/my-project/Costpro/supabase/migrations/20260715000012_validate_production_order_transitions.sql:62: NOTICE:  trigger "trigger_validate_production_order_status" for relation "public.production_orders" does not exist, skipping
═══ 20260715000015_rss_gaceta_special.sql ═══
psql:/home/z/my-project/Costpro/supabase/migrations/20260715000015_rss_gaceta_special.sql:10: NOTICE:  column "is_special" of relation "rss_feeds" already exists, skipping
═══ 20260719000001_fix_double_stock_update_production_orders.sql ═══
psql:/home/z/my-project/Costpro/supabase/migrations/20260719000001_fix_double_stock_update_production_orders.sql:159: ERROR:  function name "withdraw_production_item" is not unique
HINT:  Specify the argument list to select the function unambiguously.
psql:/home/z/my-project/Costpro/supabase/migrations/20260719000001_fix_double_stock_update_production_orders.sql:160: ERROR:  function name "receive_production_output" is not unique
HINT:  Specify the argument list to select the function unambiguously.
═══ 20260719000002_fix_double_stock_update_production_orders_v2.sql ═══
psql:/home/z/my-project/Costpro/supabase/migrations/20260719000002_fix_double_stock_update_production_orders_v2.sql:130: ERROR:  function name "withdraw_production_item" is not unique
HINT:  Specify the argument list to select the function unambiguously.
psql:/home/z/my-project/Costpro/supabase/migrations/20260719000002_fix_double_stock_update_production_orders_v2.sql:131: ERROR:  function name "receive_production_output" is not unique
HINT:  Specify the argument list to select the function unambiguously.
═══ 20260719000003_fix_double_stock_update_production_orders_v3.sql ═══
psql:/home/z/my-project/Costpro/supabase/migrations/20260719000003_fix_double_stock_update_production_orders_v3.sql:131: ERROR:  function name "withdraw_production_item" is not unique
HINT:  Specify the argument list to select the function unambiguously.
psql:/home/z/my-project/Costpro/supabase/migrations/20260719000003_fix_double_stock_update_production_orders_v3.sql:132: ERROR:  function name "receive_production_output" is not unique
HINT:  Specify the argument list to select the function unambiguously.
═══ 20260725000001_fix_reset_store_data_and_snapshots.sql ═══
psql:/home/z/my-project/Costpro/supabase/migrations/20260725000001_fix_reset_store_data_and_snapshots.sql:41: NOTICE:  relation "store_reset_snapshots" already exists, skipping
psql:/home/z/my-project/Costpro/supabase/migrations/20260725000001_fix_reset_store_data_and_snapshots.sql:44: NOTICE:  relation "idx_store_reset_snapshots_store_id" already exists, skipping
psql:/home/z/my-project/Costpro/supabase/migrations/20260725000001_fix_reset_store_data_and_snapshots.sql:55: ERROR:  policy "store_reset_snapshots_admin_all" for table "store_reset_snapshots" already exists
psql:/home/z/my-project/Costpro/supabase/migrations/20260725000001_fix_reset_store_data_and_snapshots.sql:177: ERROR:  cannot change name of input parameter "p_store_id"
HINT:  Use DROP FUNCTION reset_store_data(uuid,boolean) first.
═══ 20260726000001_v1_1_stabilization.sql ═══
psql:/home/z/my-project/Costpro/supabase/migrations/20260726000001_v1_1_stabilization.sql:157: NOTICE:  relation "idx_transactions_store_created" already exists, skipping
psql:/home/z/my-project/Costpro/supabase/migrations/20260726000001_v1_1_stabilization.sql:158: NOTICE:  relation "idx_stock_movements_store_created" already exists, skipping
psql:/home/z/my-project/Costpro/supabase/migrations/20260726000001_v1_1_stabilization.sql:159: NOTICE:  relation "idx_receipts_store_created" already exists, skipping
psql:/home/z/my-project/Costpro/supabase/migrations/20260726000001_v1_1_stabilization.sql:160: NOTICE:  relation "idx_cash_closures_store_created" already exists, skipping
psql:/home/z/my-project/Costpro/supabase/migrations/20260726000001_v1_1_stabilization.sql:161: NOTICE:  relation "idx_production_orders_store_created" already exists, skipping
psql:/home/z/my-project/Costpro/supabase/migrations/20260726000001_v1_1_stabilization.sql:162: NOTICE:  relation "idx_commission_payments_store_paid" already exists, skipping
psql:/home/z/my-project/Costpro/supabase/migrations/20260726000001_v1_1_stabilization.sql:163: NOTICE:  relation "idx_inventory_adjustments_store_created" already exists, skipping
psql:/home/z/my-project/Costpro/supabase/migrations/20260726000001_v1_1_stabilization.sql:164: NOTICE:  relation "idx_sales_transactions_store_date" already exists, skipping
psql:/home/z/my-project/Costpro/supabase/migrations/20260726000001_v1_1_stabilization.sql:165: NOTICE:  relation "idx_audit_logs_store_created" already exists, skipping
psql:/home/z/my-project/Costpro/supabase/migrations/20260726000001_v1_1_stabilization.sql:168: NOTICE:  relation "idx_transfers_origin_created" already exists, skipping
psql:/home/z/my-project/Costpro/supabase/migrations/20260726000001_v1_1_stabilization.sql:169: NOTICE:  relation "idx_transfers_dest_created" already exists, skipping
psql:/home/z/my-project/Costpro/supabase/migrations/20260726000001_v1_1_stabilization.sql:178: ERROR:  function name "public.create_sale" is not unique
HINT:  Specify the argument list to select the function unambiguously.
psql:/home/z/my-project/Costpro/supabase/migrations/20260726000001_v1_1_stabilization.sql:291: ERROR:  function name "public.create_sale" is not unique
HINT:  Specify the argument list to select the function unambiguously.
psql:/home/z/my-project/Costpro/supabase/migrations/20260726000001_v1_1_stabilization.sql:292: ERROR:  function name "public.create_sale" is not unique
HINT:  Specify the argument list to select the function unambiguously.
═══ 20260726000002_v1_2_devolutions_customers_quotations_kardex_fiscal.sql ═══
psql:/home/z/my-project/Costpro/supabase/migrations/20260726000002_v1_2_devolutions_customers_quotations_kardex_fiscal.sql:25: NOTICE:  relation "customers" already exists, skipping
psql:/home/z/my-project/Costpro/supabase/migrations/20260726000002_v1_2_devolutions_customers_quotations_kardex_fiscal.sql:27: NOTICE:  relation "idx_customers_store" already exists, skipping
psql:/home/z/my-project/Costpro/supabase/migrations/20260726000002_v1_2_devolutions_customers_quotations_kardex_fiscal.sql:28: NOTICE:  relation "idx_customers_store_name" already exists, skipping
psql:/home/z/my-project/Costpro/supabase/migrations/20260726000002_v1_2_devolutions_customers_quotations_kardex_fiscal.sql:53: NOTICE:  relation "devolutions" already exists, skipping
psql:/home/z/my-project/Costpro/supabase/migrations/20260726000002_v1_2_devolutions_customers_quotations_kardex_fiscal.sql:55: NOTICE:  relation "idx_devolutions_number" already exists, skipping
psql:/home/z/my-project/Costpro/supabase/migrations/20260726000002_v1_2_devolutions_customers_quotations_kardex_fiscal.sql:56: NOTICE:  relation "idx_devolutions_store_date" already exists, skipping
psql:/home/z/my-project/Costpro/supabase/migrations/20260726000002_v1_2_devolutions_customers_quotations_kardex_fiscal.sql:57: NOTICE:  relation "idx_devolutions_transaction" already exists, skipping
psql:/home/z/my-project/Costpro/supabase/migrations/20260726000002_v1_2_devolutions_customers_quotations_kardex_fiscal.sql:68: NOTICE:  relation "devolution_items" already exists, skipping
psql:/home/z/my-project/Costpro/supabase/migrations/20260726000002_v1_2_devolutions_customers_quotations_kardex_fiscal.sql:70: NOTICE:  relation "idx_devolution_items_dev" already exists, skipping
psql:/home/z/my-project/Costpro/supabase/migrations/20260726000002_v1_2_devolutions_customers_quotations_kardex_fiscal.sql:71: NOTICE:  relation "idx_devolution_items_prod" already exists, skipping
psql:/home/z/my-project/Costpro/supabase/migrations/20260726000002_v1_2_devolutions_customers_quotations_kardex_fiscal.sql:95: NOTICE:  relation "quotations" already exists, skipping
psql:/home/z/my-project/Costpro/supabase/migrations/20260726000002_v1_2_devolutions_customers_quotations_kardex_fiscal.sql:97: NOTICE:  relation "idx_quotations_number" already exists, skipping
psql:/home/z/my-project/Costpro/supabase/migrations/20260726000002_v1_2_devolutions_customers_quotations_kardex_fiscal.sql:98: NOTICE:  relation "idx_quotations_store_date" already exists, skipping
psql:/home/z/my-project/Costpro/supabase/migrations/20260726000002_v1_2_devolutions_customers_quotations_kardex_fiscal.sql:99: NOTICE:  relation "idx_quotations_status" already exists, skipping
psql:/home/z/my-project/Costpro/supabase/migrations/20260726000002_v1_2_devolutions_customers_quotations_kardex_fiscal.sql:112: NOTICE:  relation "quotation_items" already exists, skipping
psql:/home/z/my-project/Costpro/supabase/migrations/20260726000002_v1_2_devolutions_customers_quotations_kardex_fiscal.sql:114: NOTICE:  relation "idx_quotation_items_quote" already exists, skipping
psql:/home/z/my-project/Costpro/supabase/migrations/20260726000002_v1_2_devolutions_customers_quotations_kardex_fiscal.sql:135: NOTICE:  relation "kardex_entries" already exists, skipping
psql:/home/z/my-project/Costpro/supabase/migrations/20260726000002_v1_2_devolutions_customers_quotations_kardex_fiscal.sql:137: NOTICE:  relation "idx_kardex_store_product_date" already exists, skipping
psql:/home/z/my-project/Costpro/supabase/migrations/20260726000002_v1_2_devolutions_customers_quotations_kardex_fiscal.sql:138: NOTICE:  relation "idx_kardex_store_date" already exists, skipping
psql:/home/z/my-project/Costpro/supabase/migrations/20260726000002_v1_2_devolutions_customers_quotations_kardex_fiscal.sql:162: NOTICE:  relation "fiscal_closings" already exists, skipping
psql:/home/z/my-project/Costpro/supabase/migrations/20260726000002_v1_2_devolutions_customers_quotations_kardex_fiscal.sql:164: NOTICE:  relation "idx_fiscal_closings_store_period" already exists, skipping
psql:/home/z/my-project/Costpro/supabase/migrations/20260726000002_v1_2_devolutions_customers_quotations_kardex_fiscal.sql:173: ERROR:  policy "customers_select_own_store" for table "customers" already exists
psql:/home/z/my-project/Costpro/supabase/migrations/20260726000002_v1_2_devolutions_customers_quotations_kardex_fiscal.sql:175: ERROR:  policy "customers_insert_own_store" for table "customers" already exists
psql:/home/z/my-project/Costpro/supabase/migrations/20260726000002_v1_2_devolutions_customers_quotations_kardex_fiscal.sql:177: ERROR:  policy "customers_update_own_store" for table "customers" already exists
psql:/home/z/my-project/Costpro/supabase/migrations/20260726000002_v1_2_devolutions_customers_quotations_kardex_fiscal.sql:179: ERROR:  policy "customers_delete_own_store" for table "customers" already exists
psql:/home/z/my-project/Costpro/supabase/migrations/20260726000002_v1_2_devolutions_customers_quotations_kardex_fiscal.sql:184: ERROR:  policy "devolutions_select_own_store" for table "devolutions" already exists
psql:/home/z/my-project/Costpro/supabase/migrations/20260726000002_v1_2_devolutions_customers_quotations_kardex_fiscal.sql:186: ERROR:  policy "devolutions_insert_own_store" for table "devolutions" already exists
psql:/home/z/my-project/Costpro/supabase/migrations/20260726000002_v1_2_devolutions_customers_quotations_kardex_fiscal.sql:188: ERROR:  policy "devolutions_update_own_store" for table "devolutions" already exists
psql:/home/z/my-project/Costpro/supabase/migrations/20260726000002_v1_2_devolutions_customers_quotations_kardex_fiscal.sql:193: ERROR:  policy "devolution_items_select" for table "devolution_items" already exists
psql:/home/z/my-project/Costpro/supabase/migrations/20260726000002_v1_2_devolutions_customers_quotations_kardex_fiscal.sql:195: ERROR:  policy "devolution_items_insert" for table "devolution_items" already exists
psql:/home/z/my-project/Costpro/supabase/migrations/20260726000002_v1_2_devolutions_customers_quotations_kardex_fiscal.sql:200: ERROR:  policy "quotations_select_own_store" for table "quotations" already exists
psql:/home/z/my-project/Costpro/supabase/migrations/20260726000002_v1_2_devolutions_customers_quotations_kardex_fiscal.sql:202: ERROR:  policy "quotations_insert_own_store" for table "quotations" already exists
psql:/home/z/my-project/Costpro/supabase/migrations/20260726000002_v1_2_devolutions_customers_quotations_kardex_fiscal.sql:204: ERROR:  policy "quotations_update_own_store" for table "quotations" already exists
psql:/home/z/my-project/Costpro/supabase/migrations/20260726000002_v1_2_devolutions_customers_quotations_kardex_fiscal.sql:206: ERROR:  policy "quotations_delete_own_store" for table "quotations" already exists
psql:/home/z/my-project/Costpro/supabase/migrations/20260726000002_v1_2_devolutions_customers_quotations_kardex_fiscal.sql:211: ERROR:  policy "quotation_items_select" for table "quotation_items" already exists
psql:/home/z/my-project/Costpro/supabase/migrations/20260726000002_v1_2_devolutions_customers_quotations_kardex_fiscal.sql:213: ERROR:  policy "quotation_items_insert" for table "quotation_items" already exists
psql:/home/z/my-project/Costpro/supabase/migrations/20260726000002_v1_2_devolutions_customers_quotations_kardex_fiscal.sql:218: ERROR:  policy "kardex_select_own_store" for table "kardex_entries" already exists
psql:/home/z/my-project/Costpro/supabase/migrations/20260726000002_v1_2_devolutions_customers_quotations_kardex_fiscal.sql:220: ERROR:  policy "kardex_insert_own_store" for table "kardex_entries" already exists
psql:/home/z/my-project/Costpro/supabase/migrations/20260726000002_v1_2_devolutions_customers_quotations_kardex_fiscal.sql:225: ERROR:  policy "fiscal_closings_select" for table "fiscal_closings" already exists
psql:/home/z/my-project/Costpro/supabase/migrations/20260726000002_v1_2_devolutions_customers_quotations_kardex_fiscal.sql:227: ERROR:  policy "fiscal_closings_insert" for table "fiscal_closings" already exists
psql:/home/z/my-project/Costpro/supabase/migrations/20260726000002_v1_2_devolutions_customers_quotations_kardex_fiscal.sql:229: ERROR:  policy "fiscal_closings_update" for table "fiscal_closings" already exists
psql:/home/z/my-project/Costpro/supabase/migrations/20260726000002_v1_2_devolutions_customers_quotations_kardex_fiscal.sql:333: ERROR:  function name "public.create_devolution" is not unique
HINT:  Specify the argument list to select the function unambiguously.
psql:/home/z/my-project/Costpro/supabase/migrations/20260726000002_v1_2_devolutions_customers_quotations_kardex_fiscal.sql:334: ERROR:  function name "public.create_devolution" is not unique
HINT:  Specify the argument list to select the function unambiguously.
psql:/home/z/my-project/Costpro/supabase/migrations/20260726000002_v1_2_devolutions_customers_quotations_kardex_fiscal.sql:407: ERROR:  function name "public.create_quotation" is not unique
HINT:  Specify the argument list to select the function unambiguously.
psql:/home/z/my-project/Costpro/supabase/migrations/20260726000002_v1_2_devolutions_customers_quotations_kardex_fiscal.sql:408: ERROR:  function name "public.create_quotation" is not unique
HINT:  Specify the argument list to select the function unambiguously.
psql:/home/z/my-project/Costpro/supabase/migrations/20260726000002_v1_2_devolutions_customers_quotations_kardex_fiscal.sql:491: ERROR:  function name "public.close_fiscal_period" is not unique
HINT:  Specify the argument list to select the function unambiguously.
psql:/home/z/my-project/Costpro/supabase/migrations/20260726000002_v1_2_devolutions_customers_quotations_kardex_fiscal.sql:492: ERROR:  function name "public.close_fiscal_period" is not unique
HINT:  Specify the argument list to select the function unambiguously.
═══ 20260726000003_v2_0_lots_warehouses_abc_reconciliation.sql ═══
psql:/home/z/my-project/Costpro/supabase/migrations/20260726000003_v2_0_lots_warehouses_abc_reconciliation.sql:26: NOTICE:  relation "product_lots" already exists, skipping
psql:/home/z/my-project/Costpro/supabase/migrations/20260726000003_v2_0_lots_warehouses_abc_reconciliation.sql:28: NOTICE:  relation "idx_lots_store_product" already exists, skipping
psql:/home/z/my-project/Costpro/supabase/migrations/20260726000003_v2_0_lots_warehouses_abc_reconciliation.sql:29: NOTICE:  relation "idx_lots_expiration" already exists, skipping
psql:/home/z/my-project/Costpro/supabase/migrations/20260726000003_v2_0_lots_warehouses_abc_reconciliation.sql:30: NOTICE:  relation "idx_lots_store_product_lot" already exists, skipping
psql:/home/z/my-project/Costpro/supabase/migrations/20260726000003_v2_0_lots_warehouses_abc_reconciliation.sql:39: NOTICE:  relation "transaction_item_lots" already exists, skipping
psql:/home/z/my-project/Costpro/supabase/migrations/20260726000003_v2_0_lots_warehouses_abc_reconciliation.sql:41: NOTICE:  relation "idx_tx_item_lots_tx" already exists, skipping
psql:/home/z/my-project/Costpro/supabase/migrations/20260726000003_v2_0_lots_warehouses_abc_reconciliation.sql:42: NOTICE:  relation "idx_tx_item_lots_lot" already exists, skipping
psql:/home/z/my-project/Costpro/supabase/migrations/20260726000003_v2_0_lots_warehouses_abc_reconciliation.sql:57: NOTICE:  relation "warehouses" already exists, skipping
psql:/home/z/my-project/Costpro/supabase/migrations/20260726000003_v2_0_lots_warehouses_abc_reconciliation.sql:59: NOTICE:  relation "idx_warehouses_store" already exists, skipping
psql:/home/z/my-project/Costpro/supabase/migrations/20260726000003_v2_0_lots_warehouses_abc_reconciliation.sql:60: NOTICE:  relation "idx_warehouses_store_name" already exists, skipping
psql:/home/z/my-project/Costpro/supabase/migrations/20260726000003_v2_0_lots_warehouses_abc_reconciliation.sql:76: NOTICE:  relation "warehouse_stock" already exists, skipping
psql:/home/z/my-project/Costpro/supabase/migrations/20260726000003_v2_0_lots_warehouses_abc_reconciliation.sql:78: NOTICE:  relation "idx_wh_stock_store_product" already exists, skipping
psql:/home/z/my-project/Costpro/supabase/migrations/20260726000003_v2_0_lots_warehouses_abc_reconciliation.sql:79: NOTICE:  relation "idx_wh_stock_warehouse" already exists, skipping
psql:/home/z/my-project/Costpro/supabase/migrations/20260726000003_v2_0_lots_warehouses_abc_reconciliation.sql:80: NOTICE:  relation "idx_wh_stock_low" already exists, skipping
psql:/home/z/my-project/Costpro/supabase/migrations/20260726000003_v2_0_lots_warehouses_abc_reconciliation.sql:98: NOTICE:  relation "abc_classifications" already exists, skipping
psql:/home/z/my-project/Costpro/supabase/migrations/20260726000003_v2_0_lots_warehouses_abc_reconciliation.sql:100: NOTICE:  relation "idx_abc_store_period" already exists, skipping
psql:/home/z/my-project/Costpro/supabase/migrations/20260726000003_v2_0_lots_warehouses_abc_reconciliation.sql:101: NOTICE:  relation "idx_abc_store_class" already exists, skipping
psql:/home/z/my-project/Costpro/supabase/migrations/20260726000003_v2_0_lots_warehouses_abc_reconciliation.sql:121: NOTICE:  relation "bank_statements" already exists, skipping
psql:/home/z/my-project/Costpro/supabase/migrations/20260726000003_v2_0_lots_warehouses_abc_reconciliation.sql:123: NOTICE:  relation "idx_bank_stmt_store_date" already exists, skipping
psql:/home/z/my-project/Costpro/supabase/migrations/20260726000003_v2_0_lots_warehouses_abc_reconciliation.sql:138: NOTICE:  relation "bank_statement_items" already exists, skipping
psql:/home/z/my-project/Costpro/supabase/migrations/20260726000003_v2_0_lots_warehouses_abc_reconciliation.sql:140: NOTICE:  relation "idx_bank_items_stmt" already exists, skipping
psql:/home/z/my-project/Costpro/supabase/migrations/20260726000003_v2_0_lots_warehouses_abc_reconciliation.sql:141: NOTICE:  relation "idx_bank_items_matched" already exists, skipping
psql:/home/z/my-project/Costpro/supabase/migrations/20260726000003_v2_0_lots_warehouses_abc_reconciliation.sql:149: ERROR:  policy "lots_select" for table "product_lots" already exists
psql:/home/z/my-project/Costpro/supabase/migrations/20260726000003_v2_0_lots_warehouses_abc_reconciliation.sql:150: ERROR:  policy "lots_insert" for table "product_lots" already exists
psql:/home/z/my-project/Costpro/supabase/migrations/20260726000003_v2_0_lots_warehouses_abc_reconciliation.sql:151: ERROR:  policy "lots_update" for table "product_lots" already exists
psql:/home/z/my-project/Costpro/supabase/migrations/20260726000003_v2_0_lots_warehouses_abc_reconciliation.sql:152: ERROR:  policy "lots_delete" for table "product_lots" already exists
psql:/home/z/my-project/Costpro/supabase/migrations/20260726000003_v2_0_lots_warehouses_abc_reconciliation.sql:157: ERROR:  policy "tx_lots_select" for table "transaction_item_lots" already exists
psql:/home/z/my-project/Costpro/supabase/migrations/20260726000003_v2_0_lots_warehouses_abc_reconciliation.sql:161: ERROR:  policy "wh_select" for table "warehouses" already exists
psql:/home/z/my-project/Costpro/supabase/migrations/20260726000003_v2_0_lots_warehouses_abc_reconciliation.sql:162: ERROR:  policy "wh_insert" for table "warehouses" already exists
psql:/home/z/my-project/Costpro/supabase/migrations/20260726000003_v2_0_lots_warehouses_abc_reconciliation.sql:163: ERROR:  policy "wh_update" for table "warehouses" already exists
psql:/home/z/my-project/Costpro/supabase/migrations/20260726000003_v2_0_lots_warehouses_abc_reconciliation.sql:164: ERROR:  policy "wh_delete" for table "warehouses" already exists
psql:/home/z/my-project/Costpro/supabase/migrations/20260726000003_v2_0_lots_warehouses_abc_reconciliation.sql:168: ERROR:  policy "whs_select" for table "warehouse_stock" already exists
psql:/home/z/my-project/Costpro/supabase/migrations/20260726000003_v2_0_lots_warehouses_abc_reconciliation.sql:169: ERROR:  policy "whs_insert" for table "warehouse_stock" already exists
psql:/home/z/my-project/Costpro/supabase/migrations/20260726000003_v2_0_lots_warehouses_abc_reconciliation.sql:170: ERROR:  policy "whs_update" for table "warehouse_stock" already exists
psql:/home/z/my-project/Costpro/supabase/migrations/20260726000003_v2_0_lots_warehouses_abc_reconciliation.sql:171: ERROR:  policy "whs_delete" for table "warehouse_stock" already exists
psql:/home/z/my-project/Costpro/supabase/migrations/20260726000003_v2_0_lots_warehouses_abc_reconciliation.sql:175: ERROR:  policy "abc_select" for table "abc_classifications" already exists
psql:/home/z/my-project/Costpro/supabase/migrations/20260726000003_v2_0_lots_warehouses_abc_reconciliation.sql:176: ERROR:  policy "abc_insert" for table "abc_classifications" already exists
psql:/home/z/my-project/Costpro/supabase/migrations/20260726000003_v2_0_lots_warehouses_abc_reconciliation.sql:177: ERROR:  policy "abc_delete" for table "abc_classifications" already exists
psql:/home/z/my-project/Costpro/supabase/migrations/20260726000003_v2_0_lots_warehouses_abc_reconciliation.sql:181: ERROR:  policy "bs_select" for table "bank_statements" already exists
psql:/home/z/my-project/Costpro/supabase/migrations/20260726000003_v2_0_lots_warehouses_abc_reconciliation.sql:182: ERROR:  policy "bs_insert" for table "bank_statements" already exists
psql:/home/z/my-project/Costpro/supabase/migrations/20260726000003_v2_0_lots_warehouses_abc_reconciliation.sql:183: ERROR:  policy "bs_update" for table "bank_statements" already exists
psql:/home/z/my-project/Costpro/supabase/migrations/20260726000003_v2_0_lots_warehouses_abc_reconciliation.sql:184: ERROR:  policy "bs_delete" for table "bank_statements" already exists
psql:/home/z/my-project/Costpro/supabase/migrations/20260726000003_v2_0_lots_warehouses_abc_reconciliation.sql:189: ERROR:  policy "bsi_select" for table "bank_statement_items" already exists
psql:/home/z/my-project/Costpro/supabase/migrations/20260726000003_v2_0_lots_warehouses_abc_reconciliation.sql:191: ERROR:  policy "bsi_insert" for table "bank_statement_items" already exists
psql:/home/z/my-project/Costpro/supabase/migrations/20260726000003_v2_0_lots_warehouses_abc_reconciliation.sql:193: ERROR:  policy "bsi_update" for table "bank_statement_items" already exists
═══ 20260726000004_v2_1_deep_integrations.sql ═══
psql:/home/z/my-project/Costpro/supabase/migrations/20260726000004_v2_1_deep_integrations.sql:186: ERROR:  function name "public.create_sale" is not unique
HINT:  Specify the argument list to select the function unambiguously.
psql:/home/z/my-project/Costpro/supabase/migrations/20260726000004_v2_1_deep_integrations.sql:187: ERROR:  function name "public.create_sale" is not unique
HINT:  Specify the argument list to select the function unambiguously.
psql:/home/z/my-project/Costpro/supabase/migrations/20260726000004_v2_1_deep_integrations.sql:437: NOTICE:  relation "idx_bank_items_unmatched" already exists, skipping
psql:/home/z/my-project/Costpro/supabase/migrations/20260726000004_v2_1_deep_integrations.sql:438: NOTICE:  relation "idx_transactions_store_amount_date" already exists, skipping
psql:/home/z/my-project/Costpro/supabase/migrations/20260726000004_v2_1_deep_integrations.sql:439: NOTICE:  relation "idx_receipts_store_cost_date" already exists, skipping
psql:/home/z/my-project/Costpro/supabase/migrations/20260726000004_v2_1_deep_integrations.sql:440: NOTICE:  relation "idx_products_store_active_stock" already exists, skipping
psql:/home/z/my-project/Costpro/supabase/migrations/20260726000004_v2_1_deep_integrations.sql:441: NOTICE:  relation "idx_lots_store_active_exp" already exists, skipping
═══ 20260726000005_v2_2_accounting_flow_reversal.sql ═══
psql:/home/z/my-project/Costpro/supabase/migrations/20260726000005_v2_2_accounting_flow_reversal.sql:32: NOTICE:  column "confirmed_at" of relation "receipts" already exists, skipping
psql:/home/z/my-project/Costpro/supabase/migrations/20260726000005_v2_2_accounting_flow_reversal.sql:33: NOTICE:  column "confirmed_by" of relation "receipts" already exists, skipping
psql:/home/z/my-project/Costpro/supabase/migrations/20260726000005_v2_2_accounting_flow_reversal.sql:34: NOTICE:  column "reversed_at" of relation "receipts" already exists, skipping
psql:/home/z/my-project/Costpro/supabase/migrations/20260726000005_v2_2_accounting_flow_reversal.sql:35: NOTICE:  column "reversed_by" of relation "receipts" already exists, skipping
psql:/home/z/my-project/Costpro/supabase/migrations/20260726000005_v2_2_accounting_flow_reversal.sql:36: NOTICE:  column "reversal_reason" of relation "receipts" already exists, skipping
psql:/home/z/my-project/Costpro/supabase/migrations/20260726000005_v2_2_accounting_flow_reversal.sql:37: NOTICE:  column "original_receipt_id" of relation "receipts" already exists, skipping
psql:/home/z/my-project/Costpro/supabase/migrations/20260726000005_v2_2_accounting_flow_reversal.sql:40: NOTICE:  enum label "REVERSADA" already exists, skipping
psql:/home/z/my-project/Costpro/supabase/migrations/20260726000005_v2_2_accounting_flow_reversal.sql:42: NOTICE:  column "confirmed_at" of relation "transfers" already exists, skipping
psql:/home/z/my-project/Costpro/supabase/migrations/20260726000005_v2_2_accounting_flow_reversal.sql:43: NOTICE:  column "confirmed_by" of relation "transfers" already exists, skipping
psql:/home/z/my-project/Costpro/supabase/migrations/20260726000005_v2_2_accounting_flow_reversal.sql:44: NOTICE:  column "reversed_at" of relation "transfers" already exists, skipping
psql:/home/z/my-project/Costpro/supabase/migrations/20260726000005_v2_2_accounting_flow_reversal.sql:45: NOTICE:  column "reversed_by" of relation "transfers" already exists, skipping
psql:/home/z/my-project/Costpro/supabase/migrations/20260726000005_v2_2_accounting_flow_reversal.sql:46: NOTICE:  column "reversal_reason" of relation "transfers" already exists, skipping
psql:/home/z/my-project/Costpro/supabase/migrations/20260726000005_v2_2_accounting_flow_reversal.sql:49: NOTICE:  enum label "reversed" already exists, skipping
psql:/home/z/my-project/Costpro/supabase/migrations/20260726000005_v2_2_accounting_flow_reversal.sql:51: NOTICE:  column "reversed_at" of relation "transactions" already exists, skipping
psql:/home/z/my-project/Costpro/supabase/migrations/20260726000005_v2_2_accounting_flow_reversal.sql:52: NOTICE:  column "reversed_by" of relation "transactions" already exists, skipping
psql:/home/z/my-project/Costpro/supabase/migrations/20260726000005_v2_2_accounting_flow_reversal.sql:53: NOTICE:  column "reversal_reason" of relation "transactions" already exists, skipping
psql:/home/z/my-project/Costpro/supabase/migrations/20260726000005_v2_2_accounting_flow_reversal.sql:54: NOTICE:  column "original_transaction_id" of relation "transactions" already exists, skipping
psql:/home/z/my-project/Costpro/supabase/migrations/20260726000005_v2_2_accounting_flow_reversal.sql:58: NOTICE:  column "status" of relation "inventory_adjustments" already exists, skipping
psql:/home/z/my-project/Costpro/supabase/migrations/20260726000005_v2_2_accounting_flow_reversal.sql:59: NOTICE:  column "confirmed_at" of relation "inventory_adjustments" already exists, skipping
psql:/home/z/my-project/Costpro/supabase/migrations/20260726000005_v2_2_accounting_flow_reversal.sql:60: NOTICE:  column "confirmed_by" of relation "inventory_adjustments" already exists, skipping
psql:/home/z/my-project/Costpro/supabase/migrations/20260726000005_v2_2_accounting_flow_reversal.sql:61: NOTICE:  column "reversed_at" of relation "inventory_adjustments" already exists, skipping
psql:/home/z/my-project/Costpro/supabase/migrations/20260726000005_v2_2_accounting_flow_reversal.sql:62: NOTICE:  column "reversed_by" of relation "inventory_adjustments" already exists, skipping
psql:/home/z/my-project/Costpro/supabase/migrations/20260726000005_v2_2_accounting_flow_reversal.sql:63: NOTICE:  column "reversal_reason" of relation "inventory_adjustments" already exists, skipping
psql:/home/z/my-project/Costpro/supabase/migrations/20260726000005_v2_2_accounting_flow_reversal.sql:72: NOTICE:  column "reversed_at" of relation "production_orders" already exists, skipping
psql:/home/z/my-project/Costpro/supabase/migrations/20260726000005_v2_2_accounting_flow_reversal.sql:73: NOTICE:  column "reversed_by" of relation "production_orders" already exists, skipping
psql:/home/z/my-project/Costpro/supabase/migrations/20260726000005_v2_2_accounting_flow_reversal.sql:74: NOTICE:  column "reversal_reason" of relation "production_orders" already exists, skipping
psql:/home/z/my-project/Costpro/supabase/migrations/20260726000005_v2_2_accounting_flow_reversal.sql:81: NOTICE:  column "reversed_at" of relation "devolutions" already exists, skipping
psql:/home/z/my-project/Costpro/supabase/migrations/20260726000005_v2_2_accounting_flow_reversal.sql:82: NOTICE:  column "reversed_by" of relation "devolutions" already exists, skipping
psql:/home/z/my-project/Costpro/supabase/migrations/20260726000005_v2_2_accounting_flow_reversal.sql:83: NOTICE:  column "reversal_reason" of relation "devolutions" already exists, skipping
psql:/home/z/my-project/Costpro/supabase/migrations/20260726000005_v2_2_accounting_flow_reversal.sql:392: NOTICE:  relation "idx_transactions_reversed" already exists, skipping
psql:/home/z/my-project/Costpro/supabase/migrations/20260726000005_v2_2_accounting_flow_reversal.sql:393: NOTICE:  relation "idx_receipts_reversed" already exists, skipping
psql:/home/z/my-project/Costpro/supabase/migrations/20260726000005_v2_2_accounting_flow_reversal.sql:394: NOTICE:  relation "idx_transfers_reversed" already exists, skipping
psql:/home/z/my-project/Costpro/supabase/migrations/20260726000005_v2_2_accounting_flow_reversal.sql:395: NOTICE:  relation "idx_adjustments_reversed" already exists, skipping
═══ 20260726000006_v2_3_production_reversal_and_validation.sql ═══
psql:/home/z/my-project/Costpro/supabase/migrations/20260726000006_v2_3_production_reversal_and_validation.sql:325: NOTICE:  relation "idx_production_orders_reversed" already exists, skipping
═══ 20260726000011_v2_5_audit_fixes.sql ═══
psql:/home/z/my-project/Costpro/supabase/migrations/20260726000011_v2_5_audit_fixes.sql:103: NOTICE:  function public.perform_inventory_adjustment(uuid,uuid,pg_catalog.numeric,text,uuid,pg_catalog.numeric,pg_catalog.timestamptz) does not exist, skipping
═══ 20260726000016_v2_5_5_final_adjustments.sql ═══
psql:/home/z/my-project/Costpro/supabase/migrations/20260726000016_v2_5_5_final_adjustments.sql:77: ERROR:  cannot change return type of existing function
HINT:  Use DROP FUNCTION create_transfer(uuid,uuid,jsonb,text,uuid,timestamp with time zone,uuid) first.
═══ 20260726000018_v2_7_close_service_compensate_auth.sql ═══
psql:/home/z/my-project/Costpro/supabase/migrations/20260726000018_v2_7_close_service_compensate_auth.sql:64: ERROR:  cannot change return type of existing function
HINT:  Use DROP FUNCTION close_service_order_as_sale(uuid,uuid,uuid,text,text,numeric,uuid) first.
═══ 20260726000020_v2_9_h6_physical_count.sql ═══
psql:/home/z/my-project/Costpro/supabase/migrations/20260726000020_v2_9_h6_physical_count.sql:43: NOTICE:  relation "physical_counts" already exists, skipping
psql:/home/z/my-project/Costpro/supabase/migrations/20260726000020_v2_9_h6_physical_count.sql:45: NOTICE:  relation "idx_physical_counts_store" already exists, skipping
psql:/home/z/my-project/Costpro/supabase/migrations/20260726000020_v2_9_h6_physical_count.sql:46: NOTICE:  relation "idx_physical_counts_status" already exists, skipping
psql:/home/z/my-project/Costpro/supabase/migrations/20260726000020_v2_9_h6_physical_count.sql:71: NOTICE:  relation "physical_count_items" already exists, skipping
psql:/home/z/my-project/Costpro/supabase/migrations/20260726000020_v2_9_h6_physical_count.sql:73: NOTICE:  relation "idx_physical_count_items_count" already exists, skipping
psql:/home/z/my-project/Costpro/supabase/migrations/20260726000020_v2_9_h6_physical_count.sql:74: NOTICE:  relation "idx_physical_count_items_product" already exists, skipping
═══ 20260726000021_v2_10_h7_transfer_approval.sql ═══
psql:/home/z/my-project/Costpro/supabase/migrations/20260726000021_v2_10_h7_transfer_approval.sql:47: NOTICE:  column "requires_approval" of relation "transfers" already exists, skipping
psql:/home/z/my-project/Costpro/supabase/migrations/20260726000021_v2_10_h7_transfer_approval.sql:48: NOTICE:  column "approved_by" of relation "transfers" already exists, skipping
psql:/home/z/my-project/Costpro/supabase/migrations/20260726000021_v2_10_h7_transfer_approval.sql:49: NOTICE:  column "approved_at" of relation "transfers" already exists, skipping
psql:/home/z/my-project/Costpro/supabase/migrations/20260726000021_v2_10_h7_transfer_approval.sql:50: NOTICE:  column "rejection_reason" of relation "transfers" already exists, skipping
psql:/home/z/my-project/Costpro/supabase/migrations/20260726000021_v2_10_h7_transfer_approval.sql:186: ERROR:  cannot change return type of existing function
HINT:  Use DROP FUNCTION create_transfer(uuid,uuid,jsonb,text,uuid,timestamp with time zone,uuid) first.
psql:/home/z/my-project/Costpro/supabase/migrations/20260726000021_v2_10_h7_transfer_approval.sql:360: ERROR:  cannot change return type of existing function
HINT:  Use DROP FUNCTION set_transfer_approval_rule(uuid,uuid,numeric,numeric,text[],boolean,uuid) first.
psql:/home/z/my-project/Costpro/supabase/migrations/20260726000021_v2_10_h7_transfer_approval.sql:370: NOTICE:  policy "transfer_approval_rules_admin_only" for relation "public.transfer_approval_rules" does not exist, skipping
═══ 20260726000024_v2_10_3_validate_products_in_transfer.sql ═══
psql:/home/z/my-project/Costpro/supabase/migrations/20260726000024_v2_10_3_validate_products_in_transfer.sql:94: ERROR:  cannot change return type of existing function
HINT:  Use DROP FUNCTION create_transfer(uuid,uuid,jsonb,text,uuid,timestamp with time zone,uuid) first.
═══ 20260726000026_v2_10_5_fix_create_sale_auth.sql ═══
psql:/home/z/my-project/Costpro/supabase/migrations/20260726000026_v2_10_5_fix_create_sale_auth.sql:83: NOTICE:  function public.create_sale(uuid,uuid,pg_catalog.numeric,jsonb,pg_catalog.numeric,text,pg_catalog.numeric,text,pg_catalog.numeric,jsonb,uuid,pg_catalog.timestamptz,pg_catalog.numeric,pg_catalog.numeric,text) does not exist, skipping
═══ 20260726000029_v2_11_2_fix_reset_store_data.sql ═══
psql:/home/z/my-project/Costpro/supabase/migrations/20260726000029_v2_11_2_fix_reset_store_data.sql:144: ERROR:  cannot change name of input parameter "p_store_id"
HINT:  Use DROP FUNCTION reset_store_data(uuid,boolean) first.
═══ 20260726000031_v2_11_4_fix_reset_missing_tables.sql ═══
psql:/home/z/my-project/Costpro/supabase/migrations/20260726000031_v2_11_4_fix_reset_missing_tables.sql:165: ERROR:  cannot change name of input parameter "p_store_id"
HINT:  Use DROP FUNCTION reset_store_data(uuid,boolean) first.
═══ 20260726000032_v2_12_critical_fixes.sql ═══
psql:/home/z/my-project/Costpro/supabase/migrations/20260726000032_v2_12_critical_fixes.sql:175: ERROR:  policy "products_public_read_anon" for table "products" already exists
psql:/home/z/my-project/Costpro/supabase/migrations/20260726000032_v2_12_critical_fixes.sql:180: NOTICE:  policy "products_select_all_authenticated" for relation "public.products" does not exist, skipping
═══ 20260726000033_v2_12_1_categories_table.sql ═══
psql:/home/z/my-project/Costpro/supabase/migrations/20260726000033_v2_12_1_categories_table.sql:5: NOTICE:  column "store_id" of relation "categories" already exists, skipping
psql:/home/z/my-project/Costpro/supabase/migrations/20260726000033_v2_12_1_categories_table.sql:8: NOTICE:  column "is_active" of relation "categories" already exists, skipping
psql:/home/z/my-project/Costpro/supabase/migrations/20260726000033_v2_12_1_categories_table.sql:9: NOTICE:  column "updated_at" of relation "categories" already exists, skipping
psql:/home/z/my-project/Costpro/supabase/migrations/20260726000033_v2_12_1_categories_table.sql:37: NOTICE:  relation "idx_categories_store_name" already exists, skipping
psql:/home/z/my-project/Costpro/supabase/migrations/20260726000033_v2_12_1_categories_table.sql:46: NOTICE:  relation "idx_categories_store" already exists, skipping
═══ 20260726000035_v2_12_3_multi_currency.sql ═══
psql:/home/z/my-project/Costpro/supabase/migrations/20260726000035_v2_12_3_multi_currency.sql:6: NOTICE:  column "currency" of relation "devolutions" already exists, skipping
psql:/home/z/my-project/Costpro/supabase/migrations/20260726000035_v2_12_3_multi_currency.sql:7: NOTICE:  column "exchange_rate" of relation "devolutions" already exists, skipping
psql:/home/z/my-project/Costpro/supabase/migrations/20260726000035_v2_12_3_multi_currency.sql:13: NOTICE:  column "currency" of relation "inventory_adjustments" already exists, skipping
psql:/home/z/my-project/Costpro/supabase/migrations/20260726000035_v2_12_3_multi_currency.sql:14: NOTICE:  column "exchange_rate" of relation "inventory_adjustments" already exists, skipping
psql:/home/z/my-project/Costpro/supabase/migrations/20260726000035_v2_12_3_multi_currency.sql:20: NOTICE:  column "budget_exchange_rate" of relation "production_orders" already exists, skipping
psql:/home/z/my-project/Costpro/supabase/migrations/20260726000035_v2_12_3_multi_currency.sql:21: NOTICE:  column "advance_exchange_rate" of relation "production_orders" already exists, skipping
═══ 20260727000006_v2_12_9_spoofing_p_user_id.sql ═══
psql:/home/z/my-project/Costpro/supabase/migrations/20260727000006_v2_12_9_spoofing_p_user_id.sql:480: ERROR:  cannot change return type of existing function
HINT:  Use DROP FUNCTION close_service_order_as_sale(uuid,uuid,uuid,text,text,numeric,uuid) first.
psql:/home/z/my-project/Costpro/supabase/migrations/20260727000006_v2_12_9_spoofing_p_user_id.sql:531: ERROR:  current transaction is aborted, commands ignored until end of transaction block
psql:/home/z/my-project/Costpro/supabase/migrations/20260727000006_v2_12_9_spoofing_p_user_id.sql:602: ERROR:  current transaction is aborted, commands ignored until end of transaction block
psql:/home/z/my-project/Costpro/supabase/migrations/20260727000006_v2_12_9_spoofing_p_user_id.sql:659: ERROR:  current transaction is aborted, commands ignored until end of transaction block
psql:/home/z/my-project/Costpro/supabase/migrations/20260727000006_v2_12_9_spoofing_p_user_id.sql:695: ERROR:  current transaction is aborted, commands ignored until end of transaction block
psql:/home/z/my-project/Costpro/supabase/migrations/20260727000006_v2_12_9_spoofing_p_user_id.sql:740: ERROR:  current transaction is aborted, commands ignored until end of transaction block
psql:/home/z/my-project/Costpro/supabase/migrations/20260727000006_v2_12_9_spoofing_p_user_id.sql:811: ERROR:  current transaction is aborted, commands ignored until end of transaction block
psql:/home/z/my-project/Costpro/supabase/migrations/20260727000006_v2_12_9_spoofing_p_user_id.sql:888: ERROR:  current transaction is aborted, commands ignored until end of transaction block
psql:/home/z/my-project/Costpro/supabase/migrations/20260727000006_v2_12_9_spoofing_p_user_id.sql:969: ERROR:  current transaction is aborted, commands ignored until end of transaction block
psql:/home/z/my-project/Costpro/supabase/migrations/20260727000006_v2_12_9_spoofing_p_user_id.sql:1056: ERROR:  current transaction is aborted, commands ignored until end of transaction block
psql:/home/z/my-project/Costpro/supabase/migrations/20260727000006_v2_12_9_spoofing_p_user_id.sql:1106: ERROR:  current transaction is aborted, commands ignored until end of transaction block
psql:/home/z/my-project/Costpro/supabase/migrations/20260727000006_v2_12_9_spoofing_p_user_id.sql:1174: ERROR:  current transaction is aborted, commands ignored until end of transaction block
psql:/home/z/my-project/Costpro/supabase/migrations/20260727000006_v2_12_9_spoofing_p_user_id.sql:1209: ERROR:  current transaction is aborted, commands ignored until end of transaction block
psql:/home/z/my-project/Costpro/supabase/migrations/20260727000006_v2_12_9_spoofing_p_user_id.sql:1239: ERROR:  current transaction is aborted, commands ignored until end of transaction block
psql:/home/z/my-project/Costpro/supabase/migrations/20260727000006_v2_12_9_spoofing_p_user_id.sql:1276: ERROR:  current transaction is aborted, commands ignored until end of transaction block
psql:/home/z/my-project/Costpro/supabase/migrations/20260727000006_v2_12_9_spoofing_p_user_id.sql:1325: ERROR:  current transaction is aborted, commands ignored until end of transaction block
psql:/home/z/my-project/Costpro/supabase/migrations/20260727000006_v2_12_9_spoofing_p_user_id.sql:1372: ERROR:  current transaction is aborted, commands ignored until end of transaction block
psql:/home/z/my-project/Costpro/supabase/migrations/20260727000006_v2_12_9_spoofing_p_user_id.sql:1444: ERROR:  current transaction is aborted, commands ignored until end of transaction block
psql:/home/z/my-project/Costpro/supabase/migrations/20260727000006_v2_12_9_spoofing_p_user_id.sql:1492: ERROR:  current transaction is aborted, commands ignored until end of transaction block
psql:/home/z/my-project/Costpro/supabase/migrations/20260727000006_v2_12_9_spoofing_p_user_id.sql:1563: ERROR:  current transaction is aborted, commands ignored until end of transaction block
psql:/home/z/my-project/Costpro/supabase/migrations/20260727000006_v2_12_9_spoofing_p_user_id.sql:1612: ERROR:  current transaction is aborted, commands ignored until end of transaction block
psql:/home/z/my-project/Costpro/supabase/migrations/20260727000006_v2_12_9_spoofing_p_user_id.sql:1654: ERROR:  current transaction is aborted, commands ignored until end of transaction block
psql:/home/z/my-project/Costpro/supabase/migrations/20260727000006_v2_12_9_spoofing_p_user_id.sql:1698: ERROR:  current transaction is aborted, commands ignored until end of transaction block
psql:/home/z/my-project/Costpro/supabase/migrations/20260727000006_v2_12_9_spoofing_p_user_id.sql:1757: ERROR:  current transaction is aborted, commands ignored until end of transaction block
psql:/home/z/my-project/Costpro/supabase/migrations/20260727000006_v2_12_9_spoofing_p_user_id.sql:1818: ERROR:  current transaction is aborted, commands ignored until end of transaction block
psql:/home/z/my-project/Costpro/supabase/migrations/20260727000006_v2_12_9_spoofing_p_user_id.sql:1820: ERROR:  current transaction is aborted, commands ignored until end of transaction block
═══ 20260727000008_v2_12_12_fix_is_not_null_pattern.sql ═══
psql:/home/z/my-project/Costpro/supabase/migrations/20260727000008_v2_12_12_fix_is_not_null_pattern.sql:292: ERROR:  cannot change return type of existing function
HINT:  Use DROP FUNCTION close_service_order_as_sale(uuid,uuid,uuid,text,text,numeric,uuid) first.
psql:/home/z/my-project/Costpro/supabase/migrations/20260727000008_v2_12_12_fix_is_not_null_pattern.sql:343: ERROR:  current transaction is aborted, commands ignored until end of transaction block
psql:/home/z/my-project/Costpro/supabase/migrations/20260727000008_v2_12_12_fix_is_not_null_pattern.sql:414: ERROR:  current transaction is aborted, commands ignored until end of transaction block
psql:/home/z/my-project/Costpro/supabase/migrations/20260727000008_v2_12_12_fix_is_not_null_pattern.sql:471: ERROR:  current transaction is aborted, commands ignored until end of transaction block
psql:/home/z/my-project/Costpro/supabase/migrations/20260727000008_v2_12_12_fix_is_not_null_pattern.sql:516: ERROR:  current transaction is aborted, commands ignored until end of transaction block
psql:/home/z/my-project/Costpro/supabase/migrations/20260727000008_v2_12_12_fix_is_not_null_pattern.sql:587: ERROR:  current transaction is aborted, commands ignored until end of transaction block
psql:/home/z/my-project/Costpro/supabase/migrations/20260727000008_v2_12_12_fix_is_not_null_pattern.sql:664: ERROR:  current transaction is aborted, commands ignored until end of transaction block
psql:/home/z/my-project/Costpro/supabase/migrations/20260727000008_v2_12_12_fix_is_not_null_pattern.sql:751: ERROR:  current transaction is aborted, commands ignored until end of transaction block
psql:/home/z/my-project/Costpro/supabase/migrations/20260727000008_v2_12_12_fix_is_not_null_pattern.sql:819: ERROR:  current transaction is aborted, commands ignored until end of transaction block
psql:/home/z/my-project/Costpro/supabase/migrations/20260727000008_v2_12_12_fix_is_not_null_pattern.sql:849: ERROR:  current transaction is aborted, commands ignored until end of transaction block
psql:/home/z/my-project/Costpro/supabase/migrations/20260727000008_v2_12_12_fix_is_not_null_pattern.sql:886: ERROR:  current transaction is aborted, commands ignored until end of transaction block
psql:/home/z/my-project/Costpro/supabase/migrations/20260727000008_v2_12_12_fix_is_not_null_pattern.sql:935: ERROR:  current transaction is aborted, commands ignored until end of transaction block
psql:/home/z/my-project/Costpro/supabase/migrations/20260727000008_v2_12_12_fix_is_not_null_pattern.sql:982: ERROR:  current transaction is aborted, commands ignored until end of transaction block
psql:/home/z/my-project/Costpro/supabase/migrations/20260727000008_v2_12_12_fix_is_not_null_pattern.sql:1054: ERROR:  current transaction is aborted, commands ignored until end of transaction block
psql:/home/z/my-project/Costpro/supabase/migrations/20260727000008_v2_12_12_fix_is_not_null_pattern.sql:1102: ERROR:  current transaction is aborted, commands ignored until end of transaction block
psql:/home/z/my-project/Costpro/supabase/migrations/20260727000008_v2_12_12_fix_is_not_null_pattern.sql:1173: ERROR:  current transaction is aborted, commands ignored until end of transaction block
psql:/home/z/my-project/Costpro/supabase/migrations/20260727000008_v2_12_12_fix_is_not_null_pattern.sql:1222: ERROR:  current transaction is aborted, commands ignored until end of transaction block
psql:/home/z/my-project/Costpro/supabase/migrations/20260727000008_v2_12_12_fix_is_not_null_pattern.sql:1266: ERROR:  current transaction is aborted, commands ignored until end of transaction block
psql:/home/z/my-project/Costpro/supabase/migrations/20260727000008_v2_12_12_fix_is_not_null_pattern.sql:1325: ERROR:  current transaction is aborted, commands ignored until end of transaction block
psql:/home/z/my-project/Costpro/supabase/migrations/20260727000008_v2_12_12_fix_is_not_null_pattern.sql:1327: ERROR:  current transaction is aborted, commands ignored until end of transaction block
═══ 20260731000001_v2_12_32_fix_ot_bugs.sql ═══
psql:/home/z/my-project/Costpro/supabase/migrations/20260731000001_v2_12_32_fix_ot_bugs.sql:26: NOTICE:  column "customer_phone" of relation "transactions" already exists, skipping
psql:/home/z/my-project/Costpro/supabase/migrations/20260731000001_v2_12_32_fix_ot_bugs.sql:26: NOTICE:  column "customer_ci" of relation "transactions" already exists, skipping
psql:/home/z/my-project/Costpro/supabase/migrations/20260731000001_v2_12_32_fix_ot_bugs.sql:26: NOTICE:  column "customer_address" of relation "transactions" already exists, skipping
psql:/home/z/my-project/Costpro/supabase/migrations/20260731000001_v2_12_32_fix_ot_bugs.sql:128: ERROR:  cannot change return type of existing function
HINT:  Use DROP FUNCTION close_service_order_as_sale(uuid,uuid,uuid,text,text,numeric,uuid) first.
═══ 20260731000002_v2_12_33_fix_close_transition.sql ═══
psql:/home/z/my-project/Costpro/supabase/migrations/20260731000002_v2_12_33_fix_close_transition.sql:115: ERROR:  cannot change return type of existing function
HINT:  Use DROP FUNCTION close_service_order_as_sale(uuid,uuid,uuid,text,text,numeric,uuid) first.
═══ 20260731000003_v2_12_34_exceso_fields.sql ═══
psql:/home/z/my-project/Costpro/supabase/migrations/20260731000003_v2_12_34_exceso_fields.sql:7: NOTICE:  column "exceso_qty" of relation "production_order_items" already exists, skipping
psql:/home/z/my-project/Costpro/supabase/migrations/20260731000003_v2_12_34_exceso_fields.sql:7: NOTICE:  column "exceso_importe" of relation "production_order_items" already exists, skipping
psql:/home/z/my-project/Costpro/supabase/migrations/20260731000003_v2_12_34_exceso_fields.sql:7: NOTICE:  column "exceso_moneda" of relation "production_order_items" already exists, skipping
psql:/home/z/my-project/Costpro/supabase/migrations/20260731000003_v2_12_34_exceso_fields.sql:7: NOTICE:  column "facturar_exceso" of relation "production_order_items" already exists, skipping
═══ 20260801000001_v2_12_37_fix_e2e_bugs.sql ═══
psql:/home/z/my-project/Costpro/supabase/migrations/20260801000001_v2_12_37_fix_e2e_bugs.sql:290: ERROR:  cannot change return type of existing function
HINT:  Use DROP FUNCTION void_closed_production_order(uuid,text,uuid) first.
═══ 20260802000001_v2_12_41_fase0_remediacion.sql ═══
psql:/home/z/my-project/Costpro/supabase/migrations/20260802000001_v2_12_41_fase0_remediacion.sql:546: NOTICE:  policy "po_select_has_store_access" for relation "public.production_orders" does not exist, skipping
psql:/home/z/my-project/Costpro/supabase/migrations/20260802000001_v2_12_41_fase0_remediacion.sql:617: NOTICE:  column "expires_at" of relation "store_reset_snapshots" already exists, skipping
psql:/home/z/my-project/Costpro/supabase/migrations/20260802000001_v2_12_41_fase0_remediacion.sql:621: NOTICE:  relation "idx_store_reset_snapshots_expires" already exists, skipping
═══ 20260802000002_v2_12_42_transfer_remediation.sql ═══
psql:/home/z/my-project/Costpro/supabase/migrations/20260802000002_v2_12_42_transfer_remediation.sql:39: NOTICE:  relation "inventory_reservations" already exists, skipping
psql:/home/z/my-project/Costpro/supabase/migrations/20260802000002_v2_12_42_transfer_remediation.sql:42: NOTICE:  relation "idx_inv_res_store_product" already exists, skipping
psql:/home/z/my-project/Costpro/supabase/migrations/20260802000002_v2_12_42_transfer_remediation.sql:45: NOTICE:  relation "idx_inv_res_reference" already exists, skipping
psql:/home/z/my-project/Costpro/supabase/migrations/20260802000002_v2_12_42_transfer_remediation.sql:51: ERROR:  policy "inv_res_access" for table "inventory_reservations" already exists
psql:/home/z/my-project/Costpro/supabase/migrations/20260802000002_v2_12_42_transfer_remediation.sql:79: NOTICE:  column "destination_product_id" of relation "transfer_items" already exists, skipping
psql:/home/z/my-project/Costpro/supabase/migrations/20260802000002_v2_12_42_transfer_remediation.sql:89: NOTICE:  policy "transfer_items_view_policy_v2" for relation "public.transfer_items" does not exist, skipping
psql:/home/z/my-project/Costpro/supabase/migrations/20260802000002_v2_12_42_transfer_remediation.sql:98: ERROR:  policy "transfer_items_view_v2" for table "transfer_items" already exists
psql:/home/z/my-project/Costpro/supabase/migrations/20260802000002_v2_12_42_transfer_remediation.sql:107: ERROR:  policy "transfer_items_insert_v2" for table "transfer_items" already exists
═══ 20260802000006_v2_12_45_backup_registry.sql ═══
psql:/home/z/my-project/Costpro/supabase/migrations/20260802000006_v2_12_45_backup_registry.sql:57: NOTICE:  relation "backup_table_registry" already exists, skipping
psql:/home/z/my-project/Costpro/supabase/migrations/20260802000006_v2_12_45_backup_registry.sql:61: NOTICE:  relation "idx_backup_registry_tier" already exists, skipping
psql:/home/z/my-project/Costpro/supabase/migrations/20260802000006_v2_12_45_backup_registry.sql:65: NOTICE:  relation "idx_backup_registry_active" already exists, skipping
psql:/home/z/my-project/Costpro/supabase/migrations/20260802000006_v2_12_45_backup_registry.sql:69: NOTICE:  relation "idx_backup_registry_truth" already exists, skipping
psql:/home/z/my-project/Costpro/supabase/migrations/20260802000006_v2_12_45_backup_registry.sql:102: NOTICE:  relation "restore_sessions" already exists, skipping
psql:/home/z/my-project/Costpro/supabase/migrations/20260802000006_v2_12_45_backup_registry.sql:105: NOTICE:  relation "idx_restore_sessions_store" already exists, skipping
psql:/home/z/my-project/Costpro/supabase/migrations/20260802000006_v2_12_45_backup_registry.sql:109: NOTICE:  relation "idx_restore_sessions_active" already exists, skipping
psql:/home/z/my-project/Costpro/supabase/migrations/20260802000006_v2_12_45_backup_registry.sql:685: NOTICE:  backup_table_registry: 82 total, 73 active, 9 excluded
psql:/home/z/my-project/Costpro/supabase/migrations/20260802000006_v2_12_45_backup_registry.sql:685: NOTICE:  source_of_truth: 13 primary, 3 derived, 36 audit, 0 unset
psql:/home/z/my-project/Costpro/supabase/migrations/20260802000006_v2_12_45_backup_registry.sql:685: NOTICE:  Invariantes del modelo de verdad verificadas ✓
═══ 20260802000007_v2_12_46_restore_rpc_preview.sql ═══
psql:/home/z/my-project/Costpro/supabase/migrations/20260802000007_v2_12_46_restore_rpc_preview.sql:30: NOTICE:  column "confirmation_token" of relation "restore_sessions" already exists, skipping
psql:/home/z/my-project/Costpro/supabase/migrations/20260802000007_v2_12_46_restore_rpc_preview.sql:30: NOTICE:  column "fk_integrity_check" of relation "restore_sessions" already exists, skipping
psql:/home/z/my-project/Costpro/supabase/migrations/20260802000007_v2_12_46_restore_rpc_preview.sql:30: NOTICE:  column "preview_passed" of relation "restore_sessions" already exists, skipping
psql:/home/z/my-project/Costpro/supabase/migrations/20260802000007_v2_12_46_restore_rpc_preview.sql:30: NOTICE:  column "pre_restore_snapshot_storage_url" of relation "restore_sessions" already exists, skipping
psql:/home/z/my-project/Costpro/supabase/migrations/20260802000007_v2_12_46_restore_rpc_preview.sql:810: NOTICE:  Funciones BR-2.1 creadas: 7 (esperadas: 6)
psql:/home/z/my-project/Costpro/supabase/migrations/20260802000007_v2_12_46_restore_rpc_preview.sql:810: NOTICE:  restore_sessions: nuevas columnas OK ✓
psql:/home/z/my-project/Costpro/supabase/migrations/20260802000007_v2_12_46_restore_rpc_preview.sql:810: NOTICE:  BR-2.1 verificación completa ✓
═══ 20260802000008_v2_12_47_restore_rpc_execute.sql ═══
psql:/home/z/my-project/Costpro/supabase/migrations/20260802000008_v2_12_47_restore_rpc_execute.sql:869: NOTICE:  Funciones trigger modificadas: 9 (esperadas: 9)
psql:/home/z/my-project/Costpro/supabase/migrations/20260802000008_v2_12_47_restore_rpc_execute.sql:869: NOTICE:  restore_store_backup: parámetro p_confirmation_token OK ✓
psql:/home/z/my-project/Costpro/supabase/migrations/20260802000008_v2_12_47_restore_rpc_execute.sql:869: NOTICE:  BR-2.2 verificación completa ✓
═══ 20260803000002_v2_13_2_void_transaction_conversion_factor.sql ═══
psql:/home/z/my-project/Costpro/supabase/migrations/20260803000002_v2_13_2_void_transaction_conversion_factor.sql:124: NOTICE:  function public.create_sale(uuid,uuid,pg_catalog.numeric,jsonb,pg_catalog.numeric,text,pg_catalog.numeric,text,pg_catalog.numeric,jsonb,uuid,pg_catalog.timestamptz,pg_catalog.numeric,pg_catalog.numeric,text,text,pg_catalog.numeric,uuid,uuid) does not exist, skipping
psql:/home/z/my-project/Costpro/supabase/migrations/20260803000002_v2_13_2_void_transaction_conversion_factor.sql:243: ERROR:  function name "public.create_sale" is not unique
HINT:  Specify the argument list to select the function unambiguously.
psql:/home/z/my-project/Costpro/supabase/migrations/20260803000002_v2_13_2_void_transaction_conversion_factor.sql:244: ERROR:  function name "public.create_sale" is not unique
HINT:  Specify the argument list to select the function unambiguously.
psql:/home/z/my-project/Costpro/supabase/migrations/20260803000002_v2_13_2_void_transaction_conversion_factor.sql:245: ERROR:  function name "public.create_sale" is not unique
HINT:  Specify the argument list to select the function unambiguously.
psql:/home/z/my-project/Costpro/supabase/migrations/20260803000002_v2_13_2_void_transaction_conversion_factor.sql:248: ERROR:  function name "public.create_sale" is not unique
HINT:  Specify the argument list to select the function unambiguously.
═══ 20260803000003_v2_13_3_transactions_idempotency_unique.sql ═══
psql:/home/z/my-project/Costpro/supabase/migrations/20260803000003_v2_13_3_transactions_idempotency_unique.sql:26: NOTICE:  relation "transactions_idempotency_key_store_idx" already exists, skipping
═══ 20260803000004_v2_13_4_create_sale_validate_op_date.sql ═══
psql:/home/z/my-project/Costpro/supabase/migrations/20260803000004_v2_13_4_create_sale_validate_op_date.sql:28: NOTICE:  function public.create_sale(uuid,uuid,pg_catalog.numeric,jsonb,pg_catalog.numeric,text,pg_catalog.numeric,text,pg_catalog.numeric,jsonb,uuid,pg_catalog.timestamptz,pg_catalog.numeric,pg_catalog.numeric,text,text,pg_catalog.numeric,uuid,uuid) does not exist, skipping
psql:/home/z/my-project/Costpro/supabase/migrations/20260803000004_v2_13_4_create_sale_validate_op_date.sql:152: ERROR:  function name "public.create_sale" is not unique
HINT:  Specify the argument list to select the function unambiguously.
psql:/home/z/my-project/Costpro/supabase/migrations/20260803000004_v2_13_4_create_sale_validate_op_date.sql:153: ERROR:  function name "public.create_sale" is not unique
HINT:  Specify the argument list to select the function unambiguously.
psql:/home/z/my-project/Costpro/supabase/migrations/20260803000004_v2_13_4_create_sale_validate_op_date.sql:154: ERROR:  function name "public.create_sale" is not unique
HINT:  Specify the argument list to select the function unambiguously.
psql:/home/z/my-project/Costpro/supabase/migrations/20260803000004_v2_13_4_create_sale_validate_op_date.sql:157: ERROR:  function name "public.create_sale" is not unique
HINT:  Specify the argument list to select the function unambiguously.
═══ 20260803000005_v2_13_5_stock_movements_immutable.sql ═══
psql:/home/z/my-project/Costpro/supabase/migrations/20260803000005_v2_13_5_stock_movements_immutable.sql:51: NOTICE:  policy "stock_movements_update_rls" for relation "public.stock_movements" does not exist, skipping
═══ 20260803000006_v2_13_6_inventory_reservations_expiry.sql ═══
psql:/home/z/my-project/Costpro/supabase/migrations/20260803000006_v2_13_6_inventory_reservations_expiry.sql:32: NOTICE:  column "expires_at" of relation "inventory_reservations" already exists, skipping
═══ 20260803000008_v2_13_8_transaction_items_index.sql ═══
psql:/home/z/my-project/Costpro/supabase/migrations/20260803000008_v2_13_8_transaction_items_index.sql:20: NOTICE:  relation "transaction_items_transaction_id_idx" already exists, skipping
═══ 20260803000009_v2_13_9_transfer_status_reversada.sql ═══
psql:/home/z/my-project/Costpro/supabase/migrations/20260803000009_v2_13_9_transfer_status_reversada.sql:26: NOTICE:  enum label "REVERSADA" already exists, skipping
═══ 20260805000001_v2_14_1_plan_enum.sql ═══
psql:/home/z/my-project/Costpro/supabase/migrations/20260805000001_v2_14_1_plan_enum.sql:49: ERROR:  invalid input value for enum plan_t: "basico"
LINE 3:   WHEN plan = 'basico' THEN 'free'::plan_t
                      ^
═══ 20260805000002_v2_14_2_profiles_soft_delete.sql ═══
psql:/home/z/my-project/Costpro/supabase/migrations/20260805000002_v2_14_2_profiles_soft_delete.sql:28: NOTICE:  column "deleted_at" of relation "profiles" already exists, skipping
psql:/home/z/my-project/Costpro/supabase/migrations/20260805000002_v2_14_2_profiles_soft_delete.sql:28: NOTICE:  column "deletion_reason" of relation "profiles" already exists, skipping
psql:/home/z/my-project/Costpro/supabase/migrations/20260805000002_v2_14_2_profiles_soft_delete.sql:28: NOTICE:  column "deleted_by" of relation "profiles" already exists, skipping
psql:/home/z/my-project/Costpro/supabase/migrations/20260805000002_v2_14_2_profiles_soft_delete.sql:51: NOTICE:  relation "profiles_email_active_unique_idx" already exists, skipping
psql:/home/z/my-project/Costpro/supabase/migrations/20260805000002_v2_14_2_profiles_soft_delete.sql:54: NOTICE:  index "idx_profiles_email" does not exist, skipping
═══ 20260805000003_v2_14_3_orphaned_users_log.sql ═══
psql:/home/z/my-project/Costpro/supabase/migrations/20260805000003_v2_14_3_orphaned_users_log.sql:26: NOTICE:  relation "orphaned_users_log" already exists, skipping
psql:/home/z/my-project/Costpro/supabase/migrations/20260805000003_v2_14_3_orphaned_users_log.sql:44: NOTICE:  relation "idx_orphaned_users_log_status" already exists, skipping
psql:/home/z/my-project/Costpro/supabase/migrations/20260805000003_v2_14_3_orphaned_users_log.sql:47: NOTICE:  relation "idx_orphaned_users_log_resolved_by" already exists, skipping
═══ 20260805000004_v2_14_4_user_invitations.sql ═══
psql:/home/z/my-project/Costpro/supabase/migrations/20260805000004_v2_14_4_user_invitations.sql:27: NOTICE:  relation "user_invitations" already exists, skipping
psql:/home/z/my-project/Costpro/supabase/migrations/20260805000004_v2_14_4_user_invitations.sql:45: NOTICE:  relation "idx_user_invitations_email" already exists, skipping
psql:/home/z/my-project/Costpro/supabase/migrations/20260805000004_v2_14_4_user_invitations.sql:48: NOTICE:  relation "idx_user_invitations_store" already exists, skipping
psql:/home/z/my-project/Costpro/supabase/migrations/20260805000004_v2_14_4_user_invitations.sql:51: NOTICE:  relation "idx_user_invitations_status_expires" already exists, skipping
═══ 20260805000005_v2_14_5_user_audit_log_enhancements.sql ═══
psql:/home/z/my-project/Costpro/supabase/migrations/20260805000005_v2_14_5_user_audit_log_enhancements.sql:25: NOTICE:  relation "idx_user_audit_log_target_created" already exists, skipping
═══ 20260806000001_v2_15_1_tenants_enriched.sql ═══
psql:/home/z/my-project/Costpro/supabase/migrations/20260806000001_v2_15_1_tenants_enriched.sql:23: NOTICE:  column "owner_id" of relation "tenants" already exists, skipping
psql:/home/z/my-project/Costpro/supabase/migrations/20260806000001_v2_15_1_tenants_enriched.sql:23: NOTICE:  column "plan" of relation "tenants" already exists, skipping
psql:/home/z/my-project/Costpro/supabase/migrations/20260806000001_v2_15_1_tenants_enriched.sql:23: NOTICE:  column "subscription_status" of relation "tenants" already exists, skipping
psql:/home/z/my-project/Costpro/supabase/migrations/20260806000001_v2_15_1_tenants_enriched.sql:23: NOTICE:  column "stripe_customer_id" of relation "tenants" already exists, skipping
psql:/home/z/my-project/Costpro/supabase/migrations/20260806000001_v2_15_1_tenants_enriched.sql:23: NOTICE:  column "custom_domain" of relation "tenants" already exists, skipping
psql:/home/z/my-project/Costpro/supabase/migrations/20260806000001_v2_15_1_tenants_enriched.sql:23: NOTICE:  column "branding" of relation "tenants" already exists, skipping
psql:/home/z/my-project/Costpro/supabase/migrations/20260806000001_v2_15_1_tenants_enriched.sql:23: NOTICE:  column "is_active" of relation "tenants" already exists, skipping
psql:/home/z/my-project/Costpro/supabase/migrations/20260806000001_v2_15_1_tenants_enriched.sql:23: NOTICE:  column "trial_ends_at" of relation "tenants" already exists, skipping
psql:/home/z/my-project/Costpro/supabase/migrations/20260806000001_v2_15_1_tenants_enriched.sql:27: NOTICE:  relation "tenants_stripe_customer_id_idx" already exists, skipping
psql:/home/z/my-project/Costpro/supabase/migrations/20260806000001_v2_15_1_tenants_enriched.sql:30: NOTICE:  relation "tenants_custom_domain_idx" already exists, skipping
psql:/home/z/my-project/Costpro/supabase/migrations/20260806000001_v2_15_1_tenants_enriched.sql:32: NOTICE:  relation "tenants_owner_id_idx" already exists, skipping
psql:/home/z/my-project/Costpro/supabase/migrations/20260806000001_v2_15_1_tenants_enriched.sql:66: ERROR:  policy "tenants_delete_admin_only" for table "tenants" already exists
═══ 20260806000002_v2_15_2_user_role_tenant_admin.sql ═══
psql:/home/z/my-project/Costpro/supabase/migrations/20260806000002_v2_15_2_user_role_tenant_admin.sql:11: NOTICE:  enum label "tenant_admin" already exists, skipping
═══ 20260806000003_v2_15_3_migrate_existing_to_default_tenant.sql ═══
psql:/home/z/my-project/Costpro/supabase/migrations/20260806000003_v2_15_3_migrate_existing_to_default_tenant.sql:76: NOTICE:  Default tenant created/migrated: a37db6d1-821f-469d-82cc-ffbf107a4756
═══ 20260807000001_v2_16_1_transaction_items_full_columns.sql ═══
psql:/home/z/my-project/Costpro/supabase/migrations/20260807000001_v2_16_1_transaction_items_full_columns.sql:32: NOTICE:  column "zelle_paid" of relation "transaction_items" already exists, skipping
psql:/home/z/my-project/Costpro/supabase/migrations/20260807000001_v2_16_1_transaction_items_full_columns.sql:32: NOTICE:  column "currency" of relation "transaction_items" already exists, skipping
psql:/home/z/my-project/Costpro/supabase/migrations/20260807000001_v2_16_1_transaction_items_full_columns.sql:32: NOTICE:  column "exchange_rate" of relation "transaction_items" already exists, skipping
psql:/home/z/my-project/Costpro/supabase/migrations/20260807000001_v2_16_1_transaction_items_full_columns.sql:32: NOTICE:  column "cash_currency" of relation "transaction_items" already exists, skipping
psql:/home/z/my-project/Costpro/supabase/migrations/20260807000001_v2_16_1_transaction_items_full_columns.sql:32: NOTICE:  column "transfer_currency" of relation "transaction_items" already exists, skipping
psql:/home/z/my-project/Costpro/supabase/migrations/20260807000001_v2_16_1_transaction_items_full_columns.sql:32: NOTICE:  column "zelle_currency" of relation "transaction_items" already exists, skipping
psql:/home/z/my-project/Costpro/supabase/migrations/20260807000001_v2_16_1_transaction_items_full_columns.sql:32: NOTICE:  column "cash_discount_type" of relation "transaction_items" already exists, skipping
psql:/home/z/my-project/Costpro/supabase/migrations/20260807000001_v2_16_1_transaction_items_full_columns.sql:32: NOTICE:  column "cash_discount_value" of relation "transaction_items" already exists, skipping
psql:/home/z/my-project/Costpro/supabase/migrations/20260807000001_v2_16_1_transaction_items_full_columns.sql:32: NOTICE:  column "cash_discount_currency" of relation "transaction_items" already exists, skipping
psql:/home/z/my-project/Costpro/supabase/migrations/20260807000001_v2_16_1_transaction_items_full_columns.sql:32: NOTICE:  column "transfer_discount_type" of relation "transaction_items" already exists, skipping
psql:/home/z/my-project/Costpro/supabase/migrations/20260807000001_v2_16_1_transaction_items_full_columns.sql:32: NOTICE:  column "transfer_discount_value" of relation "transaction_items" already exists, skipping
psql:/home/z/my-project/Costpro/supabase/migrations/20260807000001_v2_16_1_transaction_items_full_columns.sql:32: NOTICE:  column "transfer_discount_currency" of relation "transaction_items" already exists, skipping
psql:/home/z/my-project/Costpro/supabase/migrations/20260807000001_v2_16_1_transaction_items_full_columns.sql:32: NOTICE:  column "zelle_discount_type" of relation "transaction_items" already exists, skipping
psql:/home/z/my-project/Costpro/supabase/migrations/20260807000001_v2_16_1_transaction_items_full_columns.sql:32: NOTICE:  column "zelle_discount_value" of relation "transaction_items" already exists, skipping
psql:/home/z/my-project/Costpro/supabase/migrations/20260807000001_v2_16_1_transaction_items_full_columns.sql:32: NOTICE:  column "zelle_discount_currency" of relation "transaction_items" already exists, skipping
═══ 20260807000002_v2_21_0_rls_backfill_tenant_id.sql ═══
psql:/home/z/my-project/Costpro/supabase/migrations/20260807000002_v2_21_0_rls_backfill_tenant_id.sql:124: NOTICE:  Backfill OK: 0 rows with tenant_id IS NULL
═══ 20260807000003_v2_21_0_rls_tenant_indexes.sql ═══
psql:/home/z/my-project/Costpro/supabase/migrations/20260807000003_v2_21_0_rls_tenant_indexes.sql:13: NOTICE:  relation "idx_products_tenant_id" already exists, skipping
psql:/home/z/my-project/Costpro/supabase/migrations/20260807000003_v2_21_0_rls_tenant_indexes.sql:16: NOTICE:  relation "idx_transactions_tenant_id" already exists, skipping
psql:/home/z/my-project/Costpro/supabase/migrations/20260807000003_v2_21_0_rls_tenant_indexes.sql:19: NOTICE:  relation "idx_stock_movements_tenant_id" already exists, skipping
psql:/home/z/my-project/Costpro/supabase/migrations/20260807000003_v2_21_0_rls_tenant_indexes.sql:22: NOTICE:  relation "idx_inventory_tenant_id" already exists, skipping
psql:/home/z/my-project/Costpro/supabase/migrations/20260807000003_v2_21_0_rls_tenant_indexes.sql:25: NOTICE:  relation "idx_profiles_tenant_id" already exists, skipping
psql:/home/z/my-project/Costpro/supabase/migrations/20260807000003_v2_21_0_rls_tenant_indexes.sql:28: NOTICE:  relation "idx_commission_payments_tenant_id" already exists, skipping
psql:/home/z/my-project/Costpro/supabase/migrations/20260807000003_v2_21_0_rls_tenant_indexes.sql:31: NOTICE:  relation "idx_commission_rules_tenant_id" already exists, skipping
psql:/home/z/my-project/Costpro/supabase/migrations/20260807000003_v2_21_0_rls_tenant_indexes.sql:34: NOTICE:  relation "idx_receipts_tenant_id" already exists, skipping
psql:/home/z/my-project/Costpro/supabase/migrations/20260807000003_v2_21_0_rls_tenant_indexes.sql:37: NOTICE:  relation "idx_workers_tenant_id" already exists, skipping
psql:/home/z/my-project/Costpro/supabase/migrations/20260807000003_v2_21_0_rls_tenant_indexes.sql:40: NOTICE:  relation "idx_sales_transactions_tenant_id" already exists, skipping
psql:/home/z/my-project/Costpro/supabase/migrations/20260807000003_v2_21_0_rls_tenant_indexes.sql:43: NOTICE:  relation "idx_production_orders_tenant_id" already exists, skipping
psql:/home/z/my-project/Costpro/supabase/migrations/20260807000003_v2_21_0_rls_tenant_indexes.sql:46: NOTICE:  relation "idx_audit_events_tenant_id" already exists, skipping
psql:/home/z/my-project/Costpro/supabase/migrations/20260807000003_v2_21_0_rls_tenant_indexes.sql:49: NOTICE:  relation "idx_stores_tenant_id" already exists, skipping
psql:/home/z/my-project/Costpro/supabase/migrations/20260807000003_v2_21_0_rls_tenant_indexes.sql:52: NOTICE:  relation "idx_transfers_tenant_id" already exists, skipping
psql:/home/z/my-project/Costpro/supabase/migrations/20260807000003_v2_21_0_rls_tenant_indexes.sql:55: NOTICE:  relation "idx_bulk_ops_log_tenant_id" already exists, skipping
═══ 20260807000005_v2_21_0_rls_tenant_policies.sql ═══
psql:/home/z/my-project/Costpro/supabase/migrations/20260807000005_v2_21_0_rls_tenant_policies.sql:35: ERROR:  policy "products_tenant_select" for table "products" already exists
psql:/home/z/my-project/Costpro/supabase/migrations/20260807000005_v2_21_0_rls_tenant_policies.sql:47: ERROR:  policy "products_tenant_insert" for table "products" already exists
psql:/home/z/my-project/Costpro/supabase/migrations/20260807000005_v2_21_0_rls_tenant_policies.sql:67: ERROR:  policy "products_tenant_update" for table "products" already exists
psql:/home/z/my-project/Costpro/supabase/migrations/20260807000005_v2_21_0_rls_tenant_policies.sql:79: ERROR:  policy "products_tenant_delete" for table "products" already exists
psql:/home/z/my-project/Costpro/supabase/migrations/20260807000005_v2_21_0_rls_tenant_policies.sql:94: ERROR:  policy "transactions_tenant_select" for table "transactions" already exists
psql:/home/z/my-project/Costpro/supabase/migrations/20260807000005_v2_21_0_rls_tenant_policies.sql:106: ERROR:  policy "transactions_tenant_update" for table "transactions" already exists
psql:/home/z/my-project/Costpro/supabase/migrations/20260807000005_v2_21_0_rls_tenant_policies.sql:118: ERROR:  policy "transactions_tenant_delete" for table "transactions" already exists
psql:/home/z/my-project/Costpro/supabase/migrations/20260807000005_v2_21_0_rls_tenant_policies.sql:133: ERROR:  policy "stock_movements_tenant_select" for table "stock_movements" already exists
psql:/home/z/my-project/Costpro/supabase/migrations/20260807000005_v2_21_0_rls_tenant_policies.sql:145: ERROR:  policy "stock_movements_tenant_delete" for table "stock_movements" already exists
psql:/home/z/my-project/Costpro/supabase/migrations/20260807000005_v2_21_0_rls_tenant_policies.sql:160: ERROR:  policy "inventory_tenant_select" for table "inventory" already exists
psql:/home/z/my-project/Costpro/supabase/migrations/20260807000005_v2_21_0_rls_tenant_policies.sql:179: ERROR:  policy "profiles_tenant_select" for table "profiles" already exists
psql:/home/z/my-project/Costpro/supabase/migrations/20260807000005_v2_21_0_rls_tenant_policies.sql:205: ERROR:  policy "profiles_tenant_update" for table "profiles" already exists
psql:/home/z/my-project/Costpro/supabase/migrations/20260807000005_v2_21_0_rls_tenant_policies.sql:220: ERROR:  policy "commission_payments_tenant_select" for table "commission_payments" already exists
psql:/home/z/my-project/Costpro/supabase/migrations/20260807000005_v2_21_0_rls_tenant_policies.sql:235: ERROR:  policy "commission_rules_tenant_select" for table "commission_rules" already exists
psql:/home/z/my-project/Costpro/supabase/migrations/20260807000005_v2_21_0_rls_tenant_policies.sql:250: ERROR:  policy "receipts_tenant_select" for table "receipts" already exists
psql:/home/z/my-project/Costpro/supabase/migrations/20260807000005_v2_21_0_rls_tenant_policies.sql:262: ERROR:  policy "receipts_tenant_update" for table "receipts" already exists
psql:/home/z/my-project/Costpro/supabase/migrations/20260807000005_v2_21_0_rls_tenant_policies.sql:277: ERROR:  policy "workers_tenant_select" for table "workers" already exists
psql:/home/z/my-project/Costpro/supabase/migrations/20260807000005_v2_21_0_rls_tenant_policies.sql:292: ERROR:  policy "sales_transactions_tenant_select" for table "sales_transactions" already exists
psql:/home/z/my-project/Costpro/supabase/migrations/20260807000005_v2_21_0_rls_tenant_policies.sql:307: ERROR:  policy "production_orders_tenant_select" for table "production_orders" already exists
psql:/home/z/my-project/Costpro/supabase/migrations/20260807000005_v2_21_0_rls_tenant_policies.sql:321: ERROR:  policy "audit_events_tenant_select" for table "audit_events" already exists
psql:/home/z/my-project/Costpro/supabase/migrations/20260807000005_v2_21_0_rls_tenant_policies.sql:336: ERROR:  policy "price_change_history_tenant_select" for table "price_change_history" already exists
psql:/home/z/my-project/Costpro/supabase/migrations/20260807000005_v2_21_0_rls_tenant_policies.sql:365: ERROR:  policy "stores_tenant_select" for table "stores" already exists
psql:/home/z/my-project/Costpro/supabase/migrations/20260807000005_v2_21_0_rls_tenant_policies.sql:377: ERROR:  policy "stores_tenant_update" for table "stores" already exists
psql:/home/z/my-project/Costpro/supabase/migrations/20260807000005_v2_21_0_rls_tenant_policies.sql:389: ERROR:  policy "stores_tenant_delete" for table "stores" already exists
psql:/home/z/my-project/Costpro/supabase/migrations/20260807000005_v2_21_0_rls_tenant_policies.sql:405: ERROR:  policy "transfers_tenant_select" for table "transfers" already exists
psql:/home/z/my-project/Costpro/supabase/migrations/20260807000005_v2_21_0_rls_tenant_policies.sql:419: ERROR:  policy "bulk_ops_log_tenant_select" for table "bulk_ops_log" already exists
═══ 20260807000006_v2_21_0_rls_insert_with_check.sql ═══
psql:/home/z/my-project/Costpro/supabase/migrations/20260807000006_v2_21_0_rls_insert_with_check.sql:26: ERROR:  policy "transactions_tenant_insert_with_check" for table "transactions" already exists
psql:/home/z/my-project/Costpro/supabase/migrations/20260807000006_v2_21_0_rls_insert_with_check.sql:38: ERROR:  policy "cash_closures_tenant_insert_with_check" for table "cash_closures" already exists
psql:/home/z/my-project/Costpro/supabase/migrations/20260807000006_v2_21_0_rls_insert_with_check.sql:50: ERROR:  policy "devolutions_tenant_insert_with_check" for table "devolutions" already exists
psql:/home/z/my-project/Costpro/supabase/migrations/20260807000006_v2_21_0_rls_insert_with_check.sql:62: ERROR:  policy "inventory_adjustments_tenant_insert_with_check" for table "inventory_adjustments" already exists
psql:/home/z/my-project/Costpro/supabase/migrations/20260807000006_v2_21_0_rls_insert_with_check.sql:74: ERROR:  policy "kardex_entries_tenant_insert_with_check" for table "kardex_entries" already exists
psql:/home/z/my-project/Costpro/supabase/migrations/20260807000006_v2_21_0_rls_insert_with_check.sql:86: ERROR:  policy "payment_transactions_tenant_insert_with_check" for table "payment_transactions" already exists
psql:/home/z/my-project/Costpro/supabase/migrations/20260807000006_v2_21_0_rls_insert_with_check.sql:99: ERROR:  policy "price_change_history_tenant_insert_with_check" for table "price_change_history" already exists
═══ 20260807000007_v2_21_0_rls_feature_flag.sql ═══
psql:/home/z/my-project/Costpro/supabase/migrations/20260807000007_v2_21_0_rls_feature_flag.sql:31: NOTICE:  app.use_tenant_rls current value: NULL (flag disabled)
psql:/home/z/my-project/Costpro/supabase/migrations/20260807000007_v2_21_0_rls_feature_flag.sql:31: NOTICE:  Flag is DISABLED
═══ 20260807000009_v2_21_3_fix_z_reports_unique_index.sql ═══
psql:/home/z/my-project/Costpro/supabase/migrations/20260807000009_v2_21_3_fix_z_reports_unique_index.sql:15: NOTICE:  index "z_reports_z_report_number_idx" does not exist, skipping
psql:/home/z/my-project/Costpro/supabase/migrations/20260807000009_v2_21_3_fix_z_reports_unique_index.sql:17: NOTICE:  relation "z_reports_store_z_report_number_idx" already exists, skipping
═══ 20260807000012_v2_21_5_rls_drop_old_policies.sql ═══
psql:/home/z/my-project/Costpro/supabase/migrations/20260807000012_v2_21_5_rls_drop_old_policies.sql:30: NOTICE:  policy "inventory_select_isolated" for relation "public.inventory" does not exist, skipping
psql:/home/z/my-project/Costpro/supabase/migrations/20260807000012_v2_21_5_rls_drop_old_policies.sql:33: NOTICE:  policy "profiles_select_v2" for relation "public.profiles" does not exist, skipping
psql:/home/z/my-project/Costpro/supabase/migrations/20260807000012_v2_21_5_rls_drop_old_policies.sql:34: NOTICE:  policy "profiles_update_v2" for relation "public.profiles" does not exist, skipping
psql:/home/z/my-project/Costpro/supabase/migrations/20260807000012_v2_21_5_rls_drop_old_policies.sql:55: NOTICE:  policy "Users can read their store history" for relation "public.price_change_history" does not exist, skipping
psql:/home/z/my-project/Costpro/supabase/migrations/20260807000012_v2_21_5_rls_drop_old_policies.sql:56: NOTICE:  policy "Users can insert their store history" for relation "public.price_change_history" does not exist, skipping
═══ 20260807000014_v2_23_0_receipts_hardening.sql ═══
psql:/home/z/my-project/Costpro/supabase/migrations/20260807000014_v2_23_0_receipts_hardening.sql:12: NOTICE:  relation "idx_receipts_store_reference_doc" already exists, skipping
psql:/home/z/my-project/Costpro/supabase/migrations/20260807000014_v2_23_0_receipts_hardening.sql:25: NOTICE:  policy "receipt_items_update_isolated" for relation "public.receipt_items" does not exist, skipping
psql:/home/z/my-project/Costpro/supabase/migrations/20260807000014_v2_23_0_receipts_hardening.sql:26: NOTICE:  policy "receipt_items_delete_isolated" for relation "public.receipt_items" does not exist, skipping
psql:/home/z/my-project/Costpro/supabase/migrations/20260807000014_v2_23_0_receipts_hardening.sql:31: ERROR:  policy "receipt_items_update_denied" for table "receipt_items" already exists
psql:/home/z/my-project/Costpro/supabase/migrations/20260807000014_v2_23_0_receipts_hardening.sql:35: ERROR:  policy "receipt_items_delete_denied" for table "receipt_items" already exists
═══ 20260808000001_v2_17_1_reverse_transaction_v2.sql ═══
psql:/home/z/my-project/Costpro/supabase/migrations/20260808000001_v2_17_1_reverse_transaction_v2.sql:16: NOTICE:  enum label "sale_reverse" already exists, skipping
═══ 20260808000001_v2_24_g1_schema_sync.sql ═══
psql:/home/z/my-project/Costpro/supabase/migrations/20260808000001_v2_24_g1_schema_sync.sql:18: NOTICE:  column "supplier_name" of relation "purchase_orders" already exists, skipping
psql:/home/z/my-project/Costpro/supabase/migrations/20260808000001_v2_24_g1_schema_sync.sql:18: NOTICE:  column "supplier_id" of relation "purchase_orders" already exists, skipping
psql:/home/z/my-project/Costpro/supabase/migrations/20260808000001_v2_24_g1_schema_sync.sql:18: NOTICE:  column "po_number" of relation "purchase_orders" already exists, skipping
psql:/home/z/my-project/Costpro/supabase/migrations/20260808000001_v2_24_g1_schema_sync.sql:18: NOTICE:  column "total_amount" of relation "purchase_orders" already exists, skipping
psql:/home/z/my-project/Costpro/supabase/migrations/20260808000001_v2_24_g1_schema_sync.sql:18: NOTICE:  column "notes" of relation "purchase_orders" already exists, skipping
psql:/home/z/my-project/Costpro/supabase/migrations/20260808000001_v2_24_g1_schema_sync.sql:18: NOTICE:  column "expected_date" of relation "purchase_orders" already exists, skipping
psql:/home/z/my-project/Costpro/supabase/migrations/20260808000001_v2_24_g1_schema_sync.sql:18: NOTICE:  column "updated_at" of relation "purchase_orders" already exists, skipping
psql:/home/z/my-project/Costpro/supabase/migrations/20260808000001_v2_24_g1_schema_sync.sql:62: NOTICE:  relation "uq_purchase_orders_store_po_number" already exists, skipping
psql:/home/z/my-project/Costpro/supabase/migrations/20260808000001_v2_24_g1_schema_sync.sql:80: NOTICE:  relation "idx_purchase_orders_supplier_id" already exists, skipping
═══ 20260808000002_v2_17_2_create_devolution_v2.sql ═══
psql:/home/z/my-project/Costpro/supabase/migrations/20260808000002_v2_17_2_create_devolution_v2.sql:12: NOTICE:  column "idempotency_key" of relation "devolutions" already exists, skipping
psql:/home/z/my-project/Costpro/supabase/migrations/20260808000002_v2_17_2_create_devolution_v2.sql:14: NOTICE:  relation "devolutions_idempotency_key_idx" already exists, skipping
═══ 20260808000002_v2_24_g2_enum_extend.sql ═══
psql:/home/z/my-project/Costpro/supabase/migrations/20260808000002_v2_24_g2_enum_extend.sql:9: NOTICE:  enum label "sent" already exists, skipping
psql:/home/z/my-project/Costpro/supabase/migrations/20260808000002_v2_24_g2_enum_extend.sql:12: NOTICE:  enum label "partial" already exists, skipping
═══ 20260808000004_v2_17_4_reverse_receipt_v2.sql ═══
psql:/home/z/my-project/Costpro/supabase/migrations/20260808000004_v2_17_4_reverse_receipt_v2.sql:14: NOTICE:  enum label "purchase_reverse" already exists, skipping
═══ 20260808000005_v2_24_g5_immutable_items.sql ═══
psql:/home/z/my-project/Costpro/supabase/migrations/20260808000005_v2_24_g5_immutable_items.sql:8: NOTICE:  policy "po_items_update_authenticated" for relation "public.purchase_order_items" does not exist, skipping
psql:/home/z/my-project/Costpro/supabase/migrations/20260808000005_v2_24_g5_immutable_items.sql:9: NOTICE:  policy "poi_upd" for relation "public.purchase_order_items" does not exist, skipping
psql:/home/z/my-project/Costpro/supabase/migrations/20260808000005_v2_24_g5_immutable_items.sql:19: ERROR:  policy "purchase_order_items_update_deny" for table "purchase_order_items" already exists
psql:/home/z/my-project/Costpro/supabase/migrations/20260808000005_v2_24_g5_immutable_items.sql:27: ERROR:  policy "purchase_order_items_delete_deny" for table "purchase_order_items" already exists
═══ 20260808000006_v2_24_g6_cxp_integration.sql ═══
psql:/home/z/my-project/Costpro/supabase/migrations/20260808000006_v2_24_g6_cxp_integration.sql:13: NOTICE:  column "po_id" of relation "receipts" already exists, skipping
psql:/home/z/my-project/Costpro/supabase/migrations/20260808000006_v2_24_g6_cxp_integration.sql:31: NOTICE:  relation "idx_receipts_po_id" already exists, skipping
═══ 20260809000001_v2_25_g1_schema_sync.sql ═══
psql:/home/z/my-project/Costpro/supabase/migrations/20260809000001_v2_25_g1_schema_sync.sql:99: NOTICE:  relation "uq_received_services_store_service_number" already exists, skipping
psql:/home/z/my-project/Costpro/supabase/migrations/20260809000001_v2_25_g1_schema_sync.sql:103: NOTICE:  relation "uq_scd_service_receipt_item" already exists, skipping
psql:/home/z/my-project/Costpro/supabase/migrations/20260809000001_v2_25_g1_schema_sync.sql:107: NOTICE:  relation "idx_sal_created_at" already exists, skipping
═══ 20260809000002_v2_25_g2_rls_deny.sql ═══
psql:/home/z/my-project/Costpro/supabase/migrations/20260809000002_v2_25_g2_rls_deny.sql:17: ERROR:  policy "scd_select_authenticated" for table "service_cost_distributions" already exists
psql:/home/z/my-project/Costpro/supabase/migrations/20260809000002_v2_25_g2_rls_deny.sql:25: ERROR:  policy "scd_insert_authenticated" for table "service_cost_distributions" already exists
psql:/home/z/my-project/Costpro/supabase/migrations/20260809000002_v2_25_g2_rls_deny.sql:29: ERROR:  policy "scd_update_deny" for table "service_cost_distributions" already exists
psql:/home/z/my-project/Costpro/supabase/migrations/20260809000002_v2_25_g2_rls_deny.sql:33: ERROR:  policy "scd_delete_deny" for table "service_cost_distributions" already exists
psql:/home/z/my-project/Costpro/supabase/migrations/20260809000002_v2_25_g2_rls_deny.sql:45: ERROR:  policy "srl_select_authenticated" for table "service_reception_links" already exists
psql:/home/z/my-project/Costpro/supabase/migrations/20260809000002_v2_25_g2_rls_deny.sql:53: ERROR:  policy "srl_insert_authenticated" for table "service_reception_links" already exists
psql:/home/z/my-project/Costpro/supabase/migrations/20260809000002_v2_25_g2_rls_deny.sql:57: ERROR:  policy "srl_update_deny" for table "service_reception_links" already exists
psql:/home/z/my-project/Costpro/supabase/migrations/20260809000002_v2_25_g2_rls_deny.sql:61: ERROR:  policy "srl_delete_deny" for table "service_reception_links" already exists
psql:/home/z/my-project/Costpro/supabase/migrations/20260809000002_v2_25_g2_rls_deny.sql:77: ERROR:  policy "sal_select_authenticated" for table "service_audit_log" already exists
psql:/home/z/my-project/Costpro/supabase/migrations/20260809000002_v2_25_g2_rls_deny.sql:81: ERROR:  policy "sal_update_deny" for table "service_audit_log" already exists
psql:/home/z/my-project/Costpro/supabase/migrations/20260809000002_v2_25_g2_rls_deny.sql:85: ERROR:  policy "sal_delete_deny" for table "service_audit_log" already exists
═══ 20260809000005_v2_25_g5_create_received_service_v2.sql ═══
psql:/home/z/my-project/Costpro/supabase/migrations/20260809000005_v2_25_g5_create_received_service_v2.sql:7: NOTICE:  relation "service_number_seq" already exists, skipping
═══ 20260809000012_v2_25_1_hotfix_trigger_select_policy.sql ═══
psql:/home/z/my-project/Costpro/supabase/migrations/20260809000012_v2_25_1_hotfix_trigger_select_policy.sql:107: ERROR:  policy "received_services_select_authenticated" for table "received_services" already exists
═══ 20260810000001_v2_19_1_document_sequences.sql ═══
psql:/home/z/my-project/Costpro/supabase/migrations/20260810000001_v2_19_1_document_sequences.sql:19: NOTICE:  relation "document_sequences" already exists, skipping
psql:/home/z/my-project/Costpro/supabase/migrations/20260810000001_v2_19_1_document_sequences.sql:22: NOTICE:  relation "document_sequences_store_type_year_idx" already exists, skipping
═══ 20260810000001_v2_26_g1_schema_sync.sql ═══
psql:/home/z/my-project/Costpro/supabase/migrations/20260810000001_v2_26_g1_schema_sync.sql:29: NOTICE:  column "idempotency_key" of relation "production_orders" already exists, skipping
psql:/home/z/my-project/Costpro/supabase/migrations/20260810000001_v2_26_g1_schema_sync.sql:34: NOTICE:  column "output_total_cost" of relation "production_orders" already exists, skipping
psql:/home/z/my-project/Costpro/supabase/migrations/20260810000001_v2_26_g1_schema_sync.sql:34: NOTICE:  column "output_unit_cost" of relation "production_orders" already exists, skipping
psql:/home/z/my-project/Costpro/supabase/migrations/20260810000001_v2_26_g1_schema_sync.sql:43: NOTICE:  relation "uq_production_orders_store_order_number" already exists, skipping
psql:/home/z/my-project/Costpro/supabase/migrations/20260810000001_v2_26_g1_schema_sync.sql:48: NOTICE:  relation "uq_production_orders_idempotency_key" already exists, skipping
psql:/home/z/my-project/Costpro/supabase/migrations/20260810000001_v2_26_g1_schema_sync.sql:51: NOTICE:  relation "production_order_number_seq" already exists, skipping
psql:/home/z/my-project/Costpro/supabase/migrations/20260810000001_v2_26_g1_schema_sync.sql:69: NOTICE:  enum label "production_reverse" already exists, skipping
═══ 20260810000002_v2_19_2_z_reports.sql ═══
psql:/home/z/my-project/Costpro/supabase/migrations/20260810000002_v2_19_2_z_reports.sql:33: NOTICE:  relation "z_reports" already exists, skipping
psql:/home/z/my-project/Costpro/supabase/migrations/20260810000002_v2_19_2_z_reports.sql:36: NOTICE:  relation "z_reports_store_date_idx" already exists, skipping
psql:/home/z/my-project/Costpro/supabase/migrations/20260810000002_v2_19_2_z_reports.sql:37: NOTICE:  relation "z_reports_cash_closure_idx" already exists, skipping
═══ 20260810000003_v2_19_3_invoice_number_fiscal_lock.sql ═══
psql:/home/z/my-project/Costpro/supabase/migrations/20260810000003_v2_19_3_invoice_number_fiscal_lock.sql:13: NOTICE:  column "invoice_number" of relation "transactions" already exists, skipping
psql:/home/z/my-project/Costpro/supabase/migrations/20260810000003_v2_19_3_invoice_number_fiscal_lock.sql:14: NOTICE:  relation "transactions_invoice_number_idx" already exists, skipping
═══ 20260810000012_v2_26_hotfix3_idempotency_registry.sql ═══
psql:/home/z/my-project/Costpro/supabase/migrations/20260810000012_v2_26_hotfix3_idempotency_registry.sql:14: NOTICE:  relation "idempotency_registry" already exists, skipping
psql:/home/z/my-project/Costpro/supabase/migrations/20260810000012_v2_26_hotfix3_idempotency_registry.sql:18: NOTICE:  relation "uq_idempotency_key_operation" already exists, skipping
psql:/home/z/my-project/Costpro/supabase/migrations/20260810000012_v2_26_hotfix3_idempotency_registry.sql:24: ERROR:  policy "idem_reg_service_role_all" for table "idempotency_registry" already exists
═══ 20260810000070_pr4_4e_timezone_services_document.sql ═══
psql:/home/z/my-project/Costpro/supabase/migrations/20260810000070_pr4_4e_timezone_services_document.sql:77: NOTICE:  column "is_service" of relation "products" already exists, skipping
═══ 20260811000001_v2_20_1_audit_logs_trace_id.sql ═══
psql:/home/z/my-project/Costpro/supabase/migrations/20260811000001_v2_20_1_audit_logs_trace_id.sql:10: NOTICE:  column "trace_id" of relation "audit_logs" already exists, skipping
psql:/home/z/my-project/Costpro/supabase/migrations/20260811000001_v2_20_1_audit_logs_trace_id.sql:13: NOTICE:  relation "idx_audit_logs_trace_id" already exists, skipping
═══ 20260812000001_pr4_4i_payment_transactions_hardening.sql ═══
psql:/home/z/my-project/Costpro/supabase/migrations/20260812000001_pr4_4i_payment_transactions_hardening.sql:63: NOTICE:  Role costpro_transaction_adjuster ensured NOLOGIN NOINHERIT
psql:/home/z/my-project/Costpro/supabase/migrations/20260812000001_pr4_4i_payment_transactions_hardening.sql:67: NOTICE:  column "transaction_id" of relation "payment_transactions" already exists, skipping
psql:/home/z/my-project/Costpro/supabase/migrations/20260812000001_pr4_4i_payment_transactions_hardening.sql:80: NOTICE:  relation "idx_payment_transactions_transaction_id" already exists, skipping
═══ 20260817000001_vale_salida.sql ═══
psql:/home/z/my-project/Costpro/supabase/migrations/20260817000001_vale_salida.sql:87: NOTICE:  relation "issue_slips" already exists, skipping
psql:/home/z/my-project/Costpro/supabase/migrations/20260817000001_vale_salida.sql:115: NOTICE:  relation "issue_slips_pkey" already exists, skipping
psql:/home/z/my-project/Costpro/supabase/migrations/20260817000001_vale_salida.sql:116: NOTICE:  relation "issue_slips_slip_number_store_idx" already exists, skipping
psql:/home/z/my-project/Costpro/supabase/migrations/20260817000001_vale_salida.sql:117: NOTICE:  relation "issue_slips_store_idx" already exists, skipping
psql:/home/z/my-project/Costpro/supabase/migrations/20260817000001_vale_salida.sql:118: NOTICE:  relation "issue_slips_production_order_idx" already exists, skipping
psql:/home/z/my-project/Costpro/supabase/migrations/20260817000001_vale_salida.sql:135: NOTICE:  relation "issue_slip_items" already exists, skipping
psql:/home/z/my-project/Costpro/supabase/migrations/20260817000001_vale_salida.sql:163: NOTICE:  relation "issue_slip_items_pkey" already exists, skipping
psql:/home/z/my-project/Costpro/supabase/migrations/20260817000001_vale_salida.sql:164: NOTICE:  relation "issue_slip_items_slip_idx" already exists, skipping
psql:/home/z/my-project/Costpro/supabase/migrations/20260817000001_vale_salida.sql:165: NOTICE:  relation "issue_slip_items_product_idx" already exists, skipping
psql:/home/z/my-project/Costpro/supabase/migrations/20260817000001_vale_salida.sql:166: NOTICE:  relation "issue_slip_items_po_item_idx" already exists, skipping
═══ 20260818000001_security_hardening_h1_h2_h3.sql ═══
psql:/home/z/my-project/Costpro/supabase/migrations/20260818000001_security_hardening_h1_h2_h3.sql:84: NOTICE:  soft_delete_store source length: 2559
═══ 20260818000002_bulk_delete_functions_versioned.sql ═══
psql:/home/z/my-project/Costpro/supabase/migrations/20260818000002_bulk_delete_functions_versioned.sql:18: ERROR:  syntax error at or near "ARRAY"
LINE 4:   store_ids ARRAY NOT NULL,
                    ^
psql:/home/z/my-project/Costpro/supabase/migrations/20260818000002_bulk_delete_functions_versioned.sql:167: ERROR:  syntax error at or near "REVOKE"
LINE 146: REVOKE EXECUTE ON FUNCTION public.bulk_soft_delete_stores FR...
          ^
psql:/home/z/my-project/Costpro/supabase/migrations/20260818000002_bulk_delete_functions_versioned.sql:203: ERROR:  syntax error at or near "REVOKE"
LINE 32: REVOKE EXECUTE ON FUNCTION public.check_bulk_ops_hourly_limi...
         ^
psql:/home/z/my-project/Costpro/supabase/migrations/20260818000002_bulk_delete_functions_versioned.sql:254: ERROR:  syntax error at or near "REVOKE"
LINE 47: REVOKE EXECUTE ON FUNCTION public.generate_bulk_confirmation...
         ^
psql:/home/z/my-project/Costpro/supabase/migrations/20260818000002_bulk_delete_functions_versioned.sql:331: ERROR:  syntax error at or near "REVOKE"
LINE 73: REVOKE EXECUTE ON FUNCTION public.generate_bulk_override_tok...
         ^
═══ 20260820000002_catalog_pagination_v2.sql ═══
psql:/home/z/my-project/Costpro/supabase/migrations/20260820000002_catalog_pagination_v2.sql:7: NOTICE:  function public.get_paginated_products_v2(pg_catalog.int4,pg_catalog.int4,uuid,text,text,text,text,text,text,pg_catalog.int4) does not exist, skipping
═══ 20260820000008_catalog_hardening.sql ═══
psql:/home/z/my-project/Costpro/supabase/migrations/20260820000008_catalog_hardening.sql:25: ERROR:  constraint "products_min_stock_check" for relation "products" already exists
psql:/home/z/my-project/Costpro/supabase/migrations/20260820000008_catalog_hardening.sql:48: NOTICE:  relation "internal_barcode_seq" already exists, skipping
psql:/home/z/my-project/Costpro/supabase/migrations/20260820000008_catalog_hardening.sql:77: NOTICE:  trigger "trg_ensure_product_barcode" for relation "public.products" does not exist, skipping
psql:/home/z/my-project/Costpro/supabase/migrations/20260820000008_catalog_hardening.sql:88: NOTICE:  relation "products_barcode_unique" already exists, skipping
═══ 20260823000002_get_paginated_products_v2_add_fields.sql ═══
psql:/home/z/my-project/Costpro/supabase/migrations/20260823000002_get_paginated_products_v2_add_fields.sql:26: NOTICE:  column "precio_empresa_currency" of relation "products" already exists, skipping
═══ 20260824000001_telegram_auto_publish.sql ═══
psql:/home/z/my-project/Costpro/supabase/migrations/20260824000001_telegram_auto_publish.sql:15: NOTICE:  column "auto_publish_enabled" of relation "telegram_configs" already exists, skipping
psql:/home/z/my-project/Costpro/supabase/migrations/20260824000001_telegram_auto_publish.sql:15: NOTICE:  column "last_publish_at" of relation "telegram_configs" already exists, skipping
psql:/home/z/my-project/Costpro/supabase/migrations/20260824000001_telegram_auto_publish.sql:15: NOTICE:  column "last_product_id" of relation "telegram_configs" already exists, skipping
psql:/home/z/my-project/Costpro/supabase/migrations/20260824000001_telegram_auto_publish.sql:15: NOTICE:  column "last_publish_status" of relation "telegram_configs" already exists, skipping
psql:/home/z/my-project/Costpro/supabase/migrations/20260824000001_telegram_auto_publish.sql:15: NOTICE:  column "last_publish_error" of relation "telegram_configs" already exists, skipping
psql:/home/z/my-project/Costpro/supabase/migrations/20260824000001_telegram_auto_publish.sql:39: NOTICE:  relation "telegram_product_posts" already exists, skipping
psql:/home/z/my-project/Costpro/supabase/migrations/20260824000001_telegram_auto_publish.sql:41: NOTICE:  relation "idx_tg_posts_store" already exists, skipping
psql:/home/z/my-project/Costpro/supabase/migrations/20260824000001_telegram_auto_publish.sql:42: NOTICE:  relation "idx_tg_posts_product" already exists, skipping
psql:/home/z/my-project/Costpro/supabase/migrations/20260824000001_telegram_auto_publish.sql:43: NOTICE:  relation "idx_tg_posts_store_created" already exists, skipping
psql:/home/z/my-project/Costpro/supabase/migrations/20260824000001_telegram_auto_publish.sql:51: ERROR:  policy "Users can view own store posts" for table "telegram_product_posts" already exists
psql:/home/z/my-project/Costpro/supabase/migrations/20260824000001_telegram_auto_publish.sql:60: ERROR:  policy "Users can manage own store posts" for table "telegram_product_posts" already exists
═══ 20260824000002_telegram_show_price_units.sql ═══
psql:/home/z/my-project/Costpro/supabase/migrations/20260824000002_telegram_show_price_units.sql:23: NOTICE:  column "show_price" of relation "telegram_configs" already exists, skipping
psql:/home/z/my-project/Costpro/supabase/migrations/20260824000002_telegram_show_price_units.sql:23: NOTICE:  column "show_physical_units" of relation "telegram_configs" already exists, skipping
═══ 20260824000003_telegram_interval_minutes.sql ═══
psql:/home/z/my-project/Costpro/supabase/migrations/20260824000003_telegram_interval_minutes.sql:25: ERROR:  column "auto_publish_interval_minutes" of relation "telegram_configs" already exists
psql:/home/z/my-project/Costpro/supabase/migrations/20260824000003_telegram_interval_minutes.sql:38: ERROR:  constraint "telegram_configs_interval_minutes_check" for relation "telegram_configs" already exists
═══ 20260824000004_whatsapp_auto_publish.sql ═══
psql:/home/z/my-project/Costpro/supabase/migrations/20260824000004_whatsapp_auto_publish.sql:35: NOTICE:  column "auto_publish_enabled" of relation "whatsapp_configs" already exists, skipping
psql:/home/z/my-project/Costpro/supabase/migrations/20260824000004_whatsapp_auto_publish.sql:35: NOTICE:  column "auto_publish_interval_minutes" of relation "whatsapp_configs" already exists, skipping
psql:/home/z/my-project/Costpro/supabase/migrations/20260824000004_whatsapp_auto_publish.sql:35: NOTICE:  column "last_publish_at" of relation "whatsapp_configs" already exists, skipping
psql:/home/z/my-project/Costpro/supabase/migrations/20260824000004_whatsapp_auto_publish.sql:35: NOTICE:  column "last_product_id" of relation "whatsapp_configs" already exists, skipping
psql:/home/z/my-project/Costpro/supabase/migrations/20260824000004_whatsapp_auto_publish.sql:35: NOTICE:  column "last_publish_status" of relation "whatsapp_configs" already exists, skipping
psql:/home/z/my-project/Costpro/supabase/migrations/20260824000004_whatsapp_auto_publish.sql:35: NOTICE:  column "last_publish_error" of relation "whatsapp_configs" already exists, skipping
psql:/home/z/my-project/Costpro/supabase/migrations/20260824000004_whatsapp_auto_publish.sql:35: NOTICE:  column "show_price" of relation "whatsapp_configs" already exists, skipping
psql:/home/z/my-project/Costpro/supabase/migrations/20260824000004_whatsapp_auto_publish.sql:35: NOTICE:  column "show_physical_units" of relation "whatsapp_configs" already exists, skipping
psql:/home/z/my-project/Costpro/supabase/migrations/20260824000004_whatsapp_auto_publish.sql:49: ERROR:  constraint "whatsapp_configs_interval_minutes_check" for relation "whatsapp_configs" already exists
psql:/home/z/my-project/Costpro/supabase/migrations/20260824000004_whatsapp_auto_publish.sql:76: NOTICE:  relation "whatsapp_product_posts" already exists, skipping
psql:/home/z/my-project/Costpro/supabase/migrations/20260824000004_whatsapp_auto_publish.sql:78: NOTICE:  relation "idx_wa_posts_store" already exists, skipping
psql:/home/z/my-project/Costpro/supabase/migrations/20260824000004_whatsapp_auto_publish.sql:79: NOTICE:  relation "idx_wa_posts_product" already exists, skipping
psql:/home/z/my-project/Costpro/supabase/migrations/20260824000004_whatsapp_auto_publish.sql:80: NOTICE:  relation "idx_wa_posts_store_created" already exists, skipping
psql:/home/z/my-project/Costpro/supabase/migrations/20260824000004_whatsapp_auto_publish.sql:81: NOTICE:  relation "idx_wa_posts_store_status" already exists, skipping
psql:/home/z/my-project/Costpro/supabase/migrations/20260824000004_whatsapp_auto_publish.sql:90: ERROR:  policy "Users can view own store whatsapp posts" for table "whatsapp_product_posts" already exists
psql:/home/z/my-project/Costpro/supabase/migrations/20260824000004_whatsapp_auto_publish.sql:99: ERROR:  policy "Users can manage own store whatsapp posts" for table "whatsapp_product_posts" already exists
═══ 20260827000006_exchange_rates_manual_hardening.sql ═══
psql:/home/z/my-project/Costpro/supabase/migrations/20260827000006_exchange_rates_manual_hardening.sql:56: NOTICE:  relation "exchange_rate_audit" already exists, skipping
psql:/home/z/my-project/Costpro/supabase/migrations/20260827000006_exchange_rates_manual_hardening.sql:60: NOTICE:  relation "idx_exchange_rate_audit_currency_date" already exists, skipping
psql:/home/z/my-project/Costpro/supabase/migrations/20260827000006_exchange_rates_manual_hardening.sql:62: NOTICE:  relation "idx_exchange_rate_audit_actor" already exists, skipping
