identity	git_final_source	live_ref	body	security	search_path	signature	body_note	overall	git_final_body_md5	live_prosrc_md5
public.is_admin()	git:20260627000001_versionar_has_store_access.sql	oid:17741	MATCH_BYTE	MATCH	MATCH	MATCH	final declarado	MATCH	d3d5d5f7c3b24201ed6b62a7114bb49f	d3d5d5f7c3b24201ed6b62a7114bb49f
public.fn_update_inventory_on_movement()	NOT_IN_GIT	oid:20168	-	-	-	-	-	ORPHAN_LIVE	-	-
public.generate_inventory_snapshot(p_store_id uuid)	NOT_IN_GIT	oid:20172	-	-	-	-	-	ORPHAN_LIVE	-	-
public.prevent_inventory_direct_write()	NOT_IN_GIT	oid:21386	-	-	-	-	-	ORPHAN_LIVE	-	-
public.record_sale_movement(p_store_id uuid, p_product_id uuid, p_variant_id uuid, p_quantity integer, p_reference text)	git:20260127_canonical_stock_movement.sql	oid:21401	MATCH_CANONICAL	MATCH	DRIFT_SEARCH_PATH	MATCH	final declarado (solo-ws)	DRIFT_ATTRS	bf46bb2450fafb5ad7342ec155a1a72c	50820c1a2e7a80ae89a8a2cefc0927ef
public.current_user_store_id()	git:20260118_multi_store_rls.sql	oid:21750	MATCH_CANONICAL	MATCH	DRIFT_SEARCH_PATH	MATCH	final declarado (solo-ws)	DRIFT_ATTRS	0a3720e8e6735b0a4aa3b2762af3da54	eff8c085c92c6063785a95b0e6dfa17b
public.get_user_role()	NOT_IN_GIT	oid:21751	-	-	-	-	-	ORPHAN_LIVE	-	-
public.prevent_direct_inventory_modification()	git:20260802000008_v2_12_47_restore_rpc_execute.sql	oid:21754	MATCH_BYTE	MATCH	MATCH	MATCH	final declarado	MATCH	c1f53ddabd1111ff93bb1a07aa9837b4	c1f53ddabd1111ff93bb1a07aa9837b4
public.cleanup_expired_idempotency_keys()	NOT_IN_GIT	oid:21756	-	-	-	-	-	ORPHAN_LIVE	-	-
public.has_any_role(required_roles user_role[])	git:20260118_multi_store_rls.sql	oid:21790	DRIFT_FUNCTION_BODY	MATCH	DRIFT_SEARCH_PATH	MATCH	cuerpo LIVE nunca declarado en Git	DRIFT_BODY	ad396fa554aa7b6f5e8190e9bbe763a7	d84e68029daf07caee08bfe479672eed
public.get_my_sales(p_search_query text, p_status text, p_date_from timestamp with time zone, p_date_to timestamp with time zone, p_min_amount numeric, p_max_amount numeric, p_sort_column text, p_sort_direction text, p_limit integer, p_offset integer)	NOT_IN_GIT	oid:23014	-	-	-	-	-	ORPHAN_LIVE	-	-
public.get_product_variants_counts()	NOT_IN_GIT	oid:24207	-	-	-	-	-	ORPHAN_LIVE	-	-
public.close_cash_session(p_session_id uuid, p_counted_cash numeric)	NOT_IN_GIT	oid:25489	-	-	-	-	-	ORPHAN_LIVE	-	-
public.check_active_user()	NOT_IN_GIT	oid:25491	-	-	-	-	-	ORPHAN_LIVE	-	-
public.check_cash_session_open()	NOT_IN_GIT	oid:25493	-	-	-	-	-	ORPHAN_LIVE	-	-
public.prevent_negative_inventory()	git:20260802000008_v2_12_47_restore_rpc_execute.sql	oid:25495	MATCH_BYTE	MATCH	MATCH	MATCH	final declarado	MATCH	406dc1ae83a5e672a3296e86f74b49b3	406dc1ae83a5e672a3296e86f74b49b3
public.alert_low_stock()	git:20260802000008_v2_12_47_restore_rpc_execute.sql	oid:25497	MATCH_BYTE	MATCH	MATCH	MATCH	final declarado	MATCH	59590dbd9588489ed3f27aa8ff609517	59590dbd9588489ed3f27aa8ff609517
public.apply_fifo_on_sale()	NOT_IN_GIT	oid:25555	-	-	-	-	-	ORPHAN_LIVE	-	-
public.update_inventory_after_sale()	NOT_IN_GIT	oid:25557	-	-	-	-	-	ORPHAN_LIVE	-	-
public.fn_sync_inventory_on_movement()	git:20260820000007_fix_h01_store_mismatch.sql	oid:26677	MATCH_BYTE	MATCH	MATCH	MATCH	final declarado	MATCH	6e3f97c765b82e692199a3b6428cafe3	6e3f97c765b82e692199a3b6428cafe3
public.fn_process_receipt(p_items jsonb, p_user_id uuid, p_reference text)	git:20260326_multi_tenant_hardening.sql	oid:26950	DRIFT_FUNCTION_BODY	MATCH	MATCH	MATCH	cuerpo LIVE nunca declarado en Git	DRIFT_BODY	b32dfcca5b9b06009567504dbee5abb5	99a3aed010e600b0e613f988ace09589
public.fn_process_sale(p_items jsonb, p_cashier_id uuid, p_payment_method text)	NOT_IN_GIT	oid:26951	-	-	-	-	-	ORPHAN_LIVE	-	-
public.fn_void_receipt(p_receipt_id uuid, p_user_id uuid)	NOT_IN_GIT	oid:26952	-	-	-	-	-	ORPHAN_LIVE	-	-
public.can_void_receipt(p_receipt_id uuid)	NOT_IN_GIT	oid:28123	-	-	-	-	-	ORPHAN_LIVE	-	-
public.log_transaction_changes()	git:20240325000000_harden_audit_triggers.sql	oid:28126	DRIFT_FUNCTION_BODY	MATCH	MATCH	MATCH	cuerpo LIVE nunca declarado en Git	DRIFT_BODY	3116c725681da8aa606cf88138f54b6b	8b1e75fc728c9cbb3da7db0f17ca6d56
public.get_inventory_report(p_from_date timestamp with time zone, p_to_date timestamp with time zone)	NOT_IN_GIT	oid:28149	-	-	-	-	-	ORPHAN_LIVE	-	-
public.get_inventory_with_costs(p_store_id uuid)	NOT_IN_GIT	oid:28152	-	-	-	-	-	ORPHAN_LIVE	-	-
public.get_my_sales(p_search_query text, p_status text, p_payment_method text, p_date_from timestamp with time zone, p_date_to timestamp with time zone, p_min_amount numeric, p_max_amount numeric, p_sort_column text, p_sort_direction text, p_limit integer, p_offset integer)	NOT_IN_GIT	oid:28159	-	-	-	-	-	ORPHAN_LIVE	-	-
public.get_my_sales_summary(p_period text)	NOT_IN_GIT	oid:28160	-	-	-	-	-	ORPHAN_LIVE	-	-
public.get_product_stock_ledger(p_product_id uuid, p_store_id uuid)	NOT_IN_GIT	oid:28163	-	-	-	-	-	ORPHAN_LIVE	-	-
public.get_inventory_report(p_store_id uuid, p_from_date timestamp with time zone, p_to_date timestamp with time zone)	NOT_IN_GIT	oid:28171	-	-	-	-	-	ORPHAN_LIVE	-	-
public.sync_products_stock_current()	git:20260802000008_v2_12_47_restore_rpc_execute.sql	oid:33484	MATCH_BYTE	MATCH	MATCH	MATCH	final declarado	MATCH	5cac0e005b65713a902ced43e2e64060	5cac0e005b65713a902ced43e2e64060
public.get_current_user_store_id()	git:20260118_multi_store_rls.sql	oid:33592	MATCH_CANONICAL	MATCH	DRIFT_SEARCH_PATH	MATCH	final declarado (solo-ws)	DRIFT_ATTRS	5bea3f9b2c7526a6273e7215b748107e	6c8c48f9d7b32c67837635b9e2ee347b
public.cancel_reception(p_reception_id uuid)	git:(migrations)/register_reception_rpc.sql	oid:34760	DRIFT_FUNCTION_BODY	MATCH	DRIFT_SEARCH_PATH	CHECK_ARGS	cuerpo LIVE nunca declarado en Git	DRIFT_SIGNATURE	56064cafed044ad8dd4513734681976a	529d9515419f4d6f61b129639a952dee
public.audit_profile_changes()	git:20260215_comprehensive_audit_logging.sql	oid:38096	MATCH_BYTE	DRIFT_SECURITY	DRIFT_SEARCH_PATH	MATCH	final declarado	DRIFT_ATTRS	c1685f4ecc1c40d71d3c6b770685e4eb	c1685f4ecc1c40d71d3c6b770685e4eb
public.audit_store_access_changes()	git:20260118_multi_store_audit.sql	oid:38098	MATCH_CANONICAL	DRIFT_SECURITY	DRIFT_SEARCH_PATH	MATCH	final declarado (solo-ws)	DRIFT_ATTRS	cc62e1f76609e45aff0ef10aa154ede2	a40a477e360307dac3ebda78b0c65be6
public.validate_active_store()	git:20260715000007_trigger_smart_update.sql	oid:38664	MATCH_BYTE	MATCH	DRIFT_SEARCH_PATH	MATCH	final declarado	DRIFT_ATTRS	da6ee996cd75f082c9a5e29b645021e6	da6ee996cd75f082c9a5e29b645021e6
public.enforce_encargado_store_limit()	git:20260118_multi_store_logic.sql	oid:38667	DRIFT_FUNCTION_BODY	MATCH	DRIFT_SEARCH_PATH	MATCH	cuerpo LIVE nunca declarado en Git	DRIFT_BODY	2ca7d5c49b6c9828172afe0f4dc3ae49	38189cdb76977416c4aeb10e86f61aa1
public.enforce_encargado_user_limit()	git:20260118_multi_store_logic.sql	oid:38669	DRIFT_FUNCTION_BODY	MATCH	DRIFT_SEARCH_PATH	MATCH	cuerpo LIVE nunca declarado en Git	DRIFT_BODY	165c6b29890daab6a8cebb59415e15be	167b455368c0bcc3306bb09605b7669d
public.auto_assign_store_to_creator()	git:20260126_unify_membership_logic.sql	oid:38671	DRIFT_FUNCTION_BODY	MATCH	DRIFT_SEARCH_PATH	MATCH	cuerpo LIVE nunca declarado en Git	DRIFT_BODY	f8529e2ed058f3acdfd0084063f07495	198101ae5f852c771f974ff082a50791
public.managed_create_store(p_name text, p_address text)	git:20260118_multi_store_managed_ops.sql	oid:38673	DRIFT_FUNCTION_BODY	MATCH	DRIFT_SEARCH_PATH	MATCH	cuerpo LIVE nunca declarado en Git	DRIFT_BODY	f9002a16354045a1155b7e66744743cf	db00285198d03f496932b480cb2a5947
public.has_store_access(p_store_id uuid)	git:20260627000001_versionar_has_store_access.sql	oid:38675	MATCH_BYTE	MATCH	MATCH	MATCH	final declarado	MATCH	5c7d310009f60aa864b5b97d00596e48	5c7d310009f60aa864b5b97d00596e48
public.manage_user_memberships(p_user_id uuid, p_memberships jsonb)	git:20260223_unify_and_cleanup_memberships.sql	oid:43261	DRIFT_FUNCTION_BODY	MATCH	DRIFT_SEARCH_PATH	MATCH	cuerpo LIVE nunca declarado en Git	DRIFT_BODY	950c6a40f7d00477b8f4472829e268f5	4ae7bcf18dcf4318c436ef62cf13bf51
public.update_updated_at_column()	git:20260612000000_create_ofertas.sql	oid:43263	MATCH_BYTE	MATCH	MATCH	MATCH	final declarado	MATCH	301a884953d37769916294bb60562e05	301a884953d37769916294bb60562e05
public.get_users_for_encargado(p_user_id uuid)	git:20260223_harden_user_management.sql	oid:44368	MATCH_BYTE	MATCH	MATCH	MATCH	versión HISTORICA Git (202401230001_add_get_users_for_encargado.sql); final declarado = 20260223_harden_user_management.sql	MATCH_STALE_VERSION	5dec8b4931dcb1de95a4a2cafc8594dd	3e5c5c70378087c826d51819cb68ad33
public.managed_delete_product(p_product_id uuid)	git:20260527094858_harden_tenant_isolation_products_stores_tenants.sql	oid:45939	DRIFT_FUNCTION_BODY	MATCH	MATCH	MATCH	cuerpo LIVE nunca declarado en Git	DRIFT_BODY	3be4ba5437c257b7e12e348bc31551dc	d5db3253f0c8ebeb5c500754302dc755
public.managed_toggle_product_active(p_product_id uuid, p_is_active boolean)	git:20260527094858_harden_tenant_isolation_products_stores_tenants.sql	oid:45940	DRIFT_FUNCTION_BODY	MATCH	MATCH	MATCH	cuerpo LIVE nunca declarado en Git	DRIFT_BODY	3340bd84642b03a0ec73be94b4607bb8	c79e4f4e9725d2239ebb6975bac2570c
public.is_manager_of_store(p_store_id uuid)	NOT_IN_GIT	oid:47064	-	-	-	-	-	ORPHAN_LIVE	-	-
public.get_my_role()	git:20260209_fix_critical_rls_issues.sql	oid:47075	DRIFT_FUNCTION_BODY	MATCH	DRIFT_SEARCH_PATH	MATCH	cuerpo LIVE nunca declarado en Git	DRIFT_BODY	1b81790370a1fdf71ab44da7ea298ef2	80f57711b48479b855bc1f0ccfc120af
public.is_store_manager(p_store_id uuid)	git:20260126_final_rls_fix.sql	oid:47076	MATCH_CANONICAL	MATCH	DRIFT_SEARCH_PATH	MATCH	final declarado (solo-ws)	DRIFT_ATTRS	b36614702457e94a995852d4cbf9a3a2	8a7302dccc00d937e6d7be0e7ef26099
public.get_audit_logs(p_store_id uuid, p_search_term text, p_date_from timestamp without time zone, p_date_to timestamp without time zone, p_limit integer)	git:20260227_fix_rpc_structures.sql	oid:48498	DRIFT_FUNCTION_BODY	MATCH	DRIFT_SEARCH_PATH	CHECK_ARGS	cuerpo LIVE nunca declarado en Git	DRIFT_SIGNATURE	7ca1055af0a60e871929a45af056a031	f93ce9494a16d05f2b98ff6bcad9c5c1
public.get_transferable_stores(p_user_id uuid, p_current_store_id uuid)	git:20260726000017_v2_6_h5_get_transferable_stores.sql	oid:49875	MATCH_BYTE	MATCH	MATCH	MATCH	final declarado	MATCH	bfd8a24b449402e1ec6d06199942a333	bfd8a24b449402e1ec6d06199942a333
public.get_dashboard_kpis(p_store_id uuid, p_date_from timestamp with time zone, p_date_to timestamp with time zone)	git:20260128_fix_dashboard_ambiguity.sql	oid:51374	MATCH_CANONICAL	MATCH	DRIFT_SEARCH_PATH	MATCH_BY_BODY	final declarado (solo-ws)	DRIFT_ATTRS	2b0df55f9f82359503ecb5f313f5678d	f7ec1096ff41d07e2a7af6406540074a
public.get_sales_since_last_closure(p_store_id uuid)	git:20260228_fix_sales_since_last_closure_fallback.sql	oid:51380	DRIFT_FUNCTION_BODY	MATCH	DRIFT_SEARCH_PATH	MATCH	cuerpo LIVE nunca declarado en Git	DRIFT_BODY	157d3df93e96bf186525079ad68e07b4	c9f43cfecf9af01b0ff47b184b27f792
public.audit_product_changes()	git:20260215_fix_sale_price_error.sql	oid:52507	DRIFT_FUNCTION_BODY	DRIFT_SECURITY	DRIFT_SEARCH_PATH	MATCH	cuerpo LIVE nunca declarado en Git	DRIFT_BODY	b5d13dfaca1ec4ac45941640efd1114c	04a72348b8edc064e22c9a33bd660841
public.audit_store_changes()	git:20260303_fix_store_audit_and_enable_management.sql	oid:52509	DRIFT_FUNCTION_BODY	DRIFT_SECURITY	DRIFT_SEARCH_PATH	MATCH	cuerpo LIVE nunca declarado en Git	DRIFT_BODY	1d673d9dcd6fb35aa08e8b0b853b9d2e	d390ed6f87b8ee095a31303c1913d329
public.is_user_creator(p_target_user_id uuid)	git:20260223_fix_rls_recursion.sql	oid:53941	MATCH_CANONICAL	MATCH	DRIFT_SEARCH_PATH	MATCH	final declarado (solo-ws)	DRIFT_ATTRS	0402ee4d5d4a97d2e081db440af3b800	80d0405ebcae6eed1e79b64eabf8c322
public.is_managed_user(p_target_user_id uuid)	git:20260223_fix_rls_recursion.sql	oid:53942	MATCH_CANONICAL	MATCH	DRIFT_SEARCH_PATH	MATCH	final declarado (solo-ws)	DRIFT_ATTRS	658abe78988ba3b5548be02e23b3f58e	c66392148dab334051e2adadab15d2d6
public.has_role(p_user_id uuid, p_required_role user_role)	git:20260212_fix_has_role_overload.sql	oid:54235	DRIFT_FUNCTION_BODY	MATCH	DRIFT_SEARCH_PATH	CHECK_ARGS	cuerpo LIVE nunca declarado en Git	DRIFT_SIGNATURE	63b78f6bed02ab0fd95b4720f77625ec	77f8b069657c75933c68083b66d37557
public.has_role(p_required_role user_role)	git:20260212_fix_has_role_overload.sql	oid:54236	DRIFT_FUNCTION_BODY	MATCH	DRIFT_SEARCH_PATH	CHECK_ARGS	cuerpo LIVE nunca declarado en Git	DRIFT_SIGNATURE	63b78f6bed02ab0fd95b4720f77625ec	bd2d1f5a02efd8ff2cf143066ab09331
public.get_transactions_with_profit(p_store_id uuid, p_search_term text, p_date_from timestamp without time zone, p_date_to timestamp without time zone, p_limit integer)	NOT_IN_GIT	oid:59842	-	-	-	-	-	ORPHAN_LIVE	-	-
public.get_product_stock_ledger_paginated(p_product_id uuid, p_store_id uuid, p_limit integer, p_offset integer)	git:20260227_fix_rpc_structures.sql	oid:59843	DRIFT_FUNCTION_BODY	MATCH	DRIFT_SEARCH_PATH	CHECK_ARGS	cuerpo LIVE nunca declarado en Git	DRIFT_SIGNATURE	3a9a4da80366429cece2cbb5f2e40a87	13e7905bad2f4a5eaa7057f5ab27fe83
public.update_transaction_taxes(p_transaction_id uuid, p_applied_taxes jsonb, p_tax_amount numeric, p_total_amount numeric)	git:20260228_implement_taxes.sql	oid:59867	DRIFT_FUNCTION_BODY	MATCH	DRIFT_SEARCH_PATH	MATCH	cuerpo LIVE nunca declarado en Git	DRIFT_BODY	94a0c28a9e9a242c2c3afcf72e6a4dbf	5923cf78c99715b637869bd567c4b422
public.validate_transfer_stores()	git:20260301_control_fallos_harden.sql	oid:63379	MATCH_CANONICAL	MATCH	DRIFT_SEARCH_PATH	MATCH	final declarado (solo-ws)	DRIFT_ATTRS	23aa0c4c565214d9892329ced583e00e	f57efc4cbdcfcec25b00c11f73f93620
public.check_reception_cost_variation()	git:20260301_control_fallos_harden.sql	oid:63381	DRIFT_FUNCTION_BODY	MATCH	DRIFT_SEARCH_PATH	MATCH	cuerpo LIVE nunca declarado en Git	DRIFT_BODY	eb770694e1e9ef0c58d71eeede6c2331	59768491ba5c1855c09d8024e71fd31a
public.audit_role_changes()	git:20260302_0005_audit_role_changes.sql	oid:70045	MATCH_BYTE	MATCH	DRIFT_SEARCH_PATH	MATCH	final declarado	DRIFT_ATTRS	1d36a393576134c58478dedbd913f115	1d36a393576134c58478dedbd913f115
public.can_create_user_with_role(p_creator_id uuid, p_role_name text)	git:20260302_0006_fix_hierarchy_and_triggers.sql	oid:70047	DRIFT_FUNCTION_BODY	MATCH	DRIFT_SEARCH_PATH	MATCH	cuerpo LIVE nunca declarado en Git	DRIFT_BODY	e50b4397ed5e1dddf200a6bc4d63cdb0	9632d8efbc911c8bb08839ba121ae99d
public.on_auth_user_created()	git:20260806000004_v2_15_4_on_auth_user_created_tenant.sql	oid:70049	MATCH_BYTE	MATCH	MATCH	MATCH	final declarado	MATCH	178d71af951dc50237b3b52acd6d4e2b	178d71af951dc50237b3b52acd6d4e2b
public.is_role_not_changed(p_user_id uuid, p_new_role user_role, p_new_role_id uuid)	git:20260305_fix_profiles_rls_final.sql	oid:75761	DRIFT_FUNCTION_BODY	MATCH	MATCH	MATCH	cuerpo LIVE nunca declarado en Git	DRIFT_BODY	3bfcdeb6cad343a4976e5479becab192	a345cded52ffe3a5d46bfb257f565ae8
public.is_admin_check(p_user_id uuid)	NOT_IN_GIT	oid:76874	-	-	-	-	-	ORPHAN_LIVE	-	-
public.can_safely_delete_user(p_user_id uuid)	git:20260317_fix_safe_delete_user.sql	oid:79082	MATCH_BYTE	MATCH	MATCH	MATCH	final declarado	MATCH	2514a7026150e2cf0612e7c9f35fc82f	2514a7026150e2cf0612e7c9f35fc82f
public.managed_delete_user(p_user_id uuid)	git:20260317_fix_safe_delete_user.sql	oid:79083	DRIFT_FUNCTION_BODY	MATCH	MATCH	MATCH	cuerpo LIVE nunca declarado en Git	DRIFT_BODY	3770a6aa0977f5c4fa324c10e09672b0	0e2c65659af7fb014621e1daed783942
public.get_new_academy_cards(p_user_id uuid, p_limit integer)	NOT_IN_GIT	oid:79124	-	-	-	-	-	ORPHAN_LIVE	-	-
public.log_audit_event(p_action text, p_payload jsonb, p_store_id uuid)	git:20260324_total_remediation.sql	oid:88135	DRIFT_FUNCTION_BODY	MATCH	MATCH	MATCH	cuerpo LIVE nunca declarado en Git	DRIFT_BODY	9392dfdda2bb24a7c182569ce8a91363	a700956c0e79f8f017550d215d37fa80
public.managed_create_user(p_max_users integer, p_max_stores integer, p_role text, p_full_name text, p_email text, p_creator_id uuid, p_target_user_id uuid, p_store_id uuid, p_memberships jsonb)	git:20260326_multi_tenant_hardening.sql	oid:88184	DRIFT_FUNCTION_BODY	MATCH	MATCH	CHECK_ARGS	cuerpo LIVE nunca declarado en Git	DRIFT_SIGNATURE	3fd25e2139da5fb07e8335ecb64ac7b9	1dcf4b1c3d55ba6fdaaf41bf9ee17b7e
public.verify_audit_chain()	NOT_IN_GIT	oid:88196	-	-	-	-	-	ORPHAN_LIVE	-	-
public.increment_user_usage(p_user_id uuid, p_action_type text, p_limit integer)	NOT_IN_GIT	oid:94972	-	-	-	-	-	ORPHAN_LIVE	-	-
public.process_pick3_transaction(p_user_id uuid, p_type text, p_amount bigint, p_reference_draw_id uuid, p_reference_play_id uuid, p_notes text, p_metadata jsonb)	NOT_IN_GIT	oid:119652	-	-	-	-	-	ORPHAN_LIVE	-	-
public.on_pick3_profile_initial_bankroll()	NOT_IN_GIT	oid:119653	-	-	-	-	-	ORPHAN_LIVE	-	-
public.get_transfers(p_store_id uuid, p_date_from timestamp with time zone, p_date_to timestamp with time zone, p_status text, p_limit integer)	NOT_IN_GIT	oid:130868	-	-	-	-	-	ORPHAN_LIVE	-	-
public.get_cash_closures(p_store_id uuid, p_date_from date, p_date_to date, p_limit integer)	NOT_IN_GIT	oid:130869	-	-	-	-	-	ORPHAN_LIVE	-	-
public.get_profit_report(p_store_id uuid, p_date_from timestamp with time zone, p_date_to timestamp with time zone, p_limit integer)	NOT_IN_GIT	oid:130870	-	-	-	-	-	ORPHAN_LIVE	-	-
public.get_daily_income_aggregated(p_store_id uuid, p_date_from timestamp with time zone, p_date_to timestamp with time zone, p_limit integer)	NOT_IN_GIT	oid:130871	-	-	-	-	-	ORPHAN_LIVE	-	-
public.get_daily_expenses_aggregated(p_store_id uuid, p_date_from date, p_date_to date, p_limit integer)	NOT_IN_GIT	oid:130872	-	-	-	-	-	ORPHAN_LIVE	-	-
public.cancel_transfer(p_transfer_id uuid, p_user_id uuid)	git:20260802000002_v2_12_42_transfer_remediation.sql	oid:130873	MATCH_BYTE	MATCH	MATCH	MATCH	versión HISTORICA Git (20260727000008_v2_12_12_fix_is_not_null_pattern.sql); final declarado = 20260802000002_v2_12_42_transfer_remediation.sql	MATCH_STALE_VERSION	381d4db2d513e4608ba3eaa79564014a	2a5a9ce7940f3981fc3310467586441a
public.stores_soft_delete_cleanup()	NOT_IN_GIT	oid:130958	-	-	-	-	-	ORPHAN_LIVE	-	-
public.fn_process_receipt(p_items jsonb, p_user_id uuid, p_store_id uuid, p_reference text)	git:20260326_multi_tenant_hardening.sql	oid:130964	DRIFT_FUNCTION_BODY	MATCH	MATCH	CHECK_ARGS	cuerpo LIVE nunca declarado en Git	DRIFT_SIGNATURE	b32dfcca5b9b06009567504dbee5abb5	ee57bdfc693da29eee6bd8987a2cd119
public.fn_maintain_product_completeness()	NOT_IN_GIT	oid:130968	-	-	-	-	-	ORPHAN_LIVE	-	-
public.fn_log_system_health(p_payload jsonb)	NOT_IN_GIT	oid:131041	-	-	-	-	-	ORPHAN_LIVE	-	-
public.sync_product_has_movements()	git:20260802000008_v2_12_47_restore_rpc_execute.sql	oid:131044	MATCH_BYTE	MATCH	MATCH	MATCH	final declarado	MATCH	fdd4e6bb06ad89a9657d950c6dabe031	fdd4e6bb06ad89a9657d950c6dabe031
public.sync_product_stock()	git:20260802000008_v2_12_47_restore_rpc_execute.sql	oid:131067	MATCH_BYTE	MATCH	MATCH	MATCH	final declarado	MATCH	ac6af0450dba4906b12ba2d94ef429ea	ac6af0450dba4906b12ba2d94ef429ea
public.process_sale_transaction(p_store_id uuid, p_user_id uuid, p_items jsonb, p_total_amount numeric, p_subtotal numeric, p_payment_method text, p_discount_type text, p_discount_value numeric, p_idempotency_key text)	NOT_IN_GIT	oid:131361	-	-	-	-	-	ORPHAN_LIVE	-	-
public.process_initial_stock(p_store_id uuid, p_product_id uuid, p_quantity numeric, p_reference_doc text, p_movement_date timestamp with time zone)	git:20260127_canonical_stock_movement.sql	oid:131362	DRIFT_FUNCTION_BODY	DRIFT_SECURITY	MATCH	CHECK_ARGS	cuerpo LIVE nunca declarado en Git	DRIFT_SIGNATURE	4013981e7dfdd46f434dc4284da02482	725a8ccd477b45860ae178ae5e6284c1
public.process_bulk_import(p_store_id uuid, p_user_id uuid, p_items jsonb)	NOT_IN_GIT	oid:131363	-	-	-	-	-	ORPHAN_LIVE	-	-
public.deduct_stock(p_store_id uuid, p_product_id uuid, p_quantity numeric)	git:20260127_canonical_stock_movement.sql	oid:131395	DRIFT_FUNCTION_BODY	MATCH	DRIFT_SEARCH_PATH	CHECK_ARGS	cuerpo LIVE nunca declarado en Git	DRIFT_SIGNATURE	343a5dcca1b98459b250930819c84866	669feb8d547076050968cf9ccf3884bc
public.get_ai_api_key(p_user_id uuid, p_provider text)	NOT_IN_GIT	oid:131405	-	-	-	-	-	ORPHAN_LIVE	-	-
public.save_ai_api_key(p_provider text, p_api_key text, p_label text)	NOT_IN_GIT	oid:131406	-	-	-	-	-	ORPHAN_LIVE	-	-
public.sync_inventory_from_products(p_store_id uuid)	NOT_IN_GIT	oid:131719	-	-	-	-	-	ORPHAN_LIVE	-	-
public.is_global_admin()	git:20260614000001_add_stores_rls_policies.sql	oid:131886	MATCH_BYTE	MATCH	MATCH	MATCH	final declarado	MATCH	134119e5c4cbf5b30c4bcbc5b7277dd7	134119e5c4cbf5b30c4bcbc5b7277dd7
public.is_store_member(p_store_id uuid)	git:20260614000001_add_stores_rls_policies.sql	oid:131887	MATCH_BYTE	MATCH	MATCH	MATCH	final declarado	MATCH	2402df1bd096b528161256518c804fba	2402df1bd096b528161256518c804fba
public.has_store_role(p_store_id uuid, p_roles text[])	git:20260820000001_security_fix_spoofable_caller_uid.sql	oid:131888	MATCH_BYTE	MATCH	MATCH	MATCH	versión HISTORICA Git (20260627000001_versionar_has_store_access.sql); final declarado = 20260820000001_security_fix_spoofable_caller_uid.sql	MATCH_STALE_VERSION	53dd721499bf3253b567e3b1372400ee	bf4b1761a6ccd80919108301fe94a0e9
public.get_batch_store_daily_kpis(p_store_ids uuid[], p_date date)	git:20260619000004_fix_kpi_pending_receptions.sql	oid:131903	MATCH_BYTE	MATCH	MATCH	MATCH	final declarado	MATCH	2b2c8e871a23e36e38886e629595e5a4	2b2c8e871a23e36e38886e629595e5a4
public.soft_delete_store(p_store_id uuid, p_deleted_by uuid)	git:20260802000001_v2_12_41_fase0_remediacion.sql	oid:131945	DRIFT_FUNCTION_BODY	MATCH	MATCH	MATCH	cuerpo LIVE nunca declarado en Git	DRIFT_BODY	3ad3fd0fc46599f68cad075f973dc2e1	ee3f201799b913a717851b5fc6644460
public.upsert_store_cost_template(p_store_id uuid, p_template_id text, p_template_data jsonb, p_modalidad text, p_pdf_format text, p_created_by uuid)	git:20260615000001_create_store_cost_templates.sql	oid:131996	MATCH_BYTE	MATCH	MATCH	MATCH_BY_BODY	final declarado	MATCH	bb2f9461291702eda9d74288f1416514	bb2f9461291702eda9d74288f1416514
public.get_or_create_product_cost_sheet(p_product_id uuid, p_store_id uuid, p_template_id text, p_modalidad text, p_pdf_format text)	git:20260615000002_create_product_cost_sheets_and_alter_products.sql	oid:132041	MATCH_BYTE	MATCH	MATCH	MATCH_BY_BODY	final declarado	MATCH	ac244dee7d683865d6985f5ca84e386d	ac244dee7d683865d6985f5ca84e386d
public.save_product_cost_sheet(p_product_id uuid, p_store_id uuid, p_template_id text, p_modalidad text, p_calculated_data jsonb, p_cost_price numeric)	git:20260615000002_create_product_cost_sheets_and_alter_products.sql	oid:132042	MATCH_BYTE	MATCH	MATCH	MATCH_BY_BODY	final declarado	MATCH	4e2a2321cc82cb13bcd307c307f4c502	4e2a2321cc82cb13bcd307c307f4c502
public.update_suppliers_updated_at()	NOT_IN_GIT	oid:132195	-	-	-	-	-	ORPHAN_LIVE	-	-
public.get_products_for_reception(p_store_id uuid, p_search_term text, p_page integer, p_page_size integer)	NOT_IN_GIT	oid:132197	-	-	-	-	-	ORPHAN_LIVE	-	-
public.update_purchase_orders_updated_at()	git:20260808000001_v2_24_g1_schema_sync.sql	oid:132229	MATCH_BYTE	MATCH	MATCH	MATCH	final declarado	MATCH	ed12387a25646709aca6cd9b21720d1f	ed12387a25646709aca6cd9b21720d1f
public.update_po_updated_at()	NOT_IN_GIT	oid:132267	-	-	-	-	-	ORPHAN_LIVE	-	-
public.get_store_analytics_advanced(p_store_id uuid, p_start_date date, p_end_date date, p_days integer)	git:20260620000001_store_analytics_advanced.sql	oid:132401	MATCH_BYTE	MATCH	MATCH	MATCH_BY_BODY	final declarado	MATCH	934338f1fd51711130a9d22e980a1219	934338f1fd51711130a9d22e980a1219
public.get_global_max_operation_date(p_store_id uuid)	git:20260623000001_refactor_per_store_policy.sql	oid:132485	MATCH_BYTE	MATCH	MATCH	MATCH	final declarado	MATCH	bcf22693fd3e66480110e33a467f5c51	bcf22693fd3e66480110e33a467f5c51
public.validate_transfer_operation_date(p_new_date timestamp with time zone, p_origin_store_id uuid, p_destination_store_id uuid)	git:20260623000001_refactor_per_store_policy.sql	oid:132487	MATCH_BYTE	MATCH	MATCH	MATCH	final declarado	MATCH	bfd0b74503a36b229a4119c6a78e8b35	bfd0b74503a36b229a4119c6a78e8b35
public.process_inventory_adjustment(p_store_id uuid, p_cashier_id uuid, p_items adjustment_item[], p_operation_date timestamp with time zone)	git:20260623000002_update_rpc_calls_per_store.sql	oid:132503	MATCH_BYTE	MATCH	MATCH	MATCH	final declarado	MATCH	b8953e705b1c7e4a95033f5b6fd2a8b8	b8953e705b1c7e4a95033f5b6fd2a8b8
public.process_stock_adjustment(p_store_id uuid, p_product_id uuid, p_quantity_delta numeric, p_reason text, p_user_id uuid, p_operation_date timestamp with time zone)	git:20260623000002_update_rpc_calls_per_store.sql	oid:132504	MATCH_BYTE	MATCH	MATCH	MATCH	final declarado	MATCH	075893ccc9f5f1ca7736e9854f0b0f21	075893ccc9f5f1ca7736e9854f0b0f21
public.calculate_service_distribution(p_service_id uuid)	git:20260625000001_servicios_recibidos.sql	oid:132722	MATCH_BYTE	MATCH	DRIFT_SEARCH_PATH	MATCH	final declarado	DRIFT_ATTRS	41c3919ac8a3cbc1a0077b24a4eda726	41c3919ac8a3cbc1a0077b24a4eda726
public.get_product_cost_analysis(p_product_id uuid, p_store_id uuid)	git:20260625000001_servicios_recibidos.sql	oid:132723	MATCH_BYTE	MATCH	DRIFT_SEARCH_PATH	MATCH	final declarado	DRIFT_ATTRS	fe8ddd14ce11f3c4dda16c50529181c9	fe8ddd14ce11f3c4dda16c50529181c9
public.upsert_usage_aggregate(p_bucket_start timestamp with time zone, p_bucket_end timestamp with time zone, p_metric_type text, p_service text, p_endpoint text, p_count integer, p_sum_value double precision)	git:20260626000001_usage_tracking.sql	oid:132923	MATCH_BYTE	MATCH	DRIFT_SEARCH_PATH	MATCH_BY_BODY	final declarado	DRIFT_ATTRS	9befc5b0746111bff9fbe0ec87be4048	9befc5b0746111bff9fbe0ec87be4048
public.get_usage_summary(p_hours integer)	git:20260626000001_usage_tracking.sql	oid:132924	MATCH_BYTE	MATCH	DRIFT_SEARCH_PATH	MATCH	final declarado	DRIFT_ATTRS	e1a0964845532ed51fd662c5bc42541b	e1a0964845532ed51fd662c5bc42541b
public.cleanup_old_aggregates(p_days integer)	git:20260626000001_usage_tracking.sql	oid:132926	MATCH_BYTE	MATCH	DRIFT_SEARCH_PATH	MATCH	final declarado	DRIFT_ATTRS	f83b7a58ee029647eea1a41ed4a156d4	f83b7a58ee029647eea1a41ed4a156d4
public.get_usage_forecast()	git:20260626000001_usage_tracking.sql	oid:132940	DRIFT_FUNCTION_BODY	MATCH	DRIFT_SEARCH_PATH	MATCH	cuerpo LIVE nunca declarado en Git	DRIFT_BODY	a8be75354c56f9a136c5f26dc8c84b21	4b256a97c922c96ce2456f20979b132e
public.touch_updated_at()	git:20260626000002_workers_commissions.sql	oid:133144	MATCH_BYTE	MATCH	DRIFT_SEARCH_PATH	MATCH	final declarado	DRIFT_ATTRS	301a884953d37769916294bb60562e05	301a884953d37769916294bb60562e05
public.snapshot_commission_rule()	git:20260715000010_commission_rules_add_product_mode.sql	oid:133149	MATCH_BYTE	MATCH	DRIFT_SEARCH_PATH	MATCH	final declarado	DRIFT_ATTRS	5d68137234f36c93dcd2c3ac618ec181	5d68137234f36c93dcd2c3ac618ec181
public.register_stock_movement(p_product_id uuid, p_store_id uuid, p_quantity numeric, p_movement_type text, p_reason text, p_user_id uuid, p_variant_id uuid, p_sale_id uuid, p_unit_cost numeric, p_notes text, p_operation_date timestamp with time zone, p_skip_access_check boolean)	git:20260626000005_qa_batch2_rpc_fixes.sql	oid:133204	DRIFT_FUNCTION_BODY	MATCH	DRIFT_SEARCH_PATH	CHECK_ARGS	cuerpo LIVE nunca declarado en Git	DRIFT_SIGNATURE	31dd0e2c408aa436e280ee5105327ffd	0182a6cf30396e193aba3c3fbce1c8c0
public.confirm_transfer(p_transfer_id uuid, p_user_id uuid, p_operation_date timestamp with time zone)	git:20260802000005_v2_12_44_transfer_confirm_remediation.sql	oid:133208	DRIFT_FUNCTION_BODY	MATCH	MATCH	MATCH	cuerpo LIVE nunca declarado en Git	DRIFT_BODY	8d3e541a7a0285e4ef87c2c9bd683da3	91cb7a90d2775859ce1d42b09da160cc
public.create_purchase_order(p_store_id uuid, p_supplier_name text, p_supplier_id uuid, p_po_number text, p_notes text, p_expected_date date, p_created_by uuid, p_items jsonb)	git:20260808000004_v2_24_g4_create_purchase_order_final.sql	oid:133213	MATCH_BYTE	MATCH	MATCH	MATCH_BY_BODY	final declarado	MATCH	93856bef72bf97ebf89ab507cf2daa4f	93856bef72bf97ebf89ab507cf2daa4f
public.update_reception_items(p_receipt_id uuid, p_item_updates jsonb, p_user_id uuid)	git:20260810000020_pr2_migracion_b_schema.sql	oid:133215	MATCH_BYTE	MATCH	MATCH	MATCH_BY_BODY	final declarado	MATCH	fb0d30aa320949550a9aeaef265d8a0e	fb0d30aa320949550a9aeaef265d8a0e
public.get_low_stock_count(p_store_id uuid)	git:20260630120000_create_get_low_stock_count_rpc.sql	oid:133402	MATCH_CANONICAL	MATCH	MATCH	MATCH	final declarado (solo-ws)	MATCH_CANONICAL_WS	9228a0820dd068c207fcaf1c2c5dfcc9	234151e02bb41dafc4066fed737f8bbd
public.get_paginated_products(p_store_id uuid, p_search_term text, p_category text, p_limit integer, p_offset integer)	git:20260820000003_fix_rpc_stock_source.sql	oid:133830	MATCH_BYTE	MATCH	MATCH	MATCH_BY_BODY	final declarado	MATCH	bac90acd20987aae68d0fd1ad4b7e847	bac90acd20987aae68d0fd1ad4b7e847
public.handle_updated_at()	git:20260705000000_pick3_subscriptions.sql	oid:133916	MATCH_BYTE	MATCH	MATCH	MATCH	final declarado	MATCH	301a884953d37769916294bb60562e05	301a884953d37769916294bb60562e05
public.update_payment_status()	git:20260809000012_v2_25_1_hotfix_trigger_select_policy.sql	oid:134235	MATCH_BYTE	MATCH	MATCH	MATCH	final declarado	MATCH	07796fe0c481a8b6a09c097fa138afbc	07796fe0c481a8b6a09c097fa138afbc
public.set_default_due_date_receipt()	git:20260712000001_payment_tracking.sql	oid:134239	MATCH_BYTE	MATCH	MATCH	MATCH	final declarado	MATCH	fa57be6ef03ca20387eda9a39a6104c4	fa57be6ef03ca20387eda9a39a6104c4
public.set_default_due_date_service()	git:20260712000001_payment_tracking.sql	oid:134241	MATCH_BYTE	MATCH	MATCH	MATCH	final declarado	MATCH	e78bc502c217c4ff95cea50a31bd0e1b	e78bc502c217c4ff95cea50a31bd0e1b
public.calculate_commission_amount_cup()	git:20260712000006_fix_e2e_100_percent.sql	oid:134247	MATCH_BYTE	MATCH	MATCH	MATCH	final declarado	MATCH	cf77e1051ef40b485c37f3f33fe6e3be	cf77e1051ef40b485c37f3f33fe6e3be
public.generate_production_order_number()	git:20260810000001_v2_26_g1_schema_sync.sql	oid:134328	MATCH_BYTE	MATCH	MATCH	MATCH	final declarado	MATCH	209220c0ccd0b12cdcde7c6095bf0fa3	209220c0ccd0b12cdcde7c6095bf0fa3
public.receive_production_output_deprecated_4arg(p_order_id uuid, p_product_id uuid, p_quantity numeric, p_store_id uuid)	NOT_IN_GIT	oid:134339	-	-	-	-	-	ORPHAN_LIVE	-	-
public.set_default_due_date_commission()	git:20260713000004_commission_payments_due_date.sql	oid:134419	MATCH_BYTE	MATCH	MATCH	MATCH	final declarado	MATCH	20c4d2970957337837e2a024d91b8207	20c4d2970957337837e2a024d91b8207
public.gbtreekey4_in(cstring)	EXTENSION-OWNED	oid:134460	-	-	-	-	ext:btree_gist	ORPHAN_EXTENSION	-	-
public.gbtreekey4_out(gbtreekey4)	EXTENSION-OWNED	oid:134461	-	-	-	-	ext:btree_gist	ORPHAN_EXTENSION	-	-
public.gbtreekey8_in(cstring)	EXTENSION-OWNED	oid:134464	-	-	-	-	ext:btree_gist	ORPHAN_EXTENSION	-	-
public.gbtreekey8_out(gbtreekey8)	EXTENSION-OWNED	oid:134465	-	-	-	-	ext:btree_gist	ORPHAN_EXTENSION	-	-
public.gbtreekey16_in(cstring)	EXTENSION-OWNED	oid:134468	-	-	-	-	ext:btree_gist	ORPHAN_EXTENSION	-	-
public.gbtreekey16_out(gbtreekey16)	EXTENSION-OWNED	oid:134469	-	-	-	-	ext:btree_gist	ORPHAN_EXTENSION	-	-
public.gbtreekey32_in(cstring)	EXTENSION-OWNED	oid:134472	-	-	-	-	ext:btree_gist	ORPHAN_EXTENSION	-	-
public.gbtreekey32_out(gbtreekey32)	EXTENSION-OWNED	oid:134473	-	-	-	-	ext:btree_gist	ORPHAN_EXTENSION	-	-
public.gbtreekey_var_in(cstring)	EXTENSION-OWNED	oid:134476	-	-	-	-	ext:btree_gist	ORPHAN_EXTENSION	-	-
public.gbtreekey_var_out(gbtreekey_var)	EXTENSION-OWNED	oid:134477	-	-	-	-	ext:btree_gist	ORPHAN_EXTENSION	-	-
public.cash_dist(money, money)	EXTENSION-OWNED	oid:134479	-	-	-	-	ext:btree_gist	ORPHAN_EXTENSION	-	-
public.date_dist(date, date)	EXTENSION-OWNED	oid:134481	-	-	-	-	ext:btree_gist	ORPHAN_EXTENSION	-	-
public.float4_dist(real, real)	EXTENSION-OWNED	oid:134483	-	-	-	-	ext:btree_gist	ORPHAN_EXTENSION	-	-
public.float8_dist(double precision, double precision)	EXTENSION-OWNED	oid:134485	-	-	-	-	ext:btree_gist	ORPHAN_EXTENSION	-	-
public.int2_dist(smallint, smallint)	EXTENSION-OWNED	oid:134487	-	-	-	-	ext:btree_gist	ORPHAN_EXTENSION	-	-
public.int4_dist(integer, integer)	EXTENSION-OWNED	oid:134489	-	-	-	-	ext:btree_gist	ORPHAN_EXTENSION	-	-
public.int8_dist(bigint, bigint)	EXTENSION-OWNED	oid:134491	-	-	-	-	ext:btree_gist	ORPHAN_EXTENSION	-	-
public.interval_dist(interval, interval)	EXTENSION-OWNED	oid:134493	-	-	-	-	ext:btree_gist	ORPHAN_EXTENSION	-	-
public.oid_dist(oid, oid)	EXTENSION-OWNED	oid:134495	-	-	-	-	ext:btree_gist	ORPHAN_EXTENSION	-	-
public.time_dist(time without time zone, time without time zone)	EXTENSION-OWNED	oid:134497	-	-	-	-	ext:btree_gist	ORPHAN_EXTENSION	-	-
public.ts_dist(timestamp without time zone, timestamp without time zone)	EXTENSION-OWNED	oid:134499	-	-	-	-	ext:btree_gist	ORPHAN_EXTENSION	-	-
public.tstz_dist(timestamp with time zone, timestamp with time zone)	EXTENSION-OWNED	oid:134501	-	-	-	-	ext:btree_gist	ORPHAN_EXTENSION	-	-
public.gbt_oid_consistent(internal, oid, smallint, oid, internal)	EXTENSION-OWNED	oid:134503	-	-	-	-	ext:btree_gist	ORPHAN_EXTENSION	-	-
public.gbt_oid_distance(internal, oid, smallint, oid, internal)	EXTENSION-OWNED	oid:134504	-	-	-	-	ext:btree_gist	ORPHAN_EXTENSION	-	-
public.gbt_oid_fetch(internal)	EXTENSION-OWNED	oid:134505	-	-	-	-	ext:btree_gist	ORPHAN_EXTENSION	-	-
public.gbt_oid_compress(internal)	EXTENSION-OWNED	oid:134506	-	-	-	-	ext:btree_gist	ORPHAN_EXTENSION	-	-
public.gbt_decompress(internal)	EXTENSION-OWNED	oid:134507	-	-	-	-	ext:btree_gist	ORPHAN_EXTENSION	-	-
public.gbt_var_decompress(internal)	EXTENSION-OWNED	oid:134508	-	-	-	-	ext:btree_gist	ORPHAN_EXTENSION	-	-
public.gbt_var_fetch(internal)	EXTENSION-OWNED	oid:134509	-	-	-	-	ext:btree_gist	ORPHAN_EXTENSION	-	-
public.gbt_oid_penalty(internal, internal, internal)	EXTENSION-OWNED	oid:134510	-	-	-	-	ext:btree_gist	ORPHAN_EXTENSION	-	-
public.gbt_oid_picksplit(internal, internal)	EXTENSION-OWNED	oid:134511	-	-	-	-	ext:btree_gist	ORPHAN_EXTENSION	-	-
public.gbt_oid_union(internal, internal)	EXTENSION-OWNED	oid:134512	-	-	-	-	ext:btree_gist	ORPHAN_EXTENSION	-	-
public.gbt_oid_same(gbtreekey8, gbtreekey8, internal)	EXTENSION-OWNED	oid:134513	-	-	-	-	ext:btree_gist	ORPHAN_EXTENSION	-	-
public.gbt_int2_consistent(internal, smallint, smallint, oid, internal)	EXTENSION-OWNED	oid:134532	-	-	-	-	ext:btree_gist	ORPHAN_EXTENSION	-	-
public.gbt_int2_distance(internal, smallint, smallint, oid, internal)	EXTENSION-OWNED	oid:134533	-	-	-	-	ext:btree_gist	ORPHAN_EXTENSION	-	-
public.gbt_int2_compress(internal)	EXTENSION-OWNED	oid:134534	-	-	-	-	ext:btree_gist	ORPHAN_EXTENSION	-	-
public.gbt_int2_fetch(internal)	EXTENSION-OWNED	oid:134535	-	-	-	-	ext:btree_gist	ORPHAN_EXTENSION	-	-
public.gbt_int2_penalty(internal, internal, internal)	EXTENSION-OWNED	oid:134536	-	-	-	-	ext:btree_gist	ORPHAN_EXTENSION	-	-
public.gbt_int2_picksplit(internal, internal)	EXTENSION-OWNED	oid:134537	-	-	-	-	ext:btree_gist	ORPHAN_EXTENSION	-	-
public.gbt_int2_union(internal, internal)	EXTENSION-OWNED	oid:134538	-	-	-	-	ext:btree_gist	ORPHAN_EXTENSION	-	-
public.gbt_int2_same(gbtreekey4, gbtreekey4, internal)	EXTENSION-OWNED	oid:134539	-	-	-	-	ext:btree_gist	ORPHAN_EXTENSION	-	-
public.gbt_int4_consistent(internal, integer, smallint, oid, internal)	EXTENSION-OWNED	oid:134558	-	-	-	-	ext:btree_gist	ORPHAN_EXTENSION	-	-
public.gbt_int4_distance(internal, integer, smallint, oid, internal)	EXTENSION-OWNED	oid:134559	-	-	-	-	ext:btree_gist	ORPHAN_EXTENSION	-	-
public.gbt_int4_compress(internal)	EXTENSION-OWNED	oid:134560	-	-	-	-	ext:btree_gist	ORPHAN_EXTENSION	-	-
public.gbt_int4_fetch(internal)	EXTENSION-OWNED	oid:134561	-	-	-	-	ext:btree_gist	ORPHAN_EXTENSION	-	-
public.gbt_int4_penalty(internal, internal, internal)	EXTENSION-OWNED	oid:134562	-	-	-	-	ext:btree_gist	ORPHAN_EXTENSION	-	-
public.gbt_int4_picksplit(internal, internal)	EXTENSION-OWNED	oid:134563	-	-	-	-	ext:btree_gist	ORPHAN_EXTENSION	-	-
public.gbt_int4_union(internal, internal)	EXTENSION-OWNED	oid:134564	-	-	-	-	ext:btree_gist	ORPHAN_EXTENSION	-	-
public.gbt_int4_same(gbtreekey8, gbtreekey8, internal)	EXTENSION-OWNED	oid:134565	-	-	-	-	ext:btree_gist	ORPHAN_EXTENSION	-	-
public.gbt_int8_consistent(internal, bigint, smallint, oid, internal)	EXTENSION-OWNED	oid:134584	-	-	-	-	ext:btree_gist	ORPHAN_EXTENSION	-	-
public.gbt_int8_distance(internal, bigint, smallint, oid, internal)	EXTENSION-OWNED	oid:134585	-	-	-	-	ext:btree_gist	ORPHAN_EXTENSION	-	-
public.gbt_int8_compress(internal)	EXTENSION-OWNED	oid:134586	-	-	-	-	ext:btree_gist	ORPHAN_EXTENSION	-	-
public.gbt_int8_fetch(internal)	EXTENSION-OWNED	oid:134587	-	-	-	-	ext:btree_gist	ORPHAN_EXTENSION	-	-
public.gbt_int8_penalty(internal, internal, internal)	EXTENSION-OWNED	oid:134588	-	-	-	-	ext:btree_gist	ORPHAN_EXTENSION	-	-
public.gbt_int8_picksplit(internal, internal)	EXTENSION-OWNED	oid:134589	-	-	-	-	ext:btree_gist	ORPHAN_EXTENSION	-	-
public.gbt_int8_union(internal, internal)	EXTENSION-OWNED	oid:134590	-	-	-	-	ext:btree_gist	ORPHAN_EXTENSION	-	-
public.gbt_int8_same(gbtreekey16, gbtreekey16, internal)	EXTENSION-OWNED	oid:134591	-	-	-	-	ext:btree_gist	ORPHAN_EXTENSION	-	-
public.gbt_float4_consistent(internal, real, smallint, oid, internal)	EXTENSION-OWNED	oid:134610	-	-	-	-	ext:btree_gist	ORPHAN_EXTENSION	-	-
public.gbt_float4_distance(internal, real, smallint, oid, internal)	EXTENSION-OWNED	oid:134611	-	-	-	-	ext:btree_gist	ORPHAN_EXTENSION	-	-
public.gbt_float4_compress(internal)	EXTENSION-OWNED	oid:134612	-	-	-	-	ext:btree_gist	ORPHAN_EXTENSION	-	-
public.gbt_float4_fetch(internal)	EXTENSION-OWNED	oid:134613	-	-	-	-	ext:btree_gist	ORPHAN_EXTENSION	-	-
public.gbt_float4_penalty(internal, internal, internal)	EXTENSION-OWNED	oid:134614	-	-	-	-	ext:btree_gist	ORPHAN_EXTENSION	-	-
public.gbt_float4_picksplit(internal, internal)	EXTENSION-OWNED	oid:134615	-	-	-	-	ext:btree_gist	ORPHAN_EXTENSION	-	-
public.gbt_float4_union(internal, internal)	EXTENSION-OWNED	oid:134616	-	-	-	-	ext:btree_gist	ORPHAN_EXTENSION	-	-
public.gbt_float4_same(gbtreekey8, gbtreekey8, internal)	EXTENSION-OWNED	oid:134617	-	-	-	-	ext:btree_gist	ORPHAN_EXTENSION	-	-
public.gbt_float8_consistent(internal, double precision, smallint, oid, internal)	EXTENSION-OWNED	oid:134636	-	-	-	-	ext:btree_gist	ORPHAN_EXTENSION	-	-
public.gbt_float8_distance(internal, double precision, smallint, oid, internal)	EXTENSION-OWNED	oid:134637	-	-	-	-	ext:btree_gist	ORPHAN_EXTENSION	-	-
public.gbt_float8_compress(internal)	EXTENSION-OWNED	oid:134638	-	-	-	-	ext:btree_gist	ORPHAN_EXTENSION	-	-
public.gbt_float8_fetch(internal)	EXTENSION-OWNED	oid:134639	-	-	-	-	ext:btree_gist	ORPHAN_EXTENSION	-	-
public.gbt_float8_penalty(internal, internal, internal)	EXTENSION-OWNED	oid:134640	-	-	-	-	ext:btree_gist	ORPHAN_EXTENSION	-	-
public.gbt_float8_picksplit(internal, internal)	EXTENSION-OWNED	oid:134641	-	-	-	-	ext:btree_gist	ORPHAN_EXTENSION	-	-
public.gbt_float8_union(internal, internal)	EXTENSION-OWNED	oid:134642	-	-	-	-	ext:btree_gist	ORPHAN_EXTENSION	-	-
public.gbt_float8_same(gbtreekey16, gbtreekey16, internal)	EXTENSION-OWNED	oid:134643	-	-	-	-	ext:btree_gist	ORPHAN_EXTENSION	-	-
public.gbt_ts_consistent(internal, timestamp without time zone, smallint, oid, internal)	EXTENSION-OWNED	oid:134662	-	-	-	-	ext:btree_gist	ORPHAN_EXTENSION	-	-
public.gbt_ts_distance(internal, timestamp without time zone, smallint, oid, internal)	EXTENSION-OWNED	oid:134663	-	-	-	-	ext:btree_gist	ORPHAN_EXTENSION	-	-
public.gbt_tstz_consistent(internal, timestamp with time zone, smallint, oid, internal)	EXTENSION-OWNED	oid:134664	-	-	-	-	ext:btree_gist	ORPHAN_EXTENSION	-	-
public.gbt_tstz_distance(internal, timestamp with time zone, smallint, oid, internal)	EXTENSION-OWNED	oid:134665	-	-	-	-	ext:btree_gist	ORPHAN_EXTENSION	-	-
public.gbt_ts_compress(internal)	EXTENSION-OWNED	oid:134666	-	-	-	-	ext:btree_gist	ORPHAN_EXTENSION	-	-
public.gbt_tstz_compress(internal)	EXTENSION-OWNED	oid:134667	-	-	-	-	ext:btree_gist	ORPHAN_EXTENSION	-	-
public.gbt_ts_fetch(internal)	EXTENSION-OWNED	oid:134668	-	-	-	-	ext:btree_gist	ORPHAN_EXTENSION	-	-
public.gbt_ts_penalty(internal, internal, internal)	EXTENSION-OWNED	oid:134669	-	-	-	-	ext:btree_gist	ORPHAN_EXTENSION	-	-
public.gbt_ts_picksplit(internal, internal)	EXTENSION-OWNED	oid:134670	-	-	-	-	ext:btree_gist	ORPHAN_EXTENSION	-	-
public.gbt_ts_union(internal, internal)	EXTENSION-OWNED	oid:134671	-	-	-	-	ext:btree_gist	ORPHAN_EXTENSION	-	-
public.gbt_ts_same(gbtreekey16, gbtreekey16, internal)	EXTENSION-OWNED	oid:134672	-	-	-	-	ext:btree_gist	ORPHAN_EXTENSION	-	-
public.gbt_time_consistent(internal, time without time zone, smallint, oid, internal)	EXTENSION-OWNED	oid:134709	-	-	-	-	ext:btree_gist	ORPHAN_EXTENSION	-	-
public.gbt_time_distance(internal, time without time zone, smallint, oid, internal)	EXTENSION-OWNED	oid:134710	-	-	-	-	ext:btree_gist	ORPHAN_EXTENSION	-	-
public.gbt_timetz_consistent(internal, time with time zone, smallint, oid, internal)	EXTENSION-OWNED	oid:134711	-	-	-	-	ext:btree_gist	ORPHAN_EXTENSION	-	-
public.gbt_time_compress(internal)	EXTENSION-OWNED	oid:134712	-	-	-	-	ext:btree_gist	ORPHAN_EXTENSION	-	-
public.gbt_timetz_compress(internal)	EXTENSION-OWNED	oid:134713	-	-	-	-	ext:btree_gist	ORPHAN_EXTENSION	-	-
public.gbt_time_fetch(internal)	EXTENSION-OWNED	oid:134714	-	-	-	-	ext:btree_gist	ORPHAN_EXTENSION	-	-
public.gbt_time_penalty(internal, internal, internal)	EXTENSION-OWNED	oid:134715	-	-	-	-	ext:btree_gist	ORPHAN_EXTENSION	-	-
public.gbt_time_picksplit(internal, internal)	EXTENSION-OWNED	oid:134716	-	-	-	-	ext:btree_gist	ORPHAN_EXTENSION	-	-
public.gbt_time_union(internal, internal)	EXTENSION-OWNED	oid:134717	-	-	-	-	ext:btree_gist	ORPHAN_EXTENSION	-	-
public.gbt_time_same(gbtreekey16, gbtreekey16, internal)	EXTENSION-OWNED	oid:134718	-	-	-	-	ext:btree_gist	ORPHAN_EXTENSION	-	-
public.gbt_date_consistent(internal, date, smallint, oid, internal)	EXTENSION-OWNED	oid:134752	-	-	-	-	ext:btree_gist	ORPHAN_EXTENSION	-	-
public.gbt_date_distance(internal, date, smallint, oid, internal)	EXTENSION-OWNED	oid:134753	-	-	-	-	ext:btree_gist	ORPHAN_EXTENSION	-	-
public.gbt_date_compress(internal)	EXTENSION-OWNED	oid:134754	-	-	-	-	ext:btree_gist	ORPHAN_EXTENSION	-	-
public.gbt_date_fetch(internal)	EXTENSION-OWNED	oid:134755	-	-	-	-	ext:btree_gist	ORPHAN_EXTENSION	-	-
public.gbt_date_penalty(internal, internal, internal)	EXTENSION-OWNED	oid:134756	-	-	-	-	ext:btree_gist	ORPHAN_EXTENSION	-	-
public.gbt_date_picksplit(internal, internal)	EXTENSION-OWNED	oid:134757	-	-	-	-	ext:btree_gist	ORPHAN_EXTENSION	-	-
public.gbt_date_union(internal, internal)	EXTENSION-OWNED	oid:134758	-	-	-	-	ext:btree_gist	ORPHAN_EXTENSION	-	-
public.gbt_date_same(gbtreekey8, gbtreekey8, internal)	EXTENSION-OWNED	oid:134759	-	-	-	-	ext:btree_gist	ORPHAN_EXTENSION	-	-
public.gbt_intv_consistent(internal, interval, smallint, oid, internal)	EXTENSION-OWNED	oid:134778	-	-	-	-	ext:btree_gist	ORPHAN_EXTENSION	-	-
public.gbt_intv_distance(internal, interval, smallint, oid, internal)	EXTENSION-OWNED	oid:134779	-	-	-	-	ext:btree_gist	ORPHAN_EXTENSION	-	-
public.gbt_intv_compress(internal)	EXTENSION-OWNED	oid:134780	-	-	-	-	ext:btree_gist	ORPHAN_EXTENSION	-	-
public.gbt_intv_decompress(internal)	EXTENSION-OWNED	oid:134781	-	-	-	-	ext:btree_gist	ORPHAN_EXTENSION	-	-
public.gbt_intv_fetch(internal)	EXTENSION-OWNED	oid:134782	-	-	-	-	ext:btree_gist	ORPHAN_EXTENSION	-	-
public.gbt_intv_penalty(internal, internal, internal)	EXTENSION-OWNED	oid:134783	-	-	-	-	ext:btree_gist	ORPHAN_EXTENSION	-	-
public.gbt_intv_picksplit(internal, internal)	EXTENSION-OWNED	oid:134784	-	-	-	-	ext:btree_gist	ORPHAN_EXTENSION	-	-
public.gbt_intv_union(internal, internal)	EXTENSION-OWNED	oid:134785	-	-	-	-	ext:btree_gist	ORPHAN_EXTENSION	-	-
public.gbt_intv_same(gbtreekey32, gbtreekey32, internal)	EXTENSION-OWNED	oid:134786	-	-	-	-	ext:btree_gist	ORPHAN_EXTENSION	-	-
public.gbt_cash_consistent(internal, money, smallint, oid, internal)	EXTENSION-OWNED	oid:134805	-	-	-	-	ext:btree_gist	ORPHAN_EXTENSION	-	-
public.gbt_cash_distance(internal, money, smallint, oid, internal)	EXTENSION-OWNED	oid:134806	-	-	-	-	ext:btree_gist	ORPHAN_EXTENSION	-	-
public.gbt_cash_compress(internal)	EXTENSION-OWNED	oid:134807	-	-	-	-	ext:btree_gist	ORPHAN_EXTENSION	-	-
public.gbt_cash_fetch(internal)	EXTENSION-OWNED	oid:134808	-	-	-	-	ext:btree_gist	ORPHAN_EXTENSION	-	-
public.gbt_cash_penalty(internal, internal, internal)	EXTENSION-OWNED	oid:134809	-	-	-	-	ext:btree_gist	ORPHAN_EXTENSION	-	-
public.gbt_cash_picksplit(internal, internal)	EXTENSION-OWNED	oid:134810	-	-	-	-	ext:btree_gist	ORPHAN_EXTENSION	-	-
public.gbt_cash_union(internal, internal)	EXTENSION-OWNED	oid:134811	-	-	-	-	ext:btree_gist	ORPHAN_EXTENSION	-	-
public.gbt_cash_same(gbtreekey16, gbtreekey16, internal)	EXTENSION-OWNED	oid:134812	-	-	-	-	ext:btree_gist	ORPHAN_EXTENSION	-	-
public.gbt_macad_consistent(internal, macaddr, smallint, oid, internal)	EXTENSION-OWNED	oid:134831	-	-	-	-	ext:btree_gist	ORPHAN_EXTENSION	-	-
public.gbt_macad_compress(internal)	EXTENSION-OWNED	oid:134832	-	-	-	-	ext:btree_gist	ORPHAN_EXTENSION	-	-
public.gbt_macad_fetch(internal)	EXTENSION-OWNED	oid:134833	-	-	-	-	ext:btree_gist	ORPHAN_EXTENSION	-	-
public.gbt_macad_penalty(internal, internal, internal)	EXTENSION-OWNED	oid:134834	-	-	-	-	ext:btree_gist	ORPHAN_EXTENSION	-	-
public.gbt_macad_picksplit(internal, internal)	EXTENSION-OWNED	oid:134835	-	-	-	-	ext:btree_gist	ORPHAN_EXTENSION	-	-
public.gbt_macad_union(internal, internal)	EXTENSION-OWNED	oid:134836	-	-	-	-	ext:btree_gist	ORPHAN_EXTENSION	-	-
public.gbt_macad_same(gbtreekey16, gbtreekey16, internal)	EXTENSION-OWNED	oid:134837	-	-	-	-	ext:btree_gist	ORPHAN_EXTENSION	-	-
public.gbt_text_consistent(internal, text, smallint, oid, internal)	EXTENSION-OWNED	oid:134854	-	-	-	-	ext:btree_gist	ORPHAN_EXTENSION	-	-
public.gbt_bpchar_consistent(internal, character, smallint, oid, internal)	EXTENSION-OWNED	oid:134855	-	-	-	-	ext:btree_gist	ORPHAN_EXTENSION	-	-
public.gbt_text_compress(internal)	EXTENSION-OWNED	oid:134856	-	-	-	-	ext:btree_gist	ORPHAN_EXTENSION	-	-
public.gbt_bpchar_compress(internal)	EXTENSION-OWNED	oid:134857	-	-	-	-	ext:btree_gist	ORPHAN_EXTENSION	-	-
public.gbt_text_penalty(internal, internal, internal)	EXTENSION-OWNED	oid:134858	-	-	-	-	ext:btree_gist	ORPHAN_EXTENSION	-	-
public.gbt_text_picksplit(internal, internal)	EXTENSION-OWNED	oid:134859	-	-	-	-	ext:btree_gist	ORPHAN_EXTENSION	-	-
public.gbt_text_union(internal, internal)	EXTENSION-OWNED	oid:134860	-	-	-	-	ext:btree_gist	ORPHAN_EXTENSION	-	-
public.gbt_text_same(gbtreekey_var, gbtreekey_var, internal)	EXTENSION-OWNED	oid:134861	-	-	-	-	ext:btree_gist	ORPHAN_EXTENSION	-	-
public.gbt_bytea_consistent(internal, bytea, smallint, oid, internal)	EXTENSION-OWNED	oid:134894	-	-	-	-	ext:btree_gist	ORPHAN_EXTENSION	-	-
public.gbt_bytea_compress(internal)	EXTENSION-OWNED	oid:134895	-	-	-	-	ext:btree_gist	ORPHAN_EXTENSION	-	-
public.gbt_bytea_penalty(internal, internal, internal)	EXTENSION-OWNED	oid:134896	-	-	-	-	ext:btree_gist	ORPHAN_EXTENSION	-	-
public.gbt_bytea_picksplit(internal, internal)	EXTENSION-OWNED	oid:134897	-	-	-	-	ext:btree_gist	ORPHAN_EXTENSION	-	-
public.gbt_bytea_union(internal, internal)	EXTENSION-OWNED	oid:134898	-	-	-	-	ext:btree_gist	ORPHAN_EXTENSION	-	-
public.gbt_bytea_same(gbtreekey_var, gbtreekey_var, internal)	EXTENSION-OWNED	oid:134899	-	-	-	-	ext:btree_gist	ORPHAN_EXTENSION	-	-
public.gbt_numeric_consistent(internal, numeric, smallint, oid, internal)	EXTENSION-OWNED	oid:134916	-	-	-	-	ext:btree_gist	ORPHAN_EXTENSION	-	-
public.gbt_numeric_compress(internal)	EXTENSION-OWNED	oid:134917	-	-	-	-	ext:btree_gist	ORPHAN_EXTENSION	-	-
public.gbt_numeric_penalty(internal, internal, internal)	EXTENSION-OWNED	oid:134918	-	-	-	-	ext:btree_gist	ORPHAN_EXTENSION	-	-
public.gbt_numeric_picksplit(internal, internal)	EXTENSION-OWNED	oid:134919	-	-	-	-	ext:btree_gist	ORPHAN_EXTENSION	-	-
public.gbt_numeric_union(internal, internal)	EXTENSION-OWNED	oid:134920	-	-	-	-	ext:btree_gist	ORPHAN_EXTENSION	-	-
public.gbt_numeric_same(gbtreekey_var, gbtreekey_var, internal)	EXTENSION-OWNED	oid:134921	-	-	-	-	ext:btree_gist	ORPHAN_EXTENSION	-	-
public.gbt_bit_consistent(internal, bit, smallint, oid, internal)	EXTENSION-OWNED	oid:134938	-	-	-	-	ext:btree_gist	ORPHAN_EXTENSION	-	-
public.gbt_bit_compress(internal)	EXTENSION-OWNED	oid:134939	-	-	-	-	ext:btree_gist	ORPHAN_EXTENSION	-	-
public.gbt_bit_penalty(internal, internal, internal)	EXTENSION-OWNED	oid:134940	-	-	-	-	ext:btree_gist	ORPHAN_EXTENSION	-	-
public.gbt_bit_picksplit(internal, internal)	EXTENSION-OWNED	oid:134941	-	-	-	-	ext:btree_gist	ORPHAN_EXTENSION	-	-
public.gbt_bit_union(internal, internal)	EXTENSION-OWNED	oid:134942	-	-	-	-	ext:btree_gist	ORPHAN_EXTENSION	-	-
public.gbt_bit_same(gbtreekey_var, gbtreekey_var, internal)	EXTENSION-OWNED	oid:134943	-	-	-	-	ext:btree_gist	ORPHAN_EXTENSION	-	-
public.gbt_inet_consistent(internal, inet, smallint, oid, internal)	EXTENSION-OWNED	oid:134976	-	-	-	-	ext:btree_gist	ORPHAN_EXTENSION	-	-
public.gbt_inet_compress(internal)	EXTENSION-OWNED	oid:134977	-	-	-	-	ext:btree_gist	ORPHAN_EXTENSION	-	-
public.gbt_inet_penalty(internal, internal, internal)	EXTENSION-OWNED	oid:134978	-	-	-	-	ext:btree_gist	ORPHAN_EXTENSION	-	-
public.gbt_inet_picksplit(internal, internal)	EXTENSION-OWNED	oid:134979	-	-	-	-	ext:btree_gist	ORPHAN_EXTENSION	-	-
public.gbt_inet_union(internal, internal)	EXTENSION-OWNED	oid:134980	-	-	-	-	ext:btree_gist	ORPHAN_EXTENSION	-	-
public.gbt_inet_same(gbtreekey16, gbtreekey16, internal)	EXTENSION-OWNED	oid:134981	-	-	-	-	ext:btree_gist	ORPHAN_EXTENSION	-	-
public.gbt_uuid_consistent(internal, uuid, smallint, oid, internal)	EXTENSION-OWNED	oid:135012	-	-	-	-	ext:btree_gist	ORPHAN_EXTENSION	-	-
public.gbt_uuid_fetch(internal)	EXTENSION-OWNED	oid:135013	-	-	-	-	ext:btree_gist	ORPHAN_EXTENSION	-	-
public.gbt_uuid_compress(internal)	EXTENSION-OWNED	oid:135014	-	-	-	-	ext:btree_gist	ORPHAN_EXTENSION	-	-
public.gbt_uuid_penalty(internal, internal, internal)	EXTENSION-OWNED	oid:135015	-	-	-	-	ext:btree_gist	ORPHAN_EXTENSION	-	-
public.gbt_uuid_picksplit(internal, internal)	EXTENSION-OWNED	oid:135016	-	-	-	-	ext:btree_gist	ORPHAN_EXTENSION	-	-
public.gbt_uuid_union(internal, internal)	EXTENSION-OWNED	oid:135017	-	-	-	-	ext:btree_gist	ORPHAN_EXTENSION	-	-
public.gbt_uuid_same(gbtreekey32, gbtreekey32, internal)	EXTENSION-OWNED	oid:135018	-	-	-	-	ext:btree_gist	ORPHAN_EXTENSION	-	-
public.gbt_macad8_consistent(internal, macaddr8, smallint, oid, internal)	EXTENSION-OWNED	oid:135035	-	-	-	-	ext:btree_gist	ORPHAN_EXTENSION	-	-
public.gbt_macad8_compress(internal)	EXTENSION-OWNED	oid:135036	-	-	-	-	ext:btree_gist	ORPHAN_EXTENSION	-	-
public.gbt_macad8_fetch(internal)	EXTENSION-OWNED	oid:135037	-	-	-	-	ext:btree_gist	ORPHAN_EXTENSION	-	-
public.gbt_macad8_penalty(internal, internal, internal)	EXTENSION-OWNED	oid:135038	-	-	-	-	ext:btree_gist	ORPHAN_EXTENSION	-	-
public.gbt_macad8_picksplit(internal, internal)	EXTENSION-OWNED	oid:135039	-	-	-	-	ext:btree_gist	ORPHAN_EXTENSION	-	-
public.gbt_macad8_union(internal, internal)	EXTENSION-OWNED	oid:135040	-	-	-	-	ext:btree_gist	ORPHAN_EXTENSION	-	-
public.gbt_macad8_same(gbtreekey16, gbtreekey16, internal)	EXTENSION-OWNED	oid:135041	-	-	-	-	ext:btree_gist	ORPHAN_EXTENSION	-	-
public.gbt_enum_consistent(internal, anyenum, smallint, oid, internal)	EXTENSION-OWNED	oid:135058	-	-	-	-	ext:btree_gist	ORPHAN_EXTENSION	-	-
public.gbt_enum_compress(internal)	EXTENSION-OWNED	oid:135059	-	-	-	-	ext:btree_gist	ORPHAN_EXTENSION	-	-
public.gbt_enum_fetch(internal)	EXTENSION-OWNED	oid:135060	-	-	-	-	ext:btree_gist	ORPHAN_EXTENSION	-	-
public.gbt_enum_penalty(internal, internal, internal)	EXTENSION-OWNED	oid:135061	-	-	-	-	ext:btree_gist	ORPHAN_EXTENSION	-	-
public.gbt_enum_picksplit(internal, internal)	EXTENSION-OWNED	oid:135062	-	-	-	-	ext:btree_gist	ORPHAN_EXTENSION	-	-
public.gbt_enum_union(internal, internal)	EXTENSION-OWNED	oid:135063	-	-	-	-	ext:btree_gist	ORPHAN_EXTENSION	-	-
public.gbt_enum_same(gbtreekey8, gbtreekey8, internal)	EXTENSION-OWNED	oid:135064	-	-	-	-	ext:btree_gist	ORPHAN_EXTENSION	-	-
public.gbtreekey2_in(cstring)	EXTENSION-OWNED	oid:135082	-	-	-	-	ext:btree_gist	ORPHAN_EXTENSION	-	-
public.gbtreekey2_out(gbtreekey2)	EXTENSION-OWNED	oid:135083	-	-	-	-	ext:btree_gist	ORPHAN_EXTENSION	-	-
public.gbt_bool_consistent(internal, boolean, smallint, oid, internal)	EXTENSION-OWNED	oid:135085	-	-	-	-	ext:btree_gist	ORPHAN_EXTENSION	-	-
public.gbt_bool_compress(internal)	EXTENSION-OWNED	oid:135086	-	-	-	-	ext:btree_gist	ORPHAN_EXTENSION	-	-
public.gbt_bool_fetch(internal)	EXTENSION-OWNED	oid:135087	-	-	-	-	ext:btree_gist	ORPHAN_EXTENSION	-	-
public.gbt_bool_penalty(internal, internal, internal)	EXTENSION-OWNED	oid:135088	-	-	-	-	ext:btree_gist	ORPHAN_EXTENSION	-	-
public.gbt_bool_picksplit(internal, internal)	EXTENSION-OWNED	oid:135089	-	-	-	-	ext:btree_gist	ORPHAN_EXTENSION	-	-
public.gbt_bool_union(internal, internal)	EXTENSION-OWNED	oid:135090	-	-	-	-	ext:btree_gist	ORPHAN_EXTENSION	-	-
public.gbt_bool_same(gbtreekey2, gbtreekey2, internal)	EXTENSION-OWNED	oid:135091	-	-	-	-	ext:btree_gist	ORPHAN_EXTENSION	-	-
public.get_worker_commission_summary(p_store_id uuid, p_date_from date, p_date_to date)	git:20260715000002_fix_rpc_no_prefix.sql	oid:135148	MATCH_BYTE	MATCH	DRIFT_SEARCH_PATH	MATCH_BY_BODY	final declarado	DRIFT_ATTRS	b0e2dbb61fc77e3a9f3bf38b55d46ece	b0e2dbb61fc77e3a9f3bf38b55d46ece
public.purge_old_reset_snapshots(p_days integer)	git:20260726000001_v1_1_stabilization.sql	oid:135446	MATCH_BYTE	MATCH	DRIFT_SEARCH_PATH	MATCH	final declarado	DRIFT_ATTRS	8b826251cf9e4c7ad4eb502ac83cb665	8b826251cf9e4c7ad4eb502ac83cb665
public.auto_kardex_on_stock_movement()	git:20260905120000_w9_b10b_modernize_reverse_devolution.sql	oid:136257	MATCH_BYTE	MATCH	MATCH	MATCH	final declarado	MATCH	8ad3664feff065a177c7753ca856d2fe	8ad3664feff065a177c7753ca856d2fe
public.ensure_fiscal_period(p_store_id uuid, p_year integer, p_month integer)	git:20260726000002_v1_2_devolutions_customers_quotations_kardex_fiscal.sql	oid:136259	MATCH_BYTE	MATCH	DRIFT_SEARCH_PATH	MATCH	final declarado	DRIFT_ATTRS	391f9718402643b3cf5f0cf66270063a	391f9718402643b3cf5f0cf66270063a
public.has_store_access_as(p_user_id uuid, p_store_id uuid)	git:20260726000002_v1_2_devolutions_customers_quotations_kardex_fiscal.sql	oid:136268	DRIFT_FUNCTION_BODY	MATCH	MATCH	MATCH	cuerpo LIVE nunca declarado en Git	DRIFT_BODY	2b4e588cf482d9cd7fcfc84bb8e4b4d2	9844954f9389c7dfd318dbe96f128d54
public.create_devolution(p_store_id uuid, p_items jsonb, p_reason text, p_user_id uuid, p_original_transaction_id uuid, p_payment_method text, p_customer_id uuid, p_customer_name text, p_notes text)	git:20260727000006_v2_12_9_spoofing_p_user_id.sql	oid:136269	MATCH_BYTE	MATCH	MATCH	MATCH_BY_BODY	final declarado	MATCH	92a0d6d20925b93d525226981c7278a9	92a0d6d20925b93d525226981c7278a9
public.create_quotation(p_store_id uuid, p_items jsonb, p_user_id uuid, p_customer_id uuid, p_customer_name text, p_customer_phone text, p_discount_type text, p_discount_value numeric, p_notes text, p_valid_until date)	git:20260727000008_v2_12_12_fix_is_not_null_pattern.sql	oid:136270	MATCH_BYTE	MATCH	MATCH	MATCH_BY_BODY	final declarado	MATCH	daceb8d201b1bd85b77270d9f040b6eb	daceb8d201b1bd85b77270d9f040b6eb
public.calculate_abc(p_store_id uuid, p_year integer, p_month integer, p_user_id uuid)	git:20260727000006_v2_12_9_spoofing_p_user_id.sql	oid:136484	MATCH_BYTE	MATCH	MATCH	MATCH	final declarado	MATCH	4f5654194fb7f085bc92963d983f1bf5	4f5654194fb7f085bc92963d983f1bf5
public.mark_expired_lots(p_store_id uuid)	git:20260726000003_v2_0_lots_warehouses_abc_reconciliation.sql	oid:136485	MATCH_BYTE	MATCH	DRIFT_SEARCH_PATH	MATCH	final declarado	DRIFT_ATTRS	dc4d95c50913c37487a262826205e224	dc4d95c50913c37487a262826205e224
public.create_sale(p_store_id uuid, p_seller_id uuid, p_total_amount numeric, p_items jsonb, p_subtotal numeric, p_discount_type text, p_discount_value numeric, p_payment_method text, p_tax_amount numeric, p_applied_taxes jsonb, p_transaction_id uuid, p_operation_date timestamp with time zone, p_cash_amount numeric, p_transfer_amount numeric, p_idempotency_key text, p_sale_currency text, p_sale_exchange_rate numeric, p_zelle_amount numeric, p_warehouse_id uuid, p_user_id uuid)	git:20260803000004_v2_13_4_create_sale_validate_op_date.sql	oid:136508	MATCH_BYTE	MATCH	MATCH	MATCH_BY_BODY	final declarado	MATCH	65a44650af23cb3a4fd36018b35591d5	65a44650af23cb3a4fd36018b35591d5
public.get_reorder_suggestions(p_store_id uuid, p_user_id uuid)	git:20260727000006_v2_12_9_spoofing_p_user_id.sql	oid:136513	MATCH_BYTE	MATCH	MATCH	MATCH	final declarado	MATCH	73a8995ad6f63b1f5d926d6478e5e1e0	73a8995ad6f63b1f5d926d6478e5e1e0
public.auto_match_bank_items(p_statement_id uuid, p_user_id uuid)	git:20260727000006_v2_12_9_spoofing_p_user_id.sql	oid:136514	MATCH_BYTE	MATCH	MATCH	MATCH	final declarado	MATCH	096b0be8cf469ea5818f5da54644997e	096b0be8cf469ea5818f5da54644997e
public.reverse_receipt(p_receipt_id uuid, p_reason text, p_user_id uuid)	git:20260727000008_v2_12_12_fix_is_not_null_pattern.sql	oid:136654	MATCH_BYTE	MATCH	MATCH	MATCH	final declarado	MATCH	8dd39ad2b08111026eb69e40c57d168d	8dd39ad2b08111026eb69e40c57d168d
public.reverse_transfer(p_transfer_id uuid, p_reason text, p_user_id uuid)	git:20260905000002_w9_b10_reverse_document_authorization.sql	oid:136655	MATCH_BYTE	MATCH	MATCH	MATCH	final declarado	MATCH	afe4861ccbd7baddce507ce38538f31d	afe4861ccbd7baddce507ce38538f31d
public.reverse_adjustment(p_adjustment_id uuid, p_reason text, p_user_id uuid)	git:20260727000008_v2_12_12_fix_is_not_null_pattern.sql	oid:136656	MATCH_BYTE	MATCH	MATCH	MATCH	final declarado	MATCH	64cc3ca93171b998374464f79e24f570	64cc3ca93171b998374464f79e24f570
public.reverse_devolution(p_devolution_id uuid, p_reason text, p_user_id uuid)	git:20260905120000_w9_b10b_modernize_reverse_devolution.sql	oid:136657	MATCH_BYTE	MATCH	MATCH	MATCH	final declarado	MATCH	f0ec3e1effe05c600fd9ad152bf7aac3	f0ec3e1effe05c600fd9ad152bf7aac3
public.fn_validate_document_transition()	git:20260913000001_rem_inv_3c_restore_document_transition_validator.sql	oid:136674	MATCH_BYTE	MATCH	MATCH	MATCH	final declarado	MATCH	469c529a70fe578a6f2ac25273bd79ca	469c529a70fe578a6f2ac25273bd79ca
public.duplicate_inventory_adjustment(p_original_id uuid, p_user_id uuid)	git:20260727000008_v2_12_12_fix_is_not_null_pattern.sql	oid:136705	MATCH_BYTE	MATCH	MATCH	MATCH	final declarado	MATCH	f8fd1b6211b3430afd39c90d580f92d5	f8fd1b6211b3430afd39c90d580f92d5
public.perform_inventory_adjustment(p_store_id uuid, p_product_id uuid, p_quantity_delta numeric, p_reason text, p_user_id uuid, p_unit_cost_adjustment numeric, p_operation_date timestamp with time zone)	git:20260727000008_v2_12_12_fix_is_not_null_pattern.sql	oid:136711	DRIFT_FUNCTION_BODY	MATCH	MATCH	CHECK_ARGS	cuerpo LIVE nunca declarado en Git	DRIFT_SIGNATURE	dbe5fc5b5ce9dd5d7605be51972adccf	067685e8c5b503d7573bf821bee89731
public.confirm_pending_reception(p_receipt_id uuid, p_user_id uuid, p_operation_date timestamp with time zone)	git:20260810000080_pr4_4f_fix_decimal_reception.sql	oid:136713	DRIFT_FUNCTION_BODY	MATCH	MATCH	CHECK_ARGS	cuerpo LIVE nunca declarado en Git	DRIFT_SIGNATURE	6acb16fdead893720e2b212562476842	6c5b10f97f8bb1d1c0eb83cd2c3d3c19
public.void_reception_with_reversal(p_receipt_id uuid, p_user_id uuid, p_reason text, p_operation_date timestamp with time zone)	git:20260727000008_v2_12_12_fix_is_not_null_pattern.sql	oid:136714	DRIFT_FUNCTION_BODY	MATCH	DRIFT_SEARCH_PATH	CHECK_ARGS	cuerpo LIVE nunca declarado en Git	DRIFT_SIGNATURE	06047218f8d1d7374103115279e6e37d	e86eae10b3f09939ad6c1ab9c4996217
public.compensate_inventory_error(p_store_id uuid, p_original_movement_id uuid, p_reason text, p_user_id uuid)	git:20260727000008_v2_12_12_fix_is_not_null_pattern.sql	oid:136719	MATCH_BYTE	MATCH	MATCH	MATCH	final declarado	MATCH	1b03feb3441f50917d8d36f879eb096c	1b03feb3441f50917d8d36f879eb096c
public.role_name_to_enum(p_role_name text)	git:20260726000019_v2_8_unify_roles.sql	oid:136727	MATCH_BYTE	MATCH	MATCH	MATCH	final declarado	MATCH	4541af0819f74e32591c30b47285ade8	4541af0819f74e32591c30b47285ade8
public.fn_sync_profile_role()	git:20260726000019_v2_8_unify_roles.sql	oid:136728	MATCH_BYTE	MATCH	MATCH	MATCH	final declarado	MATCH	5023bf37ec8932b2c374a6d6e3390971	5023bf37ec8932b2c374a6d6e3390971
public.fn_generate_physical_count_number()	git:20260726000020_v2_9_h6_physical_count.sql	oid:136799	MATCH_BYTE	MATCH	MATCH	MATCH	final declarado	MATCH	651cf64cc3a01b4f1bc4032c8a78c3d6	651cf64cc3a01b4f1bc4032c8a78c3d6
public.create_physical_count(p_store_id uuid, p_user_id uuid, p_notes text)	git:20260727000008_v2_12_12_fix_is_not_null_pattern.sql	oid:136801	MATCH_BYTE	MATCH	MATCH	MATCH_BY_BODY	final declarado	MATCH	84fdeb9ae2e01d3567fa2c487fc0619b	84fdeb9ae2e01d3567fa2c487fc0619b
public.record_counted_quantity(p_count_id uuid, p_product_id uuid, p_counted_quantity numeric, p_user_id uuid, p_notes text)	git:20260727000008_v2_12_12_fix_is_not_null_pattern.sql	oid:136802	MATCH_BYTE	MATCH	MATCH	MATCH_BY_BODY	final declarado	MATCH	070953d5d15d59d56c04624b10cc750c	070953d5d15d59d56c04624b10cc750c
public.apply_physical_count(p_count_id uuid, p_user_id uuid, p_apply_zero_diffs boolean)	git:20260727000008_v2_12_12_fix_is_not_null_pattern.sql	oid:136803	MATCH_BYTE	MATCH	MATCH	MATCH_BY_BODY	final declarado	MATCH	1aa71acba3c5d5585a5955329412004a	1aa71acba3c5d5585a5955329412004a
public.transfer_requires_approval(p_origin_store_id uuid, p_destination_store_id uuid, p_items jsonb)	git:20260726000021_v2_10_h7_transfer_approval.sql	oid:136850	MATCH_BYTE	MATCH	MATCH	MATCH	final declarado	MATCH	559ccc278fe9c6ff234f01ca3bd66aa9	559ccc278fe9c6ff234f01ca3bd66aa9
public.approve_transfer(p_transfer_id uuid, p_user_id uuid)	git:20260727000008_v2_12_12_fix_is_not_null_pattern.sql	oid:136851	MATCH_BYTE	MATCH	MATCH	MATCH	final declarado	MATCH	7d5a0ff56ec384f39820bfda14a5f376	7d5a0ff56ec384f39820bfda14a5f376
public.reject_transfer(p_transfer_id uuid, p_reason text, p_user_id uuid)	git:20260727000008_v2_12_12_fix_is_not_null_pattern.sql	oid:136852	MATCH_BYTE	MATCH	MATCH	MATCH	final declarado	MATCH	30347f01ad8d305caa77a6979dc997b5	30347f01ad8d305caa77a6979dc997b5
public.confirm_inventory_adjustment(p_adjustment_id uuid, p_user_id uuid)	git:20260727000008_v2_12_12_fix_is_not_null_pattern.sql	oid:136899	MATCH_BYTE	MATCH	MATCH	MATCH	final declarado	MATCH	d43cf0b83d5deb8885d49479b6914d14	d43cf0b83d5deb8885d49479b6914d14
public.void_inventory_adjustment(p_adjustment_id uuid, p_user_id uuid)	git:20260727000008_v2_12_12_fix_is_not_null_pattern.sql	oid:136900	MATCH_BYTE	MATCH	MATCH	MATCH	final declarado	MATCH	bd0c24ec918a221d0970baa65955694e	bd0c24ec918a221d0970baa65955694e
public.create_devolution(p_store_id uuid, p_items jsonb, p_reason text, p_original_transaction_id uuid, p_payment_method text, p_customer_id uuid, p_customer_name text, p_notes text, p_currency text, p_exchange_rate numeric)	git:20260727000006_v2_12_9_spoofing_p_user_id.sql	oid:136967	DRIFT_FUNCTION_BODY	MATCH	DRIFT_SEARCH_PATH	CHECK_ARGS	cuerpo LIVE nunca declarado en Git	DRIFT_SIGNATURE	92a0d6d20925b93d525226981c7278a9	5676c618180f37db1cca680043bebaf4
public.adjust_sale_payment(p_transaction_id uuid, p_user_id uuid, p_payment_method text, p_cash_amount numeric, p_transfer_amount numeric, p_zelle_amount numeric, p_sale_currency text, p_sale_exchange_rate numeric, p_items_price_adjustments jsonb, p_discount_type text, p_discount_value numeric, p_reason text)	git:20260727000011_v2_12_17_adjust_sale_payment.sql	oid:137060	MATCH_BYTE	MATCH	MATCH	MATCH_BY_BODY	final declarado	MATCH	affd0085875295d7b6c6980ce670670b	affd0085875295d7b6c6980ce670670b
public.create_transfer(p_origin_store_id uuid, p_destination_store_id uuid, p_items jsonb, p_notes text, p_transaction_id uuid, p_operation_date timestamp with time zone, p_user_id uuid)	git:20260802000005_v2_12_44_transfer_confirm_remediation.sql	oid:137073	MATCH_BYTE	MATCH	MATCH	MATCH_BY_BODY	final declarado	MATCH	a1dd6f18e32593d3f93c5c44bafc91ba	a1dd6f18e32593d3f93c5c44bafc91ba
public.set_transfer_approval_rule(p_tenant_id uuid, p_store_id uuid, p_threshold_amount numeric, p_threshold_quantity numeric, p_approver_roles text[], p_is_active boolean, p_user_id uuid)	git:20260727000012_v2_12_18_fix_5_residual_is_not_null.sql	oid:137075	MATCH_BYTE	MATCH	MATCH	MATCH_BY_BODY	final declarado	MATCH	880327063ae559f685ae685792f08e1e	880327063ae559f685ae685792f08e1e
public.close_fiscal_period(p_store_id uuid, p_year integer, p_month integer, p_user_id uuid)	git:20260909000004_rem_f4_06c_fiscal_close_rpc_contract.sql	oid:137076	MATCH_BYTE	MATCH	MATCH	MATCH	final declarado	MATCH	2429aa102bd9d7015c3923f8e626728d	2429aa102bd9d7015c3923f8e626728d
public.receive_to_warehouse(p_store_id uuid, p_product_id uuid, p_quantity numeric, p_unit_cost numeric, p_warehouse_id uuid, p_lot_number text, p_expiration_date date, p_user_id uuid, p_reason text)	git:20260727000012_v2_12_18_fix_5_residual_is_not_null.sql	oid:137077	MATCH_BYTE	MATCH	MATCH	MATCH_BY_BODY	final declarado	MATCH	681916c158583db74962488659d96cf5	681916c158583db74962488659d96cf5
public.reconcile_stock(p_store_id uuid, p_fix boolean, p_user_id uuid)	git:20260727000013_v2_12_19_reconcile_stock_anti_spoofing.sql	oid:137078	MATCH_BYTE	MATCH	MATCH	MATCH_BY_BODY	final declarado	MATCH	43950f25248338c1db87d5927f2cdad5	43950f25248338c1db87d5927f2cdad5
public.register_supplier_payment(p_store_id uuid, p_ref_type text, p_ref_id uuid, p_amount numeric, p_payment_method text, p_paid_by uuid, p_currency text, p_exchange_rate numeric, p_reference text, p_notes text, p_idempotency_key text, p_payment_date timestamp with time zone)	git:20260731000001_v2_12_32_fix_ot_bugs.sql	oid:137351	MATCH_BYTE	MATCH	MATCH	MATCH_BY_BODY	final declarado	MATCH	a909b468fb197f11cc9eb5c5f6ab968d	a909b468fb197f11cc9eb5c5f6ab968d
public.get_cash_report(p_store_id uuid, p_start_date timestamp with time zone, p_end_date timestamp with time zone, p_include_all_dates boolean)	git:20260904030000_w9_obs1_fix_cash_report_double_conversion.sql	oid:137379	MATCH_BYTE	MATCH	MATCH	MATCH_BY_BODY	final declarado	MATCH	18b7302ed3866de23ff460bb87e0f680	18b7302ed3866de23ff460bb87e0f680
public.validate_store_can_be_modified(p_store_id uuid, p_check_type text)	git:20260802000001_v2_12_41_fase0_remediacion.sql	oid:137398	DRIFT_FUNCTION_BODY	MATCH	MATCH	MATCH	cuerpo LIVE nunca declarado en Git	DRIFT_BODY	d6a1d6237e773d6da1ca0216822a763f	fca47bf45c01eb77c366a28aae165602
public.reset_store_data(target_store_id uuid, p_keep_catalog boolean, p_user_id uuid)	git:20260820000005_post_restore_reconciliation.sql	oid:137399	DRIFT_FUNCTION_BODY	MATCH	MATCH	CHECK_ARGS	cuerpo LIVE nunca declarado en Git	DRIFT_SIGNATURE	d44bd557c1786c60359bebfa36c3d338	bc649bdbf142aaebb883384ba40710d6
public.cancel_transfer(p_transfer_id uuid, p_reason text, p_user_id uuid)	git:20260802000002_v2_12_42_transfer_remediation.sql	oid:137483	MATCH_BYTE	MATCH	MATCH	MATCH_BY_BODY	final declarado	MATCH	381d4db2d513e4608ba3eaa79564014a	381d4db2d513e4608ba3eaa79564014a
public.get_available_stock(p_store_id uuid, p_product_id uuid)	git:20260802000004_v2_12_43_get_available_stock.sql	oid:137493	MATCH_BYTE	MATCH	MATCH	MATCH	final declarado	MATCH	24dd2f22ea845ee6669c075ca57a64bd	24dd2f22ea845ee6669c075ca57a64bd
public.discover_backup_tables()	git:20260802000006_v2_12_45_backup_registry.sql	oid:137558	MATCH_BYTE	MATCH	MATCH	MATCH	final declarado	MATCH	ee9395981aa2c7236814ac40a5f64c5b	ee9395981aa2c7236814ac40a5f64c5b
public.get_backup_table_list(p_include_excluded boolean)	git:20260802000006_v2_12_45_backup_registry.sql	oid:137559	MATCH_BYTE	MATCH	MATCH	MATCH	final declarado	MATCH	a61a29e31dcdb4cfdb1ce2062157c13d	a61a29e31dcdb4cfdb1ce2062157c13d
public.validate_backup_registry_drift()	git:20260802000006_v2_12_45_backup_registry.sql	oid:137560	MATCH_BYTE	MATCH	MATCH	MATCH	final declarado	MATCH	24b04531dbef3e6e84af18ad4228a617	24b04531dbef3e6e84af18ad4228a617
public.validate_post_restore(p_store_id uuid, p_backup_payload jsonb)	git:20260802000007_v2_12_46_restore_rpc_preview.sql	oid:137561	MATCH_BYTE	MATCH	MATCH	MATCH	final declarado	MATCH	fbe19f09cb577b8370cabbd5b7add704	fbe19f09cb577b8370cabbd5b7add704
public.validate_pre_restore_fk_integrity(p_store_id uuid)	git:20260802000007_v2_12_46_restore_rpc_preview.sql	oid:137569	MATCH_BYTE	MATCH	MATCH	MATCH	final declarado	MATCH	b796132c713caa6ba62ea9c93559a7be	b796132c713caa6ba62ea9c93559a7be
public.create_pre_restore_snapshot(p_store_id uuid)	git:20260802000007_v2_12_46_restore_rpc_preview.sql	oid:137570	DRIFT_FUNCTION_BODY	MATCH	MATCH	MATCH	cuerpo LIVE nunca declarado en Git	DRIFT_BODY	39376923494f2a21bb215fba2f9b811d	d1928efec1e0f6afeba3603138a8cd38
public.generate_confirmation_token(p_session_id uuid)	git:20260802000007_v2_12_46_restore_rpc_preview.sql	oid:137574	MATCH_BYTE	MATCH	MATCH	MATCH	final declarado	MATCH	d59c40988daf61098968bc0b7398c19b	d59c40988daf61098968bc0b7398c19b
public.get_table_writable_columns(p_table_name text)	git:20260802000007_v2_12_46_restore_rpc_preview.sql	oid:137575	MATCH_BYTE	MATCH	MATCH	MATCH	final declarado	MATCH	f115613521751b8874966d5f0edef7d5	f115613521751b8874966d5f0edef7d5
public.restore_store_backup(p_store_id uuid, p_backup_payload jsonb, p_mode text, p_confirmation_token text)	git:20260802000008_v2_12_47_restore_rpc_execute.sql	oid:137580	DRIFT_FUNCTION_BODY	MATCH	MATCH	CHECK_ARGS	cuerpo LIVE nunca declarado en Git	DRIFT_SIGNATURE	9c16981a8b81fab7febe44fd1eb1aa79	fe49ee4a4b895f81a3d9308a07d58282
public.audit_backup_restore_protected_change()	NOT_IN_GIT	oid:137780	-	-	-	-	-	ORPHAN_LIVE	-	-
public.generate_bulk_confirmation_token(p_store_ids uuid[], p_action text, p_user_id uuid)	git:20260818000002_bulk_delete_functions_versioned.sql	oid:137812	MATCH_BYTE	MATCH	MATCH	MATCH	final declarado	MATCH	d2047bda7ff1c278ea655d6a1dd01158	d2047bda7ff1c278ea655d6a1dd01158
public.generate_bulk_override_token(p_confirmation_token text, p_override_user_id uuid, p_reason text)	git:20260818000002_bulk_delete_functions_versioned.sql	oid:137813	MATCH_BYTE	MATCH	MATCH	MATCH	final declarado	MATCH	ac4682362f7c1fde6fb7a3ad40c630d1	ac4682362f7c1fde6fb7a3ad40c630d1
public.bulk_soft_delete_stores(p_store_ids uuid[], p_deleted_by uuid, p_confirmation_token text, p_override_token text, p_reason text)	git:20260818000002_bulk_delete_functions_versioned.sql	oid:137814	MATCH_BYTE	MATCH	MATCH	MATCH_BY_BODY	final declarado	MATCH	3d1053f1d3775b04c375b8032cded3b2	3d1053f1d3775b04c375b8032cded3b2
public.check_bulk_ops_hourly_limit(p_user_id uuid, p_plan text)	git:20260818000002_bulk_delete_functions_versioned.sql	oid:137816	MATCH_BYTE	MATCH	MATCH	MATCH	final declarado	MATCH	41c789cb3cc30cbbc14153ebac3c2876	41c789cb3cc30cbbc14153ebac3c2876
public.release_expired_reservations()	git:20260804000001_v2_13_10_fix_release_expired_reservations_cast.sql	oid:137974	DRIFT_FUNCTION_BODY	MATCH	MATCH	MATCH	cuerpo LIVE nunca declarado en Git	DRIFT_BODY	7f6bfbbc2408e5f65eb40711934084ed	fc2877b3fcf8a978553568fb84fb6ff9
public.void_transaction(p_transaction_id uuid, p_reason text, p_operation_date timestamp with time zone, p_user_id uuid)	git:20260905000001_w9_b8_modelo_c_undo_reverse_authorization.sql	oid:138000	MATCH_BYTE	MATCH	MATCH	MATCH_BY_BODY	final declarado	MATCH	b2cb434b5ad6c59fe13b347fd362f534	b2cb434b5ad6c59fe13b347fd362f534
public.prevent_hard_delete_profile()	git:20260805000002_v2_14_2_profiles_soft_delete.sql	oid:138033	MATCH_BYTE	MATCH	MATCH	MATCH	final declarado	MATCH	c675cd88b88ef6f559b18db13433e2c3	c675cd88b88ef6f559b18db13433e2c3
public.update_orphaned_users_log_updated_at()	git:20260805000003_v2_14_3_orphaned_users_log.sql	oid:138055	MATCH_BYTE	MATCH	MATCH	MATCH	final declarado	MATCH	301a884953d37769916294bb60562e05	301a884953d37769916294bb60562e05
public.update_user_invitations_updated_at()	git:20260805000004_v2_14_4_user_invitations.sql	oid:138088	MATCH_BYTE	MATCH	MATCH	MATCH	final declarado	MATCH	301a884953d37769916294bb60562e05	301a884953d37769916294bb60562e05
public.managed_create_user_v2(p_email text, p_full_name text, p_role user_role, p_plan plan_t, p_store_id uuid, p_memberships jsonb, p_max_stores integer, p_max_users integer, p_target_user_id uuid, p_creator_id uuid)	git:20260805000007_v2_14_7_managed_create_user_v2.sql	oid:138098	MATCH_BYTE	MATCH	MATCH	MATCH_BY_BODY	final declarado	MATCH	a2156904df665741abf3674f18ee05d2	a2156904df665741abf3674f18ee05d2
public.managed_update_user(p_user_id uuid, p_full_name text, p_role user_role, p_role_id uuid, p_is_active boolean, p_max_stores_limit integer, p_max_users_limit integer, p_plan plan_t, p_caller_id uuid)	git:20260820000001_security_fix_spoofable_caller_uid.sql	oid:138103	MATCH_BYTE	MATCH	MATCH	MATCH_BY_BODY	final declarado	MATCH	36212570c073eaef70e10b70a20a236d	36212570c073eaef70e10b70a20a236d
public.managed_toggle_user_status(p_user_id uuid, p_is_active boolean, p_caller_id uuid)	git:20260820000001_security_fix_spoofable_caller_uid.sql	oid:138104	MATCH_BYTE	MATCH	MATCH	MATCH	final declarado	MATCH	05ffab956ee164a7d8732370d11b8a34	05ffab956ee164a7d8732370d11b8a34
public.managed_reset_password(p_user_id uuid, p_caller_id uuid)	git:20260820000001_security_fix_spoofable_caller_uid.sql	oid:138105	MATCH_BYTE	MATCH	MATCH	MATCH	final declarado	MATCH	e5abd8d0cadd47bb18cd8dde03780f12	e5abd8d0cadd47bb18cd8dde03780f12
public.managed_soft_delete_user(p_user_id uuid, p_reason text, p_caller_id uuid)	git:20260820000001_security_fix_spoofable_caller_uid.sql	oid:138106	MATCH_BYTE	MATCH	MATCH	MATCH	final declarado	MATCH	878ba3300a03b50e04b54c135f1c28a1	878ba3300a03b50e04b54c135f1c28a1
public.managed_update_membership(p_membership_id uuid, p_role user_role, p_status text, p_caller_id uuid)	git:20260820000001_security_fix_spoofable_caller_uid.sql	oid:138107	MATCH_BYTE	MATCH	MATCH	MATCH_BY_BODY	final declarado	MATCH	b1087fbc071da79b8882fdb2c0bf2209	b1087fbc071da79b8882fdb2c0bf2209
public.managed_revoke_membership(p_membership_id uuid, p_caller_id uuid)	git:20260820000001_security_fix_spoofable_caller_uid.sql	oid:138108	MATCH_BYTE	MATCH	MATCH	MATCH	final declarado	MATCH	619b775d121a2c0015626bf7277ce98b	619b775d121a2c0015626bf7277ce98b
public.detect_orphan_users()	git:20260805000014_v2_14_14_detect_reconcile_orphans.sql	oid:138109	MATCH_BYTE	MATCH	MATCH	MATCH	final declarado	MATCH	3c6df053ef9d9b7ff7c6682cf2176811	3c6df053ef9d9b7ff7c6682cf2176811
public.reconcile_orphan_user(p_auth_user_id uuid, p_action text, p_reason text, p_caller_id uuid)	git:20260820000001_security_fix_spoofable_caller_uid.sql	oid:138110	MATCH_BYTE	MATCH	MATCH	MATCH	final declarado	MATCH	87096b0f82813d84edf770d87832d6cd	87096b0f82813d84edf770d87832d6cd
public.get_user_audit_history(p_user_id uuid, p_limit integer, p_offset integer)	git:20260805000015_v2_14_15_get_user_audit_history.sql	oid:138111	MATCH_BYTE	MATCH	MATCH	MATCH_BY_BODY	final declarado	MATCH	030abfa5e7adcb9823b4a63138f4cd80	030abfa5e7adcb9823b4a63138f4cd80
public.bulk_assign_memberships(p_user_id uuid, p_assignments jsonb)	git:20260805000016_v2_14_16_bulk_assign_memberships_audit.sql	oid:138112	MATCH_BYTE	MATCH	MATCH	MATCH	final declarado	MATCH	f373c5cf4120470dd6a6d4b0f9257599	f373c5cf4120470dd6a6d4b0f9257599
public.create_store_with_membership(p_name text, p_address text, p_created_by uuid, p_max_stores integer, p_logo_url text, p_reeup text, p_nit text, p_bank_account text, p_phone text, p_email text, p_slug text, p_plantilla text, p_signature_url text, p_stamp_url text, p_latitude double precision, p_longitude double precision, p_tenant_id uuid)	git:20260806000005_v2_15_5_create_store_with_tenant.sql	oid:138143	DRIFT_FUNCTION_BODY	MATCH	DRIFT_SEARCH_PATH	CHECK_ARGS	cuerpo LIVE nunca declarado en Git	DRIFT_SIGNATURE	84c76c4ffac41a15b33c6b4330d1c408	da512cbcbbc4cbab35edf48bde15ff4d
public.managed_update_tenant_plan(p_tenant_id uuid, p_plan plan_t, p_subscription_status text, p_caller_id uuid)	git:20260820000001_security_fix_spoofable_caller_uid.sql	oid:138144	MATCH_BYTE	MATCH	MATCH	MATCH_BY_BODY	final declarado	MATCH	e5ce9f7cb774bf2b3e129c971175840a	e5ce9f7cb774bf2b3e129c971175840a
public.check_tenant_store_quota(p_tenant_id uuid, p_plan plan_t)	git:20260806000007_v2_15_7_check_tenant_store_quota.sql	oid:138145	MATCH_BYTE	MATCH	MATCH	MATCH	final declarado	MATCH	17aedf8b0fd7cad9db81968dbb2a4933	17aedf8b0fd7cad9db81968dbb2a4933
public.get_tenant_cash_report(p_tenant_id uuid, p_start_date timestamp with time zone, p_end_date timestamp with time zone)	git:20260806000008_v2_15_8_tenant_reports.sql	oid:138146	MATCH_BYTE	MATCH	MATCH	MATCH_BY_BODY	final declarado	MATCH	2e263f95ea31bfc1d3094ec3489ba499	2e263f95ea31bfc1d3094ec3489ba499
public.get_tenant_sales_summary(p_tenant_id uuid, p_days integer)	git:20260807000008_v2_21_0_rls_fix_get_tenant_sales_summary.sql	oid:138147	DRIFT_FUNCTION_BODY	MATCH	MATCH	MATCH	cuerpo LIVE nunca declarado en Git	DRIFT_BODY	5b322fc330b2c3070047e398e58e8c6f	5457b3a01f32ee18b89c023b9872978a
public.validate_tenant_access(p_user_id uuid, p_store_id uuid)	git:20260806000009_v2_15_9_validate_tenant_access.sql	oid:138148	MATCH_BYTE	MATCH	MATCH	MATCH	final declarado	MATCH	4296dab9243d7ae933b8dfc7a021e761	4296dab9243d7ae933b8dfc7a021e761
public.has_store_role_as(p_user_id uuid, p_store_id uuid, p_roles text[])	git:20260807000002_v2_16_2_has_store_role_as.sql	oid:138149	MATCH_BYTE	MATCH	MATCH	MATCH	final declarado	MATCH	abb566b7f3ce24ee2f0e6dbdb811f2e5	abb566b7f3ce24ee2f0e6dbdb811f2e5
public.reverse_transaction_v2(p_transaction_id uuid, p_reason text, p_user_id uuid)	git:20260905000001_w9_b8_modelo_c_undo_reverse_authorization.sql	oid:138188	MATCH_BYTE	MATCH	MATCH	MATCH	final declarado	MATCH	080ab8d57a360c0a7e278e4eb1946ddc	080ab8d57a360c0a7e278e4eb1946ddc
public.reverse_receipt_v2(p_receipt_id uuid, p_reason text, p_user_id uuid)	git:20260905000002_w9_b10_reverse_document_authorization.sql	oid:138196	MATCH_BYTE	MATCH	MATCH	MATCH	final declarado	MATCH	959e7ba7a289f141b51e0e638cac5a22	959e7ba7a289f141b51e0e638cac5a22
public.prevent_cash_closure_edit()	git:20260911000000_rem_sec1_security_boundaries.sql	oid:138201	MATCH_BYTE	MATCH	MATCH	MATCH	final declarado	MATCH	7315bb7269d8ba63ee799f51515ad9da	7315bb7269d8ba63ee799f51515ad9da
public.reopen_cash_shift(p_closure_id uuid, p_reason text, p_user_id uuid)	git:20260911000000_rem_sec1_security_boundaries.sql	oid:138208	MATCH_BYTE	MATCH	MATCH	MATCH	final declarado	MATCH	62172f6d459cb8e8ef1612c5e461ac2d	62172f6d459cb8e8ef1612c5e461ac2d
public.reverse_commissions_on_sale_void()	git:20260809000003_v2_18_3_commission_reversal_trigger.sql	oid:138210	MATCH_BYTE	MATCH	MATCH	MATCH	final declarado	MATCH	e91878d819b52d45e26a0b6ec331c3e9	e91878d819b52d45e26a0b6ec331c3e9
public.audit_cash_closures_changes()	git:20260809000004_v2_18_4_audit_triggers.sql	oid:138218	DRIFT_FUNCTION_BODY	MATCH	DRIFT_SEARCH_PATH	MATCH	cuerpo LIVE nunca declarado en Git	DRIFT_BODY	3bf574b11d4a98c4dc7de41396fec1c9	2da87471545b96ee0c6953f97121e4f2
public.audit_commission_payments_changes()	git:20260809000004_v2_18_4_audit_triggers.sql	oid:138220	DRIFT_FUNCTION_BODY	MATCH	MATCH	MATCH	cuerpo LIVE nunca declarado en Git	DRIFT_BODY	7d77d1a92ceb382592ca42962f2e1cd3	c44c9d9e6c8a47c41b05585005abbf2f
public.audit_fiscal_closings_changes()	git:20260909000003_rem_f4_06b_audit_fiscal_closing_record_id_uuid.sql	oid:138222	MATCH_BYTE	MATCH	MATCH	MATCH	final declarado	MATCH	6af38fa39f3287c6c03443299670ae85	6af38fa39f3287c6c03443299670ae85
public.audit_payment_transactions_changes()	git:20260817000004_fix_audit_payment_created_by.sql	oid:138224	MATCH_BYTE	MATCH	MATCH	MATCH	final declarado	MATCH	ab1363a107332e5773d7816971e34cfe	ab1363a107332e5773d7816971e34cfe
public.next_document_number(p_store_id uuid, p_document_type text, p_user_id uuid)	git:20260817000001_vale_salida.sql	oid:138245	MATCH_BYTE	MATCH	MATCH	MATCH	final declarado	MATCH	1103141660702711b55f8821e354f896	1103141660702711b55f8821e354f896
public.prevent_z_report_edit()	git:20260810000002_v2_19_2_z_reports.sql	oid:138283	MATCH_BYTE	MATCH	MATCH	MATCH	final declarado	MATCH	7e4c9d67a9734cbf6c2858a5dc077d36	7e4c9d67a9734cbf6c2858a5dc077d36
public.close_cash_shift(p_closure_id uuid, p_declared_cash numeric, p_declared_vouchers numeric, p_notes text, p_user_id uuid)	git:20260911000000_rem_sec1_security_boundaries.sql	oid:138285	DRIFT_FUNCTION_BODY	MATCH	MATCH	CHECK_ARGS	cuerpo LIVE nunca declarado en Git	DRIFT_SIGNATURE	45f9c4ea1fcfcdf25c91878b258e99d5	b176bb225db3f1aba7f26c2f2f63975a
public.validate_operation_date(p_new_date timestamp with time zone, p_store_id uuid)	git:20260817000003_validate_operation_date_6months.sql	oid:138292	MATCH_BYTE	MATCH	MATCH	MATCH	final declarado	MATCH	8559311d55219df06b79d84cf98772e2	8559311d55219df06b79d84cf98772e2
public.prevent_fiscal_closing_edit()	git:20260911000000_rem_sec1_security_boundaries.sql	oid:138303	MATCH_BYTE	MATCH	MATCH	MATCH	final declarado	MATCH	bd17f83656ad38ef8b94d61df874ff9e	bd17f83656ad38ef8b94d61df874ff9e
public.get_sales_book(p_store_id uuid, p_year integer, p_month integer)	git:20260810000006_v2_19_6_fiscal_reports.sql	oid:138305	MATCH_BYTE	MATCH	MATCH	MATCH_BY_BODY	final declarado	MATCH	20aa4de2cf6e67829dcedf183664409c	20aa4de2cf6e67829dcedf183664409c
public.get_purchases_book(p_store_id uuid, p_year integer, p_month integer)	git:20260810000006_v2_19_6_fiscal_reports.sql	oid:138306	MATCH_BYTE	MATCH	MATCH	MATCH_BY_BODY	final declarado	MATCH	7232b3b1632e3bd5b39e89fb4dd15a3a	7232b3b1632e3bd5b39e89fb4dd15a3a
public.get_tax_report(p_store_id uuid, p_year integer, p_month integer)	git:20260810000006_v2_19_6_fiscal_reports.sql	oid:138307	MATCH_BYTE	MATCH	MATCH	MATCH_BY_BODY	final declarado	MATCH	a0d02672c3c03b47e10459641e8ed7a9	a0d02672c3c03b47e10459641e8ed7a9
public.set_audit_log_trace_id()	git:20260811000002_v2_20_2_rpc_trace_id.sql	oid:138340	MATCH_BYTE	MATCH	MATCH	MATCH	final declarado	MATCH	5f9189dd1d5585453f2fa949304dc190	5f9189dd1d5585453f2fa949304dc190
public.test_trace_id_setting()	NOT_IN_GIT	oid:138343	-	-	-	-	-	ORPHAN_LIVE	-	-
public.current_user_tenant_id()	git:20260807000004_v2_21_0_rls_helper_functions.sql	oid:138372	MATCH_BYTE	MATCH	MATCH	MATCH	final declarado	MATCH	e7c7f1fdb7e5134a4f1c7a0752c1088e	e7c7f1fdb7e5134a4f1c7a0752c1088e
public.current_user_store_ids()	git:20260807000004_v2_21_0_rls_helper_functions.sql	oid:138373	DRIFT_FUNCTION_BODY	MATCH	MATCH	MATCH	cuerpo LIVE nunca declarado en Git	DRIFT_BODY	7aa4f04c3ab7d2f7e5d07848d45844f8	317799d87c0daedabb3dba833507e3f4
public.is_admin_with_access(p_store_id uuid)	git:20260807000004_v2_21_0_rls_helper_functions.sql	oid:138374	DRIFT_FUNCTION_BODY	MATCH	MATCH	MATCH	cuerpo LIVE nunca declarado en Git	DRIFT_BODY	2c7c10af3e4e9756c24678d7ee80d5da	0015e76b5eb9b2c453cf802a31c6a020
public.is_tenant_member(p_tenant_id uuid)	git:20260807000004_v2_21_0_rls_helper_functions.sql	oid:138375	MATCH_BYTE	MATCH	MATCH	MATCH	final declarado	MATCH	c4584678c338a9668b3dd5da4c320541	c4584678c338a9668b3dd5da4c320541
public.register_reception(p_store_id uuid, p_supplier text, p_reception_date timestamp with time zone, p_invoice_number text, p_items jsonb, p_user_id uuid, p_po_id uuid)	git:(migrations)/register_reception_rpc.sql	oid:138536	DRIFT_FUNCTION_BODY	MATCH	MATCH	CHECK_ARGS	cuerpo LIVE nunca declarado en Git	DRIFT_SIGNATURE	e8f0b7cc8f1c35ec23e11dfd5dc9842f	843db128859af3253dbe845e8d4067cd
public.receive_against_po(p_po_id uuid, p_received_items jsonb, p_user_id uuid, p_reception_date timestamp with time zone, p_invoice_number text)	git:20260808000003_v2_24_g3_receive_against_po_final.sql	oid:138544	MATCH_BYTE	MATCH	MATCH	MATCH_BY_BODY	final declarado	MATCH	b8501b512a6a81bf742be4b9940cbc02	b8501b512a6a81bf742be4b9940cbc02
public.set_purchase_order_status(p_po_id uuid, p_new_status purchase_status_enum, p_user_id uuid, p_reason text)	git:20260911000100_rem_po1_production_orders_boundaries.sql	oid:138551	MATCH_BYTE	MATCH	MATCH	MATCH_BY_BODY	final declarado	MATCH	53ae1222f47204d6dd42b9ce1e16751b	53ae1222f47204d6dd42b9ce1e16751b
public.prevent_received_service_edit()	git:20260809000003_v2_25_g3_trigger_prevent_edit.sql	oid:138589	MATCH_BYTE	MATCH	MATCH	MATCH	final declarado	MATCH	1f8627454df3473e0b2b702a6f45a18e	1f8627454df3473e0b2b702a6f45a18e
public.create_received_service_v2(p_store_id uuid, p_supplier text, p_total_amount numeric, p_service_type_id uuid, p_service_type_name text, p_service_date date, p_currency text, p_exchange_rate numeric, p_payment_terms_days integer, p_distribution_method text, p_reference_doc text, p_observations text, p_receipt_ids jsonb, p_created_by uuid)	git:20260809000005_v2_25_g5_create_received_service_v2.sql	oid:138592	MATCH_BYTE	MATCH	MATCH	MATCH_BY_BODY	final declarado	MATCH	3363ad631b9bc7f64d00c1c087506ee4	3363ad631b9bc7f64d00c1c087506ee4
public.void_received_service_with_reversal(p_service_id uuid, p_user_id uuid, p_reason text, p_operation_date timestamp with time zone)	git:20260809000006_v2_25_g6_void_received_service.sql	oid:138595	MATCH_BYTE	MATCH	MATCH	MATCH_BY_BODY	final declarado	MATCH	e1ba8c1c6089871fe9dc45a7e01cf3a4	e1ba8c1c6089871fe9dc45a7e01cf3a4
public.set_received_service_status(p_service_id uuid, p_new_status text, p_user_id uuid, p_reason text)	git:20260809000007_v2_25_g7_set_received_service_status.sql	oid:138596	MATCH_BYTE	MATCH	MATCH	MATCH_BY_BODY	final declarado	MATCH	5aa60f383ba80b7662cc3a3c290fb0eb	5aa60f383ba80b7662cc3a3c290fb0eb
public.distribute_service_cost_v2(p_service_id uuid, p_user_id uuid)	git:20260809000008_v2_25_g8_distribute_service_cost_v2.sql	oid:138597	MATCH_BYTE	MATCH	MATCH	MATCH	final declarado	MATCH	00ed3bfc684ec873cadc6ca2ac62a00b	00ed3bfc684ec873cadc6ca2ac62a00b
public.link_receipts_to_service(p_service_id uuid, p_receipt_ids jsonb, p_user_id uuid)	git:20260809000009_v2_25_g9_link_receipts_to_service.sql	oid:138598	MATCH_BYTE	MATCH	MATCH	MATCH	final declarado	MATCH	225f2535b283ca51a93e6323c8f04e02	225f2535b283ca51a93e6323c8f04e02
public.receive_production_output(p_order_id uuid, p_product_id uuid, p_quantity numeric, p_store_id uuid, p_user_id uuid, p_idempotency_key text)	git:20260911000100_rem_po1_production_orders_boundaries.sql	oid:138613	MATCH_BYTE	MATCH	MATCH	MATCH_BY_BODY	final declarado	MATCH	110e15f1e600ba4e60e4079420f92195	110e15f1e600ba4e60e4079420f92195
public.withdraw_production_item_deprecated_6arg(p_item_id uuid, p_qty numeric, p_unit_cost numeric, p_store_id uuid, p_user_id uuid, p_idempotency_key text)	git:20260911000100_rem_po1_production_orders_boundaries.sql	oid:138616	MATCH_BYTE	MATCH	MATCH	MATCH_BY_BODY	final declarado	MATCH	26db3ed6351c8e85a2643dab9b889607	26db3ed6351c8e85a2643dab9b889607
public.void_closed_production_order(p_order_id uuid, p_reason text, p_user_id uuid)	git:20260911000100_rem_po1_production_orders_boundaries.sql	oid:138619	MATCH_BYTE	MATCH	MATCH	MATCH_BY_BODY	final declarado	MATCH	1a66a8bc0990766cc37d1621d4003315	1a66a8bc0990766cc37d1621d4003315
public.reverse_production_order(p_order_id uuid, p_reason text, p_user_id uuid)	git:20260911000100_rem_po1_production_orders_boundaries.sql	oid:138622	MATCH_BYTE	MATCH	MATCH	MATCH	final declarado	MATCH	8a40d7419d18dd92bc8df4d3a832a844	8a40d7419d18dd92bc8df4d3a832a844
public.close_service_order_as_sale(p_order_id uuid, p_store_id uuid, p_seller_id uuid, p_payment_method text, p_currency text, p_exchange_rate numeric, p_user_id uuid)	git:20260810000006_v2_26_g6_close_service_order_as_sale.sql	oid:138627	MATCH_BYTE	MATCH	MATCH	MATCH_BY_BODY	final declarado	MATCH	b1e7f9cf60118e52ebb2da91fbc8c853	b1e7f9cf60118e52ebb2da91fbc8c853
public.create_production_order_v2(p_store_id uuid, p_order_type text, p_customer_name text, p_customer_ci text, p_customer_phone text, p_customer_address text, p_budget_total numeric, p_budget_currency text, p_description text, p_notes text, p_items jsonb, p_advance_amount numeric, p_advance_method text, p_advance_currency text, p_created_by uuid, p_idempotency_key text)	git:20260911000100_rem_po1_production_orders_boundaries.sql	oid:138630	MATCH_BYTE	MATCH	MATCH	MATCH_BY_BODY	final declarado	MATCH	00d5d9ae88cbfb38188ac4e67681d7c8	00d5d9ae88cbfb38188ac4e67681d7c8
public.close_production_order_v2(p_order_id uuid, p_store_id uuid, p_seller_id uuid, p_final_amount numeric, p_final_method text, p_final_currency text, p_exchange_rate numeric, p_output_product_id uuid, p_output_quantity numeric, p_user_id uuid, p_idempotency_key text)	git:20260911000100_rem_po1_production_orders_boundaries.sql	oid:138633	MATCH_BYTE	MATCH	MATCH	MATCH_BY_BODY	final declarado	MATCH	234eed0f145a71f3c7468297ae2354e4	234eed0f145a71f3c7468297ae2354e4
public.check_idempotency(p_key text, p_operation text, p_record_id uuid, p_param_hash text)	git:20260810000012_v2_26_hotfix3_idempotency_registry.sql	oid:138689	DRIFT_FUNCTION_BODY	MATCH	MATCH	MATCH	cuerpo LIVE nunca declarado en Git	DRIFT_BODY	70bec988441c4118232beb4ae2ad0b42	1dd2aac68168112d0ace24b22e3ee932
public.register_idempotency(p_key text, p_operation text, p_record_id uuid, p_param_hash text, p_result jsonb)	git:20260810000012_v2_26_hotfix3_idempotency_registry.sql	oid:138690	DRIFT_FUNCTION_BODY	MATCH	MATCH	MATCH	cuerpo LIVE nunca declarado en Git	DRIFT_BODY	5e3ad7cd1489c7b559f6b9a5f9dee49a	eebc1bedca26cd9cfaaee717469a2e6a
public.calculate_receipt_total_cup(p_receipt_id uuid)	git:20260810000020_pr2_migracion_b_schema.sql	oid:138783	MATCH_BYTE	MATCH	MATCH	MATCH	final declarado	MATCH	e30cc8ff2c811e3f467d3aa2ab73f6a8	e30cc8ff2c811e3f467d3aa2ab73f6a8
public.update_receipt_item_tasa(p_receipt_item_id uuid, p_new_tasa_cambio_recepcion numeric, p_new_moneda_recepcion text, p_motivo text, p_user_id uuid)	git:20260810000020_pr2_migracion_b_schema.sql	oid:138785	MATCH_BYTE	MATCH	MATCH	MATCH_BY_BODY	final declarado	MATCH	4c996cf5f1fc279143f60b312eca2793	4c996cf5f1fc279143f60b312eca2793
public.void_pending_reception(p_receipt_id uuid, p_user_id uuid, p_reason text, p_operation_date timestamp with time zone)	git:20260810000030_pr3_void_pending_reception.sql	oid:138819	MATCH_BYTE	MATCH	MATCH	MATCH_BY_BODY	final declarado	MATCH	3197f2ad7d67ef137bb132592c0659e2	3197f2ad7d67ef137bb132592c0659e2
public.create_devolution_v2(p_store_id uuid, p_items jsonb, p_reason text, p_user_id uuid, p_original_transaction_id uuid, p_payment_method text, p_customer_id uuid, p_customer_name text, p_notes text, p_idempotency_key text)	git:20260810000041_pr4_3_1_fixes.sql	oid:138865	DRIFT_FUNCTION_BODY	MATCH	MATCH	CHECK_ARGS	cuerpo LIVE nunca declarado en Git	DRIFT_SIGNATURE	bcc6bc3fd29b1d8e2febef6e3cc176f1	75c4b5bdc1e106149d877a0d036c7f16
public.duplicate_inventory_adjustment_v2(p_original_id uuid, p_user_id uuid)	git:20260810000041_pr4_3_1_fixes.sql	oid:138870	MATCH_BYTE	MATCH	MATCH	MATCH	final declarado	MATCH	bceaf59e7bc365164203026451e5c29b	bceaf59e7bc365164203026451e5c29b
public.create_sale_v2(p_store_id uuid, p_seller_id uuid, p_items jsonb, p_payment_method text, p_discount_type text, p_discount_value numeric, p_applied_taxes jsonb, p_tax_amount numeric, p_total_amount numeric, p_subtotal numeric, p_cash_amount numeric, p_transfer_amount numeric, p_zelle_amount numeric, p_sale_currency text, p_sale_exchange_rate numeric, p_customer_id uuid, p_customer_name text, p_supervisor_user_id uuid, p_idempotency_key text, p_operation_date timestamp with time zone, p_user_id uuid)	git:20260812000002_pr4_4i_create_sale_v2_payments.sql	oid:141788	DRIFT_FUNCTION_BODY	MATCH	MATCH	CHECK_ARGS	cuerpo LIVE nunca declarado en Git	DRIFT_SIGNATURE	8743baec2d4b0412ed758d0d52171186	7edb09b6b6f83b6d943e6171acf3412c
public.get_transactions(p_store_id uuid, p_search_term text, p_date_from timestamp without time zone, p_date_to timestamp without time zone, p_limit integer)	git:20260811000010_pr4_4g_fix_usd_visualization.sql	oid:142035	MATCH_BYTE	MATCH	MATCH	MATCH_BY_BODY	final declarado	MATCH	e26ba2e3459c8d3723e02506b55e26cf	e26ba2e3459c8d3723e02506b55e26cf
public.validate_payment_transactions_invariants()	git:20260812000001_pr4_4i_payment_transactions_hardening.sql	oid:142115	DRIFT_FUNCTION_BODY	MATCH	MATCH	MATCH	cuerpo LIVE nunca declarado en Git	DRIFT_BODY	46bb2153d24e5248b786e05fb29ddf0d	c95512f62fd75d2a0cf446485d920079
public.protect_transactions_total_amount()	git:20260812000001_pr4_4i_payment_transactions_hardening.sql	oid:142117	MATCH_BYTE	MATCH	MATCH	MATCH	final declarado	MATCH	e2955d9d1b124378b59d2c28bf13d6c8	e2955d9d1b124378b59d2c28bf13d6c8
public.adjust_total_amount(p_transaction_id uuid, p_new_total numeric, p_reason text)	git:20260812000001_pr4_4i_payment_transactions_hardening.sql	oid:142121	DRIFT_FUNCTION_BODY	MATCH	MATCH	MATCH	cuerpo LIVE nunca declarado en Git	DRIFT_BODY	4da1e2832be3bd5cd818d392fa6ee5a9	f3da5a49245f72b1ea9004e562d8a9b4
public.enforce_ledger_append_only()	NOT_IN_GIT	oid:142220	-	-	-	-	-	ORPHAN_LIVE	-	-
public.restore_transaction_snapshot(p_migration_id text, p_tx_id uuid)	NOT_IN_GIT	oid:142222	-	-	-	-	-	ORPHAN_LIVE	-	-
public.withdraw_production_item_deprecated_9arg(p_item_id uuid, p_qty numeric, p_unit_cost numeric, p_store_id uuid, p_user_id uuid, p_idempotency_key text, p_reference_id uuid, p_reference_doc text, p_server_side_cost boolean)	NOT_IN_GIT	oid:142306	-	-	-	-	-	ORPHAN_LIVE	-	-
public.create_vale_salida(p_store_id uuid, p_items jsonb, p_production_order_id uuid, p_notes text, p_idempotency_key text)	git:20260817000001_vale_salida.sql	oid:142308	DRIFT_FUNCTION_BODY	MATCH	DRIFT_SEARCH_PATH	CHECK_ARGS	cuerpo LIVE nunca declarado en Git	DRIFT_SIGNATURE	7820e82dc0cf485d69a554b05d671b55	9916fa048d2cb95d48b77cc2d3b0c610
public.create_vale_salida(p_store_id uuid, p_items jsonb, p_production_order_id uuid, p_notes text, p_idempotency_key text, p_user_id uuid)	git:20260817000001_vale_salida.sql	oid:142325	DRIFT_FUNCTION_BODY	MATCH	DRIFT_SEARCH_PATH	CHECK_ARGS	cuerpo LIVE nunca declarado en Git	DRIFT_SIGNATURE	7820e82dc0cf485d69a554b05d671b55	655e93defaa49cf53696525700573c87
public.reverse_vale_salida(p_slip_id uuid, p_reason text, p_user_id uuid)	git:20260817000001_vale_salida.sql	oid:142337	MATCH_BYTE	MATCH	MATCH	MATCH_BY_BODY	final declarado	MATCH	7a77342d9f0c98dae673400df09384a7	7a77342d9f0c98dae673400df09384a7
public.has_management_access_as(p_user_id uuid, p_store_id uuid)	git:20260818000001_security_hardening_h1_h2_h3.sql	oid:142421	DRIFT_FUNCTION_BODY	MATCH	MATCH	MATCH	cuerpo LIVE nunca declarado en Git	DRIFT_BODY	35c7da6a71099c04174a890b649eee1e	ed29082390d6b5e2f48a4e3d2ad41a4a
public.has_store_role(p_user_id uuid, p_store_id uuid, p_roles text[])	git:20260820000001_security_fix_spoofable_caller_uid.sql	oid:142475	MATCH_BYTE	MATCH	MATCH	MATCH	final declarado	MATCH	53dd721499bf3253b567e3b1372400ee	53dd721499bf3253b567e3b1372400ee
public.reset_store_data(p_store_id uuid, p_keep_catalog boolean)	git:20260820000005_post_restore_reconciliation.sql	oid:142582	MATCH_BYTE	MATCH	MATCH	MATCH	final declarado	MATCH	d44bd557c1786c60359bebfa36c3d338	d44bd557c1786c60359bebfa36c3d338
public.generate_internal_barcode()	git:20260820000008_catalog_hardening.sql	oid:142598	MATCH_BYTE	MATCH	MATCH	MATCH	final declarado	MATCH	2bc7b177d042f4a825a6c378f34ad0b9	2bc7b177d042f4a825a6c378f34ad0b9
public.ensure_product_barcode()	git:20260820000010_fix_barcode_type_and_rpc_trim.sql	oid:142600	DRIFT_FUNCTION_BODY	MATCH	MATCH	MATCH	cuerpo LIVE nunca declarado en Git	DRIFT_BODY	2d047fd26613deb15e18ea9e82bf0a1f	f14324e9aebb1bb16c6f94ceb8face30
public.bulk_update_products(_products jsonb)	git:20260124_enforce_store_sku_uniqueness.sql	oid:142629	DRIFT_FUNCTION_BODY	DRIFT_SECURITY	DRIFT_SEARCH_PATH	MATCH	cuerpo LIVE nunca declarado en Git	DRIFT_BODY	3a29a1744794deac9517ae53e57e23c2	85e578c6b5a3083ba18a36e8aee290e2
public.get_paginated_products_v2(p_limit integer, p_offset integer, p_store_id uuid, p_search_term text, p_category text, p_sort_key text, p_sort_dir text, p_stock_filter text, p_active_filter text)	git:20260823000002_get_paginated_products_v2_add_fields.sql	oid:142661	DRIFT_FUNCTION_BODY	MATCH	MATCH	CHECK_ARGS	cuerpo LIVE nunca declarado en Git	DRIFT_SIGNATURE	f1b2dcfb271f663b9d95f2d87afe9ca5	700216efd15f7f10230415f9f9abf18a
public.get_products_for_pos(p_store_id uuid, p_search_term text, p_category text, p_limit integer, p_offset integer)	git:20260823000002_get_paginated_products_v2_add_fields.sql	oid:142663	DRIFT_FUNCTION_BODY	MATCH	MATCH	CHECK_ARGS	cuerpo LIVE nunca declarado en Git	DRIFT_SIGNATURE	cd640765bf3ed71b3e0a3cfbf68deee3	73092e43bf8ad36970bfcf4c98f5fcb5
public.upsert_manual_exchange_rate_with_audit(p_actor_id uuid, p_currency text, p_rate numeric, p_rate_date date, p_source text, p_capture_method text, p_source_ip text)	git:20260827000006_exchange_rates_manual_hardening.sql	oid:142883	MATCH_BYTE	MATCH	MATCH	MATCH_BY_BODY	final declarado	MATCH	1407e910ca6b288d8417f1abad2772b1	1407e910ca6b288d8417f1abad2772b1
public.fn_recalc_wac(p_store_id uuid, p_product_id uuid, p_event text, p_qty_in numeric, p_uc_in numeric, p_source_ref jsonb)	NOT_IN_GIT	oid:142906	-	-	-	-	-	ORPHAN_LIVE	-	-
public.w62_guard_wac_writer()	NOT_IN_GIT	oid:142909	-	-	-	-	-	ORPHAN_LIVE	-	-
public.withdraw_production_item_v3(p_item_id uuid, p_qty numeric, p_store_id uuid, p_user_id uuid, p_idempotency_key text, p_reference_id uuid, p_reference_doc text)	NOT_IN_GIT	oid:142921	-	-	-	-	-	ORPHAN_LIVE	-	-
public.w62_df04_classify(p_receipt_ts timestamp with time zone, p_qty numeric, p_unit_cost numeric, p_has_doc boolean)	NOT_IN_GIT	oid:142967	-	-	-	-	-	ORPHAN_LIVE	-	-
public.can_admin_reverse_transaction(p_actor uuid, p_store_id uuid)	git:20260905000001_w9_b8_modelo_c_undo_reverse_authorization.sql	oid:143447	MATCH_BYTE	MATCH	MATCH	MATCH	final declarado	MATCH	3f014de617e207ea2dd014a1b3189808	3f014de617e207ea2dd014a1b3189808
public.can_pos_undo_transaction(p_transaction_id uuid, p_actor uuid)	git:20260905000001_w9_b8_modelo_c_undo_reverse_authorization.sql	oid:143448	MATCH_BYTE	MATCH	MATCH	MATCH	final declarado	MATCH	859634c4874bedd76b825bbf2f9d0034	859634c4874bedd76b825bbf2f9d0034
public.can_reverse_document(p_actor uuid, p_store_id uuid, p_operation text)	git:20260905000002_w9_b10_reverse_document_authorization.sql	oid:143547	MATCH_BYTE	MATCH	MATCH	MATCH	final declarado	MATCH	fcd2b380b756592acd3ba76a124b9025	fcd2b380b756592acd3ba76a124b9025
public.reverse_inventory_adjustment_v2(p_adjustment_id uuid, p_reason text, p_user_id uuid)	git:20260905000002_w9_b10_reverse_document_authorization.sql	oid:143548	MATCH_BYTE	MATCH	MATCH	MATCH	final declarado	MATCH	6461d401c5f333eeb2c4cb4e0729ba7c	6461d401c5f333eeb2c4cb4e0729ba7c
public.lock_fiscal_period(p_store_id uuid, p_year integer, p_month integer, p_user_id uuid)	git:20260909000004_rem_f4_06c_fiscal_close_rpc_contract.sql	oid:143995	MATCH_BYTE	MATCH	MATCH	MATCH	final declarado	MATCH	aa256949ba2c250a521fdaffbc04140e	aa256949ba2c250a521fdaffbc04140e
public.prevent_self_privilege_escalation()	git:20260911000000_rem_sec1_security_boundaries.sql	oid:144056	MATCH_BYTE	MATCH	MATCH	MATCH	final declarado	MATCH	2e9f119202e5bfba6965adbd2202b6bc	2e9f119202e5bfba6965adbd2202b6bc
public.audit_user_store_memberships_changes(?)	git:20260127_enhance_audit_logs.sql	NO_LIVE	-	-	-	-	-	MISSING_LIVE	5b67e56e5db45b84b082ce886446761b	-
public.fn_audit_stock_reception(?)	git:20260318_harden_audit_logging.sql	NO_LIVE	-	-	-	-	-	MISSING_LIVE	ad688ce215d80b7c54840297c29340a9	-
public.fn_audit_transaction_voiding(?)	git:20260318_harden_audit_logging.sql	NO_LIVE	-	-	-	-	-	MISSING_LIVE	57994e765b5184842838833e5d579213	-
public.fn_user_preferences_set_updated_at(?)	git:20260703000005_user_preferences.sql	NO_LIVE	-	-	-	-	-	MISSING_LIVE	da5ac28a58c8b4bb30209bf0d3d7082c	-
public.get_fc_generation_stats(?)	git:20260615000004_create_fc_automation_support_tables.sql	NO_LIVE	-	-	-	-	-	MISSING_LIVE	379813f6bd5b9dba7383e5c086149529	-
public.get_latest_rate(?)	git:20260624000001_inteligencia_cambiaria.sql	NO_LIVE	-	-	-	-	-	MISSING_LIVE	17e713fa08f69005b53e8df3a0c81ccf	-
public.get_rate_history(?)	git:20260624000001_inteligencia_cambiaria.sql	NO_LIVE	-	-	-	-	-	MISSING_LIVE	cd9be49bfa854603a857425a1f2156ba	-
public.get_rate_variation(?)	git:20260624000001_inteligencia_cambiaria.sql	NO_LIVE	-	-	-	-	-	MISSING_LIVE	75208d5ea5b3971d19bbfa200e2da349	-
public.get_recent_receptions(?)	git:register_reception_rpc.sql	NO_LIVE	-	-	-	-	-	MISSING_LIVE	0a9164068eae94353877967890466738	-
public.purge_expired_fc_pdf_cache(?)	git:20260615000004_create_fc_automation_support_tables.sql	NO_LIVE	-	-	-	-	-	MISSING_LIVE	c30c7f66a33d173179dec2a78b5dcc09	-
public.reverse_transaction(?)	git:20260727000008_v2_12_12_fix_is_not_null_pattern.sql	NO_LIVE	-	-	-	-	-	MISSING_LIVE	b678f1a0086fd76b335f8ff7dfcadbe3	-
public.update_product_wac(?)	git:20260809000004_v2_25_g4_wac_absorption.sql	NO_LIVE	-	-	-	-	-	MISSING_LIVE	2f38220b694928d724066f31351bf642	-
public.withdraw_production_item(?)	git:20260817000001_vale_salida.sql	NO_LIVE	-	-	-	-	-	MISSING_LIVE	119f9521fa7043654d535d7a9352a209	-
