oid	schema	name	identity_args	return_type	prokind	provolatile	prosecdef	owner	proconfig	language	prosrc_md5	prosrc_len	proacl
137060	public	adjust_sale_payment	p_transaction_id uuid, p_user_id uuid, p_payment_method text, p_cash_amount numeric, p_transfer_amount numeric, p_zelle_amount numeric, p_sale_currency text, p_sale_exchange_rate numeric, p_items_price_adjustments jsonb, p_discount_type text, p_discount_value numeric, p_reason text	jsonb	FUNCTION	v	true	postgres	search_path=public, pg_temp	plpgsql	affd0085875295d7b6c6980ce670670b	9391	postgres=X/postgres,authenticated=X/postgres,service_role=X/postgres
142121	public	adjust_total_amount	p_transaction_id uuid, p_new_total numeric, p_reason text	boolean	FUNCTION	v	true	costpro_transaction_adjuster	search_path=public, pg_temp	plpgsql	f3da5a49245f72b1ea9004e562d8a9b4	2081	costpro_transaction_adjuster=X/costpro_transaction_adjuster,authenticated=X/costpro_transaction_adjuster
25497	public	alert_low_stock		trigger	FUNCTION	v	false	postgres	search_path=public, extensions	plpgsql	59590dbd9588489ed3f27aa8ff609517	548	postgres=X/postgres,authenticated=X/postgres,service_role=X/postgres
25555	public	apply_fifo_on_sale		trigger	FUNCTION	v	false	postgres		plpgsql	afb8750d146beb69172d6a4d4f18280e	1286	postgres=X/postgres,authenticated=X/postgres,service_role=X/postgres
136803	public	apply_physical_count	p_count_id uuid, p_user_id uuid, p_apply_zero_diffs boolean	jsonb	FUNCTION	v	true	postgres	search_path=public	plpgsql	1aa71acba3c5d5585a5955329412004a	2410	postgres=X/postgres,service_role=X/postgres
136851	public	approve_transfer	p_transfer_id uuid, p_user_id uuid	jsonb	FUNCTION	v	true	postgres	search_path=public	plpgsql	7d5a0ff56ec384f39820bfda14a5f376	2160	postgres=X/postgres,service_role=X/postgres
137780	public	audit_backup_restore_protected_change		trigger	FUNCTION	v	true	postgres	search_path=public	plpgsql	d69b78e7e7315fd7fdb9238f2d920480	563	postgres=X/postgres,service_role=X/postgres
138218	public	audit_cash_closures_changes		trigger	FUNCTION	v	true	postgres	search_path=pg_catalog, public	plpgsql	2da87471545b96ee0c6953f97121e4f2	1099	postgres=X/postgres,service_role=X/postgres
138220	public	audit_commission_payments_changes		trigger	FUNCTION	v	true	postgres	search_path=public, pg_temp	plpgsql	c44c9d9e6c8a47c41b05585005abbf2f	1205	postgres=X/postgres,service_role=X/postgres
138222	public	audit_fiscal_closings_changes		trigger	FUNCTION	v	true	postgres	search_path=public, pg_temp	plpgsql	6af38fa39f3287c6c03443299670ae85	722	postgres=X/postgres,service_role=X/postgres
138224	public	audit_payment_transactions_changes		trigger	FUNCTION	v	true	postgres	search_path=public, pg_temp	plpgsql	ab1363a107332e5773d7816971e34cfe	716	postgres=X/postgres,service_role=X/postgres
52507	public	audit_product_changes		trigger	FUNCTION	v	true	postgres	search_path=public, extensions	plpgsql	04a72348b8edc064e22c9a33bd660841	822	postgres=X/postgres,service_role=X/postgres
38096	public	audit_profile_changes		trigger	FUNCTION	v	true	postgres	search_path=public, extensions	plpgsql	c1685f4ecc1c40d71d3c6b770685e4eb	2524	postgres=X/postgres,service_role=X/postgres
70045	public	audit_role_changes		trigger	FUNCTION	v	true	postgres	search_path=public, pg_temp	plpgsql	1d36a393576134c58478dedbd913f115	625	postgres=X/postgres,service_role=X/postgres
38098	public	audit_store_access_changes		trigger	FUNCTION	v	true	postgres	search_path=public, extensions	plpgsql	a40a477e360307dac3ebda78b0c65be6	727	postgres=X/postgres,service_role=X/postgres
52509	public	audit_store_changes		trigger	FUNCTION	v	true	postgres	search_path=public, extensions	plpgsql	d390ed6f87b8ee095a31303c1913d329	1565	postgres=X/postgres,service_role=X/postgres
38671	public	auto_assign_store_to_creator		trigger	FUNCTION	v	false	postgres	search_path=public, extensions	plpgsql	198101ae5f852c771f974ff082a50791	961	postgres=X/postgres,authenticated=X/postgres,service_role=X/postgres
136257	public	auto_kardex_on_stock_movement		trigger	FUNCTION	v	true	postgres	search_path=public, pg_temp	plpgsql	8ad3664feff065a177c7753ca856d2fe	1917	postgres=X/postgres,service_role=X/postgres
136514	public	auto_match_bank_items	p_statement_id uuid, p_user_id uuid	jsonb	FUNCTION	v	true	postgres	search_path=public	plpgsql	096b0be8cf469ea5818f5da54644997e	2778	postgres=X/postgres,service_role=X/postgres
138112	public	bulk_assign_memberships	p_user_id uuid, p_assignments jsonb	jsonb	FUNCTION	v	true	postgres	search_path=public, pg_temp	plpgsql	f373c5cf4120470dd6a6d4b0f9257599	1894	postgres=X/postgres,service_role=X/postgres
137814	public	bulk_soft_delete_stores	p_store_ids uuid[], p_deleted_by uuid, p_confirmation_token text, p_override_token text, p_reason text	jsonb	FUNCTION	v	true	postgres	search_path=public	plpgsql	3d1053f1d3775b04c375b8032cded3b2	4732	postgres=X/postgres,service_role=X/postgres
142629	public	bulk_update_products	_products jsonb	TABLE(updated_count integer, inserted_count integer, error_message text)	FUNCTION	v	true	postgres	search_path=public, extensions	plpgsql	85e578c6b5a3083ba18a36e8aee290e2	3072	postgres=X/postgres,service_role=X/postgres
136484	public	calculate_abc	p_store_id uuid, p_year integer, p_month integer, p_user_id uuid	jsonb	FUNCTION	v	true	postgres	search_path=public	plpgsql	4f5654194fb7f085bc92963d983f1bf5	2255	postgres=X/postgres,service_role=X/postgres
134247	public	calculate_commission_amount_cup		trigger	FUNCTION	v	false	postgres		plpgsql	cf77e1051ef40b485c37f3f33fe6e3be	295	postgres=X/postgres,authenticated=X/postgres,service_role=X/postgres
138783	public	calculate_receipt_total_cup	p_receipt_id uuid	numeric	FUNCTION	s	true	postgres	search_path=public, pg_temp	plpgsql	e30cc8ff2c811e3f467d3aa2ab73f6a8	1200	postgres=X/postgres,service_role=X/postgres
132722	public	calculate_service_distribution	p_service_id uuid	TABLE(receipt_item_id uuid, product_id uuid, distribution_amount numeric, distribution_percentage numeric)	FUNCTION	v	true	postgres	search_path=pg_catalog, public, pg_temp	plpgsql	41c3919ac8a3cbc1a0077b24a4eda726	2120	postgres=X/postgres,service_role=X/postgres
143447	public	can_admin_reverse_transaction	p_actor uuid, p_store_id uuid	boolean	FUNCTION	v	true	postgres	search_path=pg_catalog, public	plpgsql	3f014de617e207ea2dd014a1b3189808	538	postgres=X/postgres,service_role=X/postgres
70047	public	can_create_user_with_role	p_creator_id uuid, p_role_name text	boolean	FUNCTION	v	true	postgres	search_path=public, extensions	plpgsql	9632d8efbc911c8bb08839ba121ae99d	566	postgres=X/postgres,service_role=X/postgres
143448	public	can_pos_undo_transaction	p_transaction_id uuid, p_actor uuid	boolean	FUNCTION	v	true	postgres	search_path=pg_catalog, public	plpgsql	859634c4874bedd76b825bbf2f9d0034	941	postgres=X/postgres,service_role=X/postgres
143547	public	can_reverse_document	p_actor uuid, p_store_id uuid, p_operation text	boolean	FUNCTION	v	true	postgres	search_path=pg_catalog, public	plpgsql	fcd2b380b756592acd3ba76a124b9025	1141	postgres=X/postgres,service_role=X/postgres
79082	public	can_safely_delete_user	p_user_id uuid	boolean	FUNCTION	v	true	postgres	search_path=public, extensions	plpgsql	2514a7026150e2cf0612e7c9f35fc82f	1153	postgres=X/postgres,service_role=X/postgres
28123	public	can_void_receipt	p_receipt_id uuid	boolean	FUNCTION	v	true	postgres	search_path=public, extensions	plpgsql	ed8b6186cb3462886050528e85301c2d	328	postgres=X/postgres,service_role=X/postgres
34760	public	cancel_reception	p_reception_id uuid	void	FUNCTION	v	true	postgres	search_path=public, pg_temp	plpgsql	529d9515419f4d6f61b129639a952dee	1753	postgres=X/postgres,service_role=X/postgres
130873	public	cancel_transfer	p_transfer_id uuid, p_user_id uuid	jsonb	FUNCTION	v	true	postgres	search_path=public	plpgsql	2a5a9ce7940f3981fc3310467586441a	955	postgres=X/postgres,authenticated=X/postgres,service_role=X/postgres
137483	public	cancel_transfer	p_transfer_id uuid, p_reason text, p_user_id uuid	jsonb	FUNCTION	v	true	postgres	search_path=public, pg_temp	plpgsql	381d4db2d513e4608ba3eaa79564014a	1474	postgres=X/postgres,authenticated=X/postgres,service_role=X/postgres
134479	public	cash_dist	money, money	money	FUNCTION	i	false	supabase_admin		c	1acd79b2b4b9df652d58d90e72f05a29	9	=X/supabase_admin,supabase_admin=X/supabase_admin,postgres=X/supabase_admin,anon=X/supabase_admin,authenticated=X/supabase_admin,service_role=X/supabase_admin
25491	public	check_active_user		trigger	FUNCTION	v	false	postgres	search_path=public, extensions	plpgsql	b33d09a72a2cf7caf7cb9e4f834661dc	261	postgres=X/postgres,authenticated=X/postgres,service_role=X/postgres
137816	public	check_bulk_ops_hourly_limit	p_user_id uuid, p_plan text	jsonb	FUNCTION	s	true	postgres	search_path=public	plpgsql	41c789cb3cc30cbbc14153ebac3c2876	473	postgres=X/postgres,service_role=X/postgres
25493	public	check_cash_session_open		trigger	FUNCTION	v	false	postgres	search_path=public, extensions	plpgsql	7d14a9bd42aaa03ee13ad7abf787635a	141	postgres=X/postgres,authenticated=X/postgres,service_role=X/postgres
138689	public	check_idempotency	p_key text, p_operation text, p_record_id uuid, p_param_hash text	jsonb	FUNCTION	v	true	postgres	search_path=public, extensions	plpgsql	1dd2aac68168112d0ace24b22e3ee932	1253	postgres=X/postgres,service_role=X/postgres
63381	public	check_reception_cost_variation		trigger	FUNCTION	v	false	postgres	search_path=public, extensions	plpgsql	59768491ba5c1855c09d8024e71fd31a	525	postgres=X/postgres,authenticated=X/postgres,service_role=X/postgres
138145	public	check_tenant_store_quota	p_tenant_id uuid, p_plan plan_t	jsonb	FUNCTION	v	true	postgres	search_path=public, pg_temp	plpgsql	17aedf8b0fd7cad9db81968dbb2a4933	801	postgres=X/postgres,service_role=X/postgres
21756	public	cleanup_expired_idempotency_keys		void	FUNCTION	v	true	postgres	search_path=public, extensions	plpgsql	475857f1d34c092a5cf4779c0e44e817	87	postgres=X/postgres,service_role=X/postgres
132926	public	cleanup_old_aggregates	p_days integer	integer	FUNCTION	v	true	postgres	search_path=pg_catalog, public	plpgsql	f83b7a58ee029647eea1a41ed4a156d4	200	postgres=X/postgres,service_role=X/postgres
25489	public	close_cash_session	p_session_id uuid, p_counted_cash numeric	void	FUNCTION	v	false	postgres	search_path=public, extensions	plpgsql	bdf10cac178def58117571ba5affbd67	1020	postgres=X/postgres,authenticated=X/postgres,service_role=X/postgres
138285	public	close_cash_shift	p_closure_id uuid, p_declared_cash numeric, p_declared_vouchers numeric, p_notes text, p_user_id uuid	jsonb	FUNCTION	v	true	postgres	search_path=pg_catalog, public	plpgsql	b176bb225db3f1aba7f26c2f2f63975a	5655	postgres=X/postgres,service_role=X/postgres
137076	public	close_fiscal_period	p_store_id uuid, p_year integer, p_month integer, p_user_id uuid	jsonb	FUNCTION	v	true	postgres	search_path=public, pg_temp	plpgsql	2429aa102bd9d7015c3923f8e626728d	2820	postgres=X/postgres,service_role=X/postgres
138633	public	close_production_order_v2	p_order_id uuid, p_store_id uuid, p_seller_id uuid, p_final_amount numeric, p_final_method text, p_final_currency text, p_exchange_rate numeric, p_output_product_id uuid, p_output_quantity numeric, p_user_id uuid, p_idempotency_key text	jsonb	FUNCTION	v	true	postgres	search_path=public, extensions	plpgsql	234eed0f145a71f3c7468297ae2354e4	7543	postgres=X/postgres,authenticated=X/postgres,service_role=X/postgres
138627	public	close_service_order_as_sale	p_order_id uuid, p_store_id uuid, p_seller_id uuid, p_payment_method text, p_currency text, p_exchange_rate numeric, p_user_id uuid	jsonb	FUNCTION	v	true	postgres	search_path=public, extensions	plpgsql	b1e7f9cf60118e52ebb2da91fbc8c853	4272	postgres=X/postgres,service_role=X/postgres
136719	public	compensate_inventory_error	p_store_id uuid, p_original_movement_id uuid, p_reason text, p_user_id uuid	jsonb	FUNCTION	v	true	postgres	search_path=public	plpgsql	1b03feb3441f50917d8d36f879eb096c	1320	postgres=X/postgres,service_role=X/postgres
136899	public	confirm_inventory_adjustment	p_adjustment_id uuid, p_user_id uuid	jsonb	FUNCTION	v	true	postgres	search_path=public	plpgsql	d43cf0b83d5deb8885d49479b6914d14	2058	postgres=X/postgres,authenticated=X/postgres,service_role=X/postgres
136713	public	confirm_pending_reception	p_receipt_id uuid, p_user_id uuid, p_operation_date timestamp with time zone	void	FUNCTION	v	true	postgres	search_path=public	plpgsql	6c5b10f97f8bb1d1c0eb83cd2c3d3c19	1992	postgres=X/postgres,authenticated=X/postgres,service_role=X/postgres
133208	public	confirm_transfer	p_transfer_id uuid, p_user_id uuid, p_operation_date timestamp with time zone	jsonb	FUNCTION	v	true	postgres	search_path=public, pg_temp	plpgsql	91cb7a90d2775859ce1d42b09da160cc	4699	postgres=X/postgres,authenticated=X/postgres,service_role=X/postgres
136269	public	create_devolution	p_store_id uuid, p_items jsonb, p_reason text, p_user_id uuid, p_original_transaction_id uuid, p_payment_method text, p_customer_id uuid, p_customer_name text, p_notes text	jsonb	FUNCTION	v	true	postgres	search_path=public	plpgsql	92a0d6d20925b93d525226981c7278a9	2330	postgres=X/postgres,service_role=X/postgres
136967	public	create_devolution	p_store_id uuid, p_items jsonb, p_reason text, p_original_transaction_id uuid, p_payment_method text, p_customer_id uuid, p_customer_name text, p_notes text, p_currency text, p_exchange_rate numeric	jsonb	FUNCTION	v	true	postgres	search_path=public, pg_temp	plpgsql	5676c618180f37db1cca680043bebaf4	3108	postgres=X/postgres,service_role=X/postgres
138865	public	create_devolution_v2	p_store_id uuid, p_items jsonb, p_reason text, p_user_id uuid, p_original_transaction_id uuid, p_payment_method text, p_customer_id uuid, p_customer_name text, p_notes text, p_idempotency_key text	jsonb	FUNCTION	v	true	postgres	search_path=public, pg_temp	plpgsql	75c4b5bdc1e106149d877a0d036c7f16	7679	postgres=X/postgres,service_role=X/postgres
136801	public	create_physical_count	p_store_id uuid, p_user_id uuid, p_notes text	uuid	FUNCTION	v	true	postgres	search_path=public	plpgsql	84fdeb9ae2e01d3567fa2c487fc0619b	1096	postgres=X/postgres,service_role=X/postgres
137570	public	create_pre_restore_snapshot	p_store_id uuid	jsonb	FUNCTION	v	true	postgres	search_path=public	plpgsql	d1928efec1e0f6afeba3603138a8cd38	3882	postgres=X/postgres,service_role=X/postgres
138630	public	create_production_order_v2	p_store_id uuid, p_order_type text, p_customer_name text, p_customer_ci text, p_customer_phone text, p_customer_address text, p_budget_total numeric, p_budget_currency text, p_description text, p_notes text, p_items jsonb, p_advance_amount numeric, p_advance_method text, p_advance_currency text, p_created_by uuid, p_idempotency_key text	jsonb	FUNCTION	v	true	postgres	search_path=public, extensions	plpgsql	00d5d9ae88cbfb38188ac4e67681d7c8	3981	postgres=X/postgres,service_role=X/postgres
133213	public	create_purchase_order	p_store_id uuid, p_supplier_name text, p_supplier_id uuid, p_po_number text, p_notes text, p_expected_date date, p_created_by uuid, p_items jsonb	jsonb	FUNCTION	v	true	postgres	search_path=public, extensions	plpgsql	93856bef72bf97ebf89ab507cf2daa4f	4974	postgres=X/postgres,authenticated=X/postgres,service_role=X/postgres
136270	public	create_quotation	p_store_id uuid, p_items jsonb, p_user_id uuid, p_customer_id uuid, p_customer_name text, p_customer_phone text, p_discount_type text, p_discount_value numeric, p_notes text, p_valid_until date	jsonb	FUNCTION	v	true	postgres	search_path=public	plpgsql	daceb8d201b1bd85b77270d9f040b6eb	2456	postgres=X/postgres,service_role=X/postgres
138592	public	create_received_service_v2	p_store_id uuid, p_supplier text, p_total_amount numeric, p_service_type_id uuid, p_service_type_name text, p_service_date date, p_currency text, p_exchange_rate numeric, p_payment_terms_days integer, p_distribution_method text, p_reference_doc text, p_observations text, p_receipt_ids jsonb, p_created_by uuid	jsonb	FUNCTION	v	true	postgres	search_path=public, extensions	plpgsql	3363ad631b9bc7f64d00c1c087506ee4	3558	postgres=X/postgres,service_role=X/postgres
136508	public	create_sale	p_store_id uuid, p_seller_id uuid, p_total_amount numeric, p_items jsonb, p_subtotal numeric, p_discount_type text, p_discount_value numeric, p_payment_method text, p_tax_amount numeric, p_applied_taxes jsonb, p_transaction_id uuid, p_operation_date timestamp with time zone, p_cash_amount numeric, p_transfer_amount numeric, p_idempotency_key text, p_sale_currency text, p_sale_exchange_rate numeric, p_zelle_amount numeric, p_warehouse_id uuid, p_user_id uuid	jsonb	FUNCTION	v	true	postgres	search_path=public, pg_temp	plpgsql	65a44650af23cb3a4fd36018b35591d5	4324	postgres=X/postgres,authenticated=X/postgres,service_role=X/postgres
141788	public	create_sale_v2	p_store_id uuid, p_seller_id uuid, p_items jsonb, p_payment_method text, p_discount_type text, p_discount_value numeric, p_applied_taxes jsonb, p_tax_amount numeric, p_total_amount numeric, p_subtotal numeric, p_cash_amount numeric, p_transfer_amount numeric, p_zelle_amount numeric, p_sale_currency text, p_sale_exchange_rate numeric, p_customer_id uuid, p_customer_name text, p_supervisor_user_id uuid, p_idempotency_key text, p_operation_date timestamp with time zone, p_user_id uuid	jsonb	FUNCTION	v	true	postgres	search_path=public, pg_temp	plpgsql	7edb09b6b6f83b6d943e6171acf3412c	14915	=X/postgres,postgres=X/postgres,authenticated=X/postgres,service_role=X/postgres
138143	public	create_store_with_membership	p_name text, p_address text, p_created_by uuid, p_max_stores integer, p_logo_url text, p_reeup text, p_nit text, p_bank_account text, p_phone text, p_email text, p_slug text, p_plantilla text, p_signature_url text, p_stamp_url text, p_latitude double precision, p_longitude double precision, p_tenant_id uuid	jsonb	FUNCTION	v	true	postgres	search_path=pg_catalog, public	plpgsql	da512cbcbbc4cbab35edf48bde15ff4d	2038	postgres=X/postgres,service_role=X/postgres
137073	public	create_transfer	p_origin_store_id uuid, p_destination_store_id uuid, p_items jsonb, p_notes text, p_transaction_id uuid, p_operation_date timestamp with time zone, p_user_id uuid	jsonb	FUNCTION	v	true	postgres	search_path=public, pg_temp	plpgsql	a1dd6f18e32593d3f93c5c44bafc91ba	5031	postgres=X/postgres,authenticated=X/postgres,service_role=X/postgres
142308	public	create_vale_salida	p_store_id uuid, p_items jsonb, p_production_order_id uuid, p_notes text, p_idempotency_key text	jsonb	FUNCTION	v	true	postgres	search_path=public, extensions	plpgsql	9916fa048d2cb95d48b77cc2d3b0c610	125	postgres=X/postgres,service_role=X/postgres
142325	public	create_vale_salida	p_store_id uuid, p_items jsonb, p_production_order_id uuid, p_notes text, p_idempotency_key text, p_user_id uuid	jsonb	FUNCTION	v	true	postgres	search_path=public, extensions	plpgsql	655e93defaa49cf53696525700573c87	5256	postgres=X/postgres,service_role=X/postgres
21750	public	current_user_store_id		uuid	FUNCTION	s	true	postgres	search_path=public, extensions	plpgsql	eff8c085c92c6063785a95b0e6dfa17b	96	postgres=X/postgres,authenticated=X/postgres,service_role=X/postgres
138373	public	current_user_store_ids		uuid[]	FUNCTION	s	true	postgres	search_path=public	plpgsql	317799d87c0daedabb3dba833507e3f4	418	postgres=X/postgres,authenticated=X/postgres,service_role=X/postgres
138372	public	current_user_tenant_id		uuid	FUNCTION	s	true	postgres	search_path=public	sql	e7c7f1fdb7e5134a4f1c7a0752c1088e	64	=X/postgres,postgres=X/postgres,anon=X/postgres,authenticated=X/postgres,service_role=X/postgres
134481	public	date_dist	date, date	integer	FUNCTION	i	false	supabase_admin		c	3983f43755ffa80d869985d91ee8e538	9	=X/supabase_admin,supabase_admin=X/supabase_admin,postgres=X/supabase_admin,anon=X/supabase_admin,authenticated=X/supabase_admin,service_role=X/supabase_admin
131395	public	deduct_stock	p_store_id uuid, p_product_id uuid, p_quantity numeric	void	FUNCTION	v	true	postgres	search_path=public, extensions	plpgsql	669feb8d547076050968cf9ccf3884bc	267	postgres=X/postgres,service_role=X/postgres
138109	public	detect_orphan_users		TABLE(auth_user_id uuid, email text, detected_at timestamp with time zone, log_status text)	FUNCTION	v	true	postgres	search_path=public, pg_temp	plpgsql	3c6df053ef9d9b7ff7c6682cf2176811	843	postgres=X/postgres,service_role=X/postgres
137558	public	discover_backup_tables		jsonb	FUNCTION	v	true	postgres	search_path=public	sql	ee9395981aa2c7236814ac40a5f64c5b	1633	postgres=X/postgres,authenticated=X/postgres,service_role=X/postgres
138597	public	distribute_service_cost_v2	p_service_id uuid, p_user_id uuid	jsonb	FUNCTION	v	true	postgres	search_path=public, extensions	plpgsql	00ed3bfc684ec873cadc6ca2ac62a00b	3513	postgres=X/postgres,service_role=X/postgres
136705	public	duplicate_inventory_adjustment	p_original_id uuid, p_user_id uuid	jsonb	FUNCTION	v	true	postgres	search_path=public	plpgsql	f8fd1b6211b3430afd39c90d580f92d5	2910	postgres=X/postgres,service_role=X/postgres
138870	public	duplicate_inventory_adjustment_v2	p_original_id uuid, p_user_id uuid	jsonb	FUNCTION	v	true	postgres	search_path=public, pg_temp	plpgsql	bceaf59e7bc365164203026451e5c29b	2935	postgres=X/postgres,service_role=X/postgres
38667	public	enforce_encargado_store_limit		trigger	FUNCTION	v	false	postgres	search_path=public, extensions	plpgsql	38189cdb76977416c4aeb10e86f61aa1	658	postgres=X/postgres,authenticated=X/postgres,service_role=X/postgres
38669	public	enforce_encargado_user_limit		trigger	FUNCTION	v	false	postgres	search_path=public, extensions	plpgsql	167b455368c0bcc3306bb09605b7669d	657	postgres=X/postgres,authenticated=X/postgres,service_role=X/postgres
142220	public	enforce_ledger_append_only		trigger	FUNCTION	v	true	postgres	search_path=public, pg_temp	plpgsql	787a87f113197060dad670fbe3723c70	188	postgres=X/postgres,service_role=X/postgres
136259	public	ensure_fiscal_period	p_store_id uuid, p_year integer, p_month integer	uuid	FUNCTION	v	true	postgres	search_path=pg_catalog, public	plpgsql	391f9718402643b3cf5f0cf66270063a	471	postgres=X/postgres,service_role=X/postgres
142600	public	ensure_product_barcode		trigger	FUNCTION	v	true	postgres	search_path=public, pg_temp	plpgsql	f14324e9aebb1bb16c6f94ceb8face30	691	postgres=X/postgres,service_role=X/postgres
134483	public	float4_dist	real, real	real	FUNCTION	i	false	supabase_admin		c	1491a162a165d9bd567fbac3c9d1dd2d	11	=X/supabase_admin,supabase_admin=X/supabase_admin,postgres=X/supabase_admin,anon=X/supabase_admin,authenticated=X/supabase_admin,service_role=X/supabase_admin
134485	public	float8_dist	double precision, double precision	double precision	FUNCTION	i	false	supabase_admin		c	1c6ca5056a910a22941735008e6a75c1	11	=X/supabase_admin,supabase_admin=X/supabase_admin,postgres=X/supabase_admin,anon=X/supabase_admin,authenticated=X/supabase_admin,service_role=X/supabase_admin
136799	public	fn_generate_physical_count_number		trigger	FUNCTION	v	false	postgres		plpgsql	651cf64cc3a01b4f1bc4032c8a78c3d6	349	postgres=X/postgres,authenticated=X/postgres,service_role=X/postgres
131041	public	fn_log_system_health	p_payload jsonb	uuid	FUNCTION	v	true	postgres	search_path=public	plpgsql	464bbd7f07293e0c7e018f489f45f318	1275	postgres=X/postgres,service_role=X/postgres
130968	public	fn_maintain_product_completeness		trigger	FUNCTION	v	false	postgres		plpgsql	165ff622f3468aeb92c2c8fc61c70a18	293	postgres=X/postgres,authenticated=X/postgres,service_role=X/postgres
26950	public	fn_process_receipt	p_items jsonb, p_user_id uuid, p_reference text	uuid	FUNCTION	v	true	postgres	search_path=public, extensions	plpgsql	99a3aed010e600b0e613f988ace09589	3303	postgres=X/postgres,service_role=X/postgres
130964	public	fn_process_receipt	p_items jsonb, p_user_id uuid, p_store_id uuid, p_reference text	uuid	FUNCTION	v	true	postgres	search_path=public, extensions	plpgsql	ee57bdfc693da29eee6bd8987a2cd119	3286	postgres=X/postgres,service_role=X/postgres
26951	public	fn_process_sale	p_items jsonb, p_cashier_id uuid, p_payment_method text	uuid	FUNCTION	v	true	postgres	search_path=public, extensions	plpgsql	d7deef9a39619838b86945d75c68c7ba	2509	postgres=X/postgres,service_role=X/postgres
142906	public	fn_recalc_wac	p_store_id uuid, p_product_id uuid, p_event text, p_qty_in numeric, p_uc_in numeric, p_source_ref jsonb	numeric	FUNCTION	v	true	postgres	search_path=public, extensions	plpgsql	8857360458027a77421aa793efb4bf3f	1749	postgres=X/postgres,service_role=X/postgres
26677	public	fn_sync_inventory_on_movement		trigger	FUNCTION	v	true	postgres	search_path=public, pg_temp	plpgsql	6e3f97c765b82e692199a3b6428cafe3	2212	postgres=X/postgres,service_role=X/postgres
136728	public	fn_sync_profile_role		trigger	FUNCTION	v	false	postgres		plpgsql	5023bf37ec8932b2c374a6d6e3390971	345	postgres=X/postgres,authenticated=X/postgres,service_role=X/postgres
20168	public	fn_update_inventory_on_movement		trigger	FUNCTION	v	false	postgres		plpgsql	64d0e04bdecb7192d6c77ac55c5317dd	433	postgres=X/postgres,authenticated=X/postgres,service_role=X/postgres
136674	public	fn_validate_document_transition		trigger	FUNCTION	v	false	postgres		plpgsql	469c529a70fe578a6f2ac25273bd79ca	2645	postgres=X/postgres,authenticated=X/postgres,service_role=X/postgres
26952	public	fn_void_receipt	p_receipt_id uuid, p_user_id uuid	boolean	FUNCTION	v	true	postgres	search_path=public, extensions	plpgsql	e2f69b2035ce73b18ba718789851cb3c	1956	postgres=X/postgres,service_role=X/postgres
134939	public	gbt_bit_compress	internal	internal	FUNCTION	i	false	supabase_admin		c	31f34def849731302ee00e721401f01e	16	=X/supabase_admin,supabase_admin=X/supabase_admin,postgres=X/supabase_admin,anon=X/supabase_admin,authenticated=X/supabase_admin,service_role=X/supabase_admin
134938	public	gbt_bit_consistent	internal, bit, smallint, oid, internal	boolean	FUNCTION	i	false	supabase_admin		c	878550d7e83f71fce0c49f44e350fedb	18	=X/supabase_admin,supabase_admin=X/supabase_admin,postgres=X/supabase_admin,anon=X/supabase_admin,authenticated=X/supabase_admin,service_role=X/supabase_admin
134940	public	gbt_bit_penalty	internal, internal, internal	internal	FUNCTION	i	false	supabase_admin		c	bb931bf3a8c73b48aeb0d1c8ff8089a0	15	=X/supabase_admin,supabase_admin=X/supabase_admin,postgres=X/supabase_admin,anon=X/supabase_admin,authenticated=X/supabase_admin,service_role=X/supabase_admin
134941	public	gbt_bit_picksplit	internal, internal	internal	FUNCTION	i	false	supabase_admin		c	e0877b1f6b123b43a7e32f762798e785	17	=X/supabase_admin,supabase_admin=X/supabase_admin,postgres=X/supabase_admin,anon=X/supabase_admin,authenticated=X/supabase_admin,service_role=X/supabase_admin
134943	public	gbt_bit_same	gbtreekey_var, gbtreekey_var, internal	internal	FUNCTION	i	false	supabase_admin		c	16e8047e6ef1cabcbda842ee8111c84c	12	=X/supabase_admin,supabase_admin=X/supabase_admin,postgres=X/supabase_admin,anon=X/supabase_admin,authenticated=X/supabase_admin,service_role=X/supabase_admin
134942	public	gbt_bit_union	internal, internal	gbtreekey_var	FUNCTION	i	false	supabase_admin		c	06cf6eaf5701d50b4786c48583f7bb38	13	=X/supabase_admin,supabase_admin=X/supabase_admin,postgres=X/supabase_admin,anon=X/supabase_admin,authenticated=X/supabase_admin,service_role=X/supabase_admin
135086	public	gbt_bool_compress	internal	internal	FUNCTION	i	false	supabase_admin		c	946688ab3d74a1a017a0687422a89c61	17	=X/supabase_admin,supabase_admin=X/supabase_admin,postgres=X/supabase_admin,anon=X/supabase_admin,authenticated=X/supabase_admin,service_role=X/supabase_admin
135085	public	gbt_bool_consistent	internal, boolean, smallint, oid, internal	boolean	FUNCTION	i	false	supabase_admin		c	8056612ce590a44b42e53db0a2d19820	19	=X/supabase_admin,supabase_admin=X/supabase_admin,postgres=X/supabase_admin,anon=X/supabase_admin,authenticated=X/supabase_admin,service_role=X/supabase_admin
135087	public	gbt_bool_fetch	internal	internal	FUNCTION	i	false	supabase_admin		c	abf7c178ce639833f9013245a9f458f7	14	=X/supabase_admin,supabase_admin=X/supabase_admin,postgres=X/supabase_admin,anon=X/supabase_admin,authenticated=X/supabase_admin,service_role=X/supabase_admin
135088	public	gbt_bool_penalty	internal, internal, internal	internal	FUNCTION	i	false	supabase_admin		c	252891089913a329090c13a7eff1e03a	16	=X/supabase_admin,supabase_admin=X/supabase_admin,postgres=X/supabase_admin,anon=X/supabase_admin,authenticated=X/supabase_admin,service_role=X/supabase_admin
135089	public	gbt_bool_picksplit	internal, internal	internal	FUNCTION	i	false	supabase_admin		c	8f1fce1453ce914bc90b9e31af5870ba	18	=X/supabase_admin,supabase_admin=X/supabase_admin,postgres=X/supabase_admin,anon=X/supabase_admin,authenticated=X/supabase_admin,service_role=X/supabase_admin
135091	public	gbt_bool_same	gbtreekey2, gbtreekey2, internal	internal	FUNCTION	i	false	supabase_admin		c	6affcd9996e5fa750e3525684a583ce5	13	=X/supabase_admin,supabase_admin=X/supabase_admin,postgres=X/supabase_admin,anon=X/supabase_admin,authenticated=X/supabase_admin,service_role=X/supabase_admin
135090	public	gbt_bool_union	internal, internal	gbtreekey2	FUNCTION	i	false	supabase_admin		c	08b772bd51a11936357c18cc5a6e8483	14	=X/supabase_admin,supabase_admin=X/supabase_admin,postgres=X/supabase_admin,anon=X/supabase_admin,authenticated=X/supabase_admin,service_role=X/supabase_admin
134857	public	gbt_bpchar_compress	internal	internal	FUNCTION	i	false	supabase_admin		c	76dbb1959cbba074b92416a8d6789490	19	=X/supabase_admin,supabase_admin=X/supabase_admin,postgres=X/supabase_admin,anon=X/supabase_admin,authenticated=X/supabase_admin,service_role=X/supabase_admin
134855	public	gbt_bpchar_consistent	internal, character, smallint, oid, internal	boolean	FUNCTION	i	false	supabase_admin		c	5f211074e31a73243aa13039f69cdd1b	21	=X/supabase_admin,supabase_admin=X/supabase_admin,postgres=X/supabase_admin,anon=X/supabase_admin,authenticated=X/supabase_admin,service_role=X/supabase_admin
134895	public	gbt_bytea_compress	internal	internal	FUNCTION	i	false	supabase_admin		c	6ed79a6bd12c150a372ec90bba72fba6	18	=X/supabase_admin,supabase_admin=X/supabase_admin,postgres=X/supabase_admin,anon=X/supabase_admin,authenticated=X/supabase_admin,service_role=X/supabase_admin
134894	public	gbt_bytea_consistent	internal, bytea, smallint, oid, internal	boolean	FUNCTION	i	false	supabase_admin		c	bd08bbb206b71cab1fed270d2280fec1	20	=X/supabase_admin,supabase_admin=X/supabase_admin,postgres=X/supabase_admin,anon=X/supabase_admin,authenticated=X/supabase_admin,service_role=X/supabase_admin
134896	public	gbt_bytea_penalty	internal, internal, internal	internal	FUNCTION	i	false	supabase_admin		c	e8d4a643cb184249688910c67f0b3eac	17	=X/supabase_admin,supabase_admin=X/supabase_admin,postgres=X/supabase_admin,anon=X/supabase_admin,authenticated=X/supabase_admin,service_role=X/supabase_admin
134897	public	gbt_bytea_picksplit	internal, internal	internal	FUNCTION	i	false	supabase_admin		c	324c3583547bda333c03282769a6c083	19	=X/supabase_admin,supabase_admin=X/supabase_admin,postgres=X/supabase_admin,anon=X/supabase_admin,authenticated=X/supabase_admin,service_role=X/supabase_admin
134899	public	gbt_bytea_same	gbtreekey_var, gbtreekey_var, internal	internal	FUNCTION	i	false	supabase_admin		c	f5f3b8ed32b1e4bc2b8144d6a1186980	14	=X/supabase_admin,supabase_admin=X/supabase_admin,postgres=X/supabase_admin,anon=X/supabase_admin,authenticated=X/supabase_admin,service_role=X/supabase_admin
134898	public	gbt_bytea_union	internal, internal	gbtreekey_var	FUNCTION	i	false	supabase_admin		c	ec4dce0a76148a60586db7c54da925ff	15	=X/supabase_admin,supabase_admin=X/supabase_admin,postgres=X/supabase_admin,anon=X/supabase_admin,authenticated=X/supabase_admin,service_role=X/supabase_admin
134807	public	gbt_cash_compress	internal	internal	FUNCTION	i	false	supabase_admin		c	c8f50386f25598786c804a6da906ddd2	17	=X/supabase_admin,supabase_admin=X/supabase_admin,postgres=X/supabase_admin,anon=X/supabase_admin,authenticated=X/supabase_admin,service_role=X/supabase_admin
134805	public	gbt_cash_consistent	internal, money, smallint, oid, internal	boolean	FUNCTION	i	false	supabase_admin		c	5bfd21d4f3970fe3e896d4715f6b83d0	19	=X/supabase_admin,supabase_admin=X/supabase_admin,postgres=X/supabase_admin,anon=X/supabase_admin,authenticated=X/supabase_admin,service_role=X/supabase_admin
134806	public	gbt_cash_distance	internal, money, smallint, oid, internal	double precision	FUNCTION	i	false	supabase_admin		c	a67ad1a9ff0f88d3556aa0c80b69afbb	17	=X/supabase_admin,supabase_admin=X/supabase_admin,postgres=X/supabase_admin,anon=X/supabase_admin,authenticated=X/supabase_admin,service_role=X/supabase_admin
134808	public	gbt_cash_fetch	internal	internal	FUNCTION	i	false	supabase_admin		c	0c6e88888619f543c7593d1d90ebf5fa	14	=X/supabase_admin,supabase_admin=X/supabase_admin,postgres=X/supabase_admin,anon=X/supabase_admin,authenticated=X/supabase_admin,service_role=X/supabase_admin
134809	public	gbt_cash_penalty	internal, internal, internal	internal	FUNCTION	i	false	supabase_admin		c	b923664a86f8d90a9e9fb6fa6dcdc2ca	16	=X/supabase_admin,supabase_admin=X/supabase_admin,postgres=X/supabase_admin,anon=X/supabase_admin,authenticated=X/supabase_admin,service_role=X/supabase_admin
134810	public	gbt_cash_picksplit	internal, internal	internal	FUNCTION	i	false	supabase_admin		c	06bb65e86058c708a7aec660ca65b2c0	18	=X/supabase_admin,supabase_admin=X/supabase_admin,postgres=X/supabase_admin,anon=X/supabase_admin,authenticated=X/supabase_admin,service_role=X/supabase_admin
134812	public	gbt_cash_same	gbtreekey16, gbtreekey16, internal	internal	FUNCTION	i	false	supabase_admin		c	28c42b17618f25bac2ffb41dfa1d328c	13	=X/supabase_admin,supabase_admin=X/supabase_admin,postgres=X/supabase_admin,anon=X/supabase_admin,authenticated=X/supabase_admin,service_role=X/supabase_admin
134811	public	gbt_cash_union	internal, internal	gbtreekey16	FUNCTION	i	false	supabase_admin		c	464138ae4426fd557d9d09d7511ae0a1	14	=X/supabase_admin,supabase_admin=X/supabase_admin,postgres=X/supabase_admin,anon=X/supabase_admin,authenticated=X/supabase_admin,service_role=X/supabase_admin
134754	public	gbt_date_compress	internal	internal	FUNCTION	i	false	supabase_admin		c	b370299af7cf50813973c08ef3853ad9	17	=X/supabase_admin,supabase_admin=X/supabase_admin,postgres=X/supabase_admin,anon=X/supabase_admin,authenticated=X/supabase_admin,service_role=X/supabase_admin
134752	public	gbt_date_consistent	internal, date, smallint, oid, internal	boolean	FUNCTION	i	false	supabase_admin		c	f83142827e633f4e9e3b6202dd4b2c36	19	=X/supabase_admin,supabase_admin=X/supabase_admin,postgres=X/supabase_admin,anon=X/supabase_admin,authenticated=X/supabase_admin,service_role=X/supabase_admin
134753	public	gbt_date_distance	internal, date, smallint, oid, internal	double precision	FUNCTION	i	false	supabase_admin		c	44e562e61fb9f26a098a6e23a328f1af	17	=X/supabase_admin,supabase_admin=X/supabase_admin,postgres=X/supabase_admin,anon=X/supabase_admin,authenticated=X/supabase_admin,service_role=X/supabase_admin
134755	public	gbt_date_fetch	internal	internal	FUNCTION	i	false	supabase_admin		c	512d49bff26a1bb771066e01db279e8f	14	=X/supabase_admin,supabase_admin=X/supabase_admin,postgres=X/supabase_admin,anon=X/supabase_admin,authenticated=X/supabase_admin,service_role=X/supabase_admin
134756	public	gbt_date_penalty	internal, internal, internal	internal	FUNCTION	i	false	supabase_admin		c	4522d3a094140c09baa58db70142376a	16	=X/supabase_admin,supabase_admin=X/supabase_admin,postgres=X/supabase_admin,anon=X/supabase_admin,authenticated=X/supabase_admin,service_role=X/supabase_admin
134757	public	gbt_date_picksplit	internal, internal	internal	FUNCTION	i	false	supabase_admin		c	1e980c7ff90cfd30b84fcf965dae013d	18	=X/supabase_admin,supabase_admin=X/supabase_admin,postgres=X/supabase_admin,anon=X/supabase_admin,authenticated=X/supabase_admin,service_role=X/supabase_admin
134759	public	gbt_date_same	gbtreekey8, gbtreekey8, internal	internal	FUNCTION	i	false	supabase_admin		c	028ae465a36da2960cf56ccfcd178841	13	=X/supabase_admin,supabase_admin=X/supabase_admin,postgres=X/supabase_admin,anon=X/supabase_admin,authenticated=X/supabase_admin,service_role=X/supabase_admin
134758	public	gbt_date_union	internal, internal	gbtreekey8	FUNCTION	i	false	supabase_admin		c	ba4d30001dfc222ad733ff8ef3aa2fda	14	=X/supabase_admin,supabase_admin=X/supabase_admin,postgres=X/supabase_admin,anon=X/supabase_admin,authenticated=X/supabase_admin,service_role=X/supabase_admin
134507	public	gbt_decompress	internal	internal	FUNCTION	i	false	supabase_admin		c	59e11b242d92fcb1248165436b21dcf5	14	=X/supabase_admin,supabase_admin=X/supabase_admin,postgres=X/supabase_admin,anon=X/supabase_admin,authenticated=X/supabase_admin,service_role=X/supabase_admin
135059	public	gbt_enum_compress	internal	internal	FUNCTION	i	false	supabase_admin		c	192cb5abfc4973ab89d788caea2389ec	17	=X/supabase_admin,supabase_admin=X/supabase_admin,postgres=X/supabase_admin,anon=X/supabase_admin,authenticated=X/supabase_admin,service_role=X/supabase_admin
135058	public	gbt_enum_consistent	internal, anyenum, smallint, oid, internal	boolean	FUNCTION	i	false	supabase_admin		c	ca7532dc5565084a0c53db2d9a2cd01d	19	=X/supabase_admin,supabase_admin=X/supabase_admin,postgres=X/supabase_admin,anon=X/supabase_admin,authenticated=X/supabase_admin,service_role=X/supabase_admin
135060	public	gbt_enum_fetch	internal	internal	FUNCTION	i	false	supabase_admin		c	3ede550074202fa83467674c6e846f99	14	=X/supabase_admin,supabase_admin=X/supabase_admin,postgres=X/supabase_admin,anon=X/supabase_admin,authenticated=X/supabase_admin,service_role=X/supabase_admin
135061	public	gbt_enum_penalty	internal, internal, internal	internal	FUNCTION	i	false	supabase_admin		c	fff1a2478ce894ba1c9bc31020c16b67	16	=X/supabase_admin,supabase_admin=X/supabase_admin,postgres=X/supabase_admin,anon=X/supabase_admin,authenticated=X/supabase_admin,service_role=X/supabase_admin
135062	public	gbt_enum_picksplit	internal, internal	internal	FUNCTION	i	false	supabase_admin		c	116be03e32038899242d9ad349e6e2de	18	=X/supabase_admin,supabase_admin=X/supabase_admin,postgres=X/supabase_admin,anon=X/supabase_admin,authenticated=X/supabase_admin,service_role=X/supabase_admin
135064	public	gbt_enum_same	gbtreekey8, gbtreekey8, internal	internal	FUNCTION	i	false	supabase_admin		c	a7e9d571bd72ff0799d487964bacc5e0	13	=X/supabase_admin,supabase_admin=X/supabase_admin,postgres=X/supabase_admin,anon=X/supabase_admin,authenticated=X/supabase_admin,service_role=X/supabase_admin
135063	public	gbt_enum_union	internal, internal	gbtreekey8	FUNCTION	i	false	supabase_admin		c	c3948c8cf486b4e9581436f204acfd3d	14	=X/supabase_admin,supabase_admin=X/supabase_admin,postgres=X/supabase_admin,anon=X/supabase_admin,authenticated=X/supabase_admin,service_role=X/supabase_admin
134612	public	gbt_float4_compress	internal	internal	FUNCTION	i	false	supabase_admin		c	888a893aaba63c847e324f3f920e8ef2	19	=X/supabase_admin,supabase_admin=X/supabase_admin,postgres=X/supabase_admin,anon=X/supabase_admin,authenticated=X/supabase_admin,service_role=X/supabase_admin
134610	public	gbt_float4_consistent	internal, real, smallint, oid, internal	boolean	FUNCTION	i	false	supabase_admin		c	2e2cdd150b9ea2fd1d65b6d2ccbf35f1	21	=X/supabase_admin,supabase_admin=X/supabase_admin,postgres=X/supabase_admin,anon=X/supabase_admin,authenticated=X/supabase_admin,service_role=X/supabase_admin
134611	public	gbt_float4_distance	internal, real, smallint, oid, internal	double precision	FUNCTION	i	false	supabase_admin		c	6a02c2ffa11e804008bf8ac1c948a38e	19	=X/supabase_admin,supabase_admin=X/supabase_admin,postgres=X/supabase_admin,anon=X/supabase_admin,authenticated=X/supabase_admin,service_role=X/supabase_admin
134613	public	gbt_float4_fetch	internal	internal	FUNCTION	i	false	supabase_admin		c	3e979e8dbb7a68e145cbc23273b65608	16	=X/supabase_admin,supabase_admin=X/supabase_admin,postgres=X/supabase_admin,anon=X/supabase_admin,authenticated=X/supabase_admin,service_role=X/supabase_admin
134614	public	gbt_float4_penalty	internal, internal, internal	internal	FUNCTION	i	false	supabase_admin		c	9f7f3cdddc71f1d2f88761fb1a603bf5	18	=X/supabase_admin,supabase_admin=X/supabase_admin,postgres=X/supabase_admin,anon=X/supabase_admin,authenticated=X/supabase_admin,service_role=X/supabase_admin
134615	public	gbt_float4_picksplit	internal, internal	internal	FUNCTION	i	false	supabase_admin		c	562c951714215976f6d8e0bc83cd761a	20	=X/supabase_admin,supabase_admin=X/supabase_admin,postgres=X/supabase_admin,anon=X/supabase_admin,authenticated=X/supabase_admin,service_role=X/supabase_admin
134617	public	gbt_float4_same	gbtreekey8, gbtreekey8, internal	internal	FUNCTION	i	false	supabase_admin		c	514b26034fac053e2c0b4c244b11c965	15	=X/supabase_admin,supabase_admin=X/supabase_admin,postgres=X/supabase_admin,anon=X/supabase_admin,authenticated=X/supabase_admin,service_role=X/supabase_admin
134616	public	gbt_float4_union	internal, internal	gbtreekey8	FUNCTION	i	false	supabase_admin		c	f1f39c6dabdb6397aa5a07741921afc9	16	=X/supabase_admin,supabase_admin=X/supabase_admin,postgres=X/supabase_admin,anon=X/supabase_admin,authenticated=X/supabase_admin,service_role=X/supabase_admin
134638	public	gbt_float8_compress	internal	internal	FUNCTION	i	false	supabase_admin		c	b49686a0aaeb0b28ffff2b5ecee54741	19	=X/supabase_admin,supabase_admin=X/supabase_admin,postgres=X/supabase_admin,anon=X/supabase_admin,authenticated=X/supabase_admin,service_role=X/supabase_admin
134636	public	gbt_float8_consistent	internal, double precision, smallint, oid, internal	boolean	FUNCTION	i	false	supabase_admin		c	a19d7db88f02b87477109e3f22de860a	21	=X/supabase_admin,supabase_admin=X/supabase_admin,postgres=X/supabase_admin,anon=X/supabase_admin,authenticated=X/supabase_admin,service_role=X/supabase_admin
134637	public	gbt_float8_distance	internal, double precision, smallint, oid, internal	double precision	FUNCTION	i	false	supabase_admin		c	441f67ab03506f16034abb0c1cc5b6b3	19	=X/supabase_admin,supabase_admin=X/supabase_admin,postgres=X/supabase_admin,anon=X/supabase_admin,authenticated=X/supabase_admin,service_role=X/supabase_admin
134639	public	gbt_float8_fetch	internal	internal	FUNCTION	i	false	supabase_admin		c	5fe758b66a03d975a48d2c80804295ef	16	=X/supabase_admin,supabase_admin=X/supabase_admin,postgres=X/supabase_admin,anon=X/supabase_admin,authenticated=X/supabase_admin,service_role=X/supabase_admin
134640	public	gbt_float8_penalty	internal, internal, internal	internal	FUNCTION	i	false	supabase_admin		c	7d4f3fdf23be08b80f4fe26572c50d85	18	=X/supabase_admin,supabase_admin=X/supabase_admin,postgres=X/supabase_admin,anon=X/supabase_admin,authenticated=X/supabase_admin,service_role=X/supabase_admin
134641	public	gbt_float8_picksplit	internal, internal	internal	FUNCTION	i	false	supabase_admin		c	9643b2a534ff52ed6f4c1449739ce9ee	20	=X/supabase_admin,supabase_admin=X/supabase_admin,postgres=X/supabase_admin,anon=X/supabase_admin,authenticated=X/supabase_admin,service_role=X/supabase_admin
134643	public	gbt_float8_same	gbtreekey16, gbtreekey16, internal	internal	FUNCTION	i	false	supabase_admin		c	e06294bc90bb577f59f4dd7f7be66b22	15	=X/supabase_admin,supabase_admin=X/supabase_admin,postgres=X/supabase_admin,anon=X/supabase_admin,authenticated=X/supabase_admin,service_role=X/supabase_admin
134642	public	gbt_float8_union	internal, internal	gbtreekey16	FUNCTION	i	false	supabase_admin		c	98b9d1f308bf188b306553aabd17d79c	16	=X/supabase_admin,supabase_admin=X/supabase_admin,postgres=X/supabase_admin,anon=X/supabase_admin,authenticated=X/supabase_admin,service_role=X/supabase_admin
134977	public	gbt_inet_compress	internal	internal	FUNCTION	i	false	supabase_admin		c	5f73deaa9eb5c0635bd64eb585ea5b67	17	=X/supabase_admin,supabase_admin=X/supabase_admin,postgres=X/supabase_admin,anon=X/supabase_admin,authenticated=X/supabase_admin,service_role=X/supabase_admin
134976	public	gbt_inet_consistent	internal, inet, smallint, oid, internal	boolean	FUNCTION	i	false	supabase_admin		c	36d9daac03ed3c1b0cd23c1ebd6d7942	19	=X/supabase_admin,supabase_admin=X/supabase_admin,postgres=X/supabase_admin,anon=X/supabase_admin,authenticated=X/supabase_admin,service_role=X/supabase_admin
134978	public	gbt_inet_penalty	internal, internal, internal	internal	FUNCTION	i	false	supabase_admin		c	8e8c84c1a762980a3ccc90cc91d655b5	16	=X/supabase_admin,supabase_admin=X/supabase_admin,postgres=X/supabase_admin,anon=X/supabase_admin,authenticated=X/supabase_admin,service_role=X/supabase_admin
134979	public	gbt_inet_picksplit	internal, internal	internal	FUNCTION	i	false	supabase_admin		c	d1a64926c4a67ad5aa057e48ea4a57e5	18	=X/supabase_admin,supabase_admin=X/supabase_admin,postgres=X/supabase_admin,anon=X/supabase_admin,authenticated=X/supabase_admin,service_role=X/supabase_admin
134981	public	gbt_inet_same	gbtreekey16, gbtreekey16, internal	internal	FUNCTION	i	false	supabase_admin		c	7a6454e92603ff9a700389528452b153	13	=X/supabase_admin,supabase_admin=X/supabase_admin,postgres=X/supabase_admin,anon=X/supabase_admin,authenticated=X/supabase_admin,service_role=X/supabase_admin
134980	public	gbt_inet_union	internal, internal	gbtreekey16	FUNCTION	i	false	supabase_admin		c	782ba37d0efa46fde9508140c8e71117	14	=X/supabase_admin,supabase_admin=X/supabase_admin,postgres=X/supabase_admin,anon=X/supabase_admin,authenticated=X/supabase_admin,service_role=X/supabase_admin
134534	public	gbt_int2_compress	internal	internal	FUNCTION	i	false	supabase_admin		c	8e689ab3938180f4c3a82812e3ceb7e9	17	=X/supabase_admin,supabase_admin=X/supabase_admin,postgres=X/supabase_admin,anon=X/supabase_admin,authenticated=X/supabase_admin,service_role=X/supabase_admin
134532	public	gbt_int2_consistent	internal, smallint, smallint, oid, internal	boolean	FUNCTION	i	false	supabase_admin		c	5d3d20338cdd8b1dd1b716d0b7fe1b20	19	=X/supabase_admin,supabase_admin=X/supabase_admin,postgres=X/supabase_admin,anon=X/supabase_admin,authenticated=X/supabase_admin,service_role=X/supabase_admin
134533	public	gbt_int2_distance	internal, smallint, smallint, oid, internal	double precision	FUNCTION	i	false	supabase_admin		c	1b18f69482d0ccfffc9d24e6833cc116	17	=X/supabase_admin,supabase_admin=X/supabase_admin,postgres=X/supabase_admin,anon=X/supabase_admin,authenticated=X/supabase_admin,service_role=X/supabase_admin
134535	public	gbt_int2_fetch	internal	internal	FUNCTION	i	false	supabase_admin		c	22809d09c3801a9269f095ffdfbee732	14	=X/supabase_admin,supabase_admin=X/supabase_admin,postgres=X/supabase_admin,anon=X/supabase_admin,authenticated=X/supabase_admin,service_role=X/supabase_admin
134536	public	gbt_int2_penalty	internal, internal, internal	internal	FUNCTION	i	false	supabase_admin		c	c3daa7326bb2cf9a91ec946a8e46f09e	16	=X/supabase_admin,supabase_admin=X/supabase_admin,postgres=X/supabase_admin,anon=X/supabase_admin,authenticated=X/supabase_admin,service_role=X/supabase_admin
134537	public	gbt_int2_picksplit	internal, internal	internal	FUNCTION	i	false	supabase_admin		c	f0fde684618d8511cbeb7ee12b25f454	18	=X/supabase_admin,supabase_admin=X/supabase_admin,postgres=X/supabase_admin,anon=X/supabase_admin,authenticated=X/supabase_admin,service_role=X/supabase_admin
134539	public	gbt_int2_same	gbtreekey4, gbtreekey4, internal	internal	FUNCTION	i	false	supabase_admin		c	3f52d2b718c78605317967df5455e6b9	13	=X/supabase_admin,supabase_admin=X/supabase_admin,postgres=X/supabase_admin,anon=X/supabase_admin,authenticated=X/supabase_admin,service_role=X/supabase_admin
134538	public	gbt_int2_union	internal, internal	gbtreekey4	FUNCTION	i	false	supabase_admin		c	db5b663109e2c4088dc93913182f8caa	14	=X/supabase_admin,supabase_admin=X/supabase_admin,postgres=X/supabase_admin,anon=X/supabase_admin,authenticated=X/supabase_admin,service_role=X/supabase_admin
134560	public	gbt_int4_compress	internal	internal	FUNCTION	i	false	supabase_admin		c	e4aeb13d147e98757be382ea4d8ea973	17	=X/supabase_admin,supabase_admin=X/supabase_admin,postgres=X/supabase_admin,anon=X/supabase_admin,authenticated=X/supabase_admin,service_role=X/supabase_admin
134558	public	gbt_int4_consistent	internal, integer, smallint, oid, internal	boolean	FUNCTION	i	false	supabase_admin		c	9be10e5d8f86fd5163361f0de10f2814	19	=X/supabase_admin,supabase_admin=X/supabase_admin,postgres=X/supabase_admin,anon=X/supabase_admin,authenticated=X/supabase_admin,service_role=X/supabase_admin
134559	public	gbt_int4_distance	internal, integer, smallint, oid, internal	double precision	FUNCTION	i	false	supabase_admin		c	93d6a241916764584c5daa5e27c6fd4e	17	=X/supabase_admin,supabase_admin=X/supabase_admin,postgres=X/supabase_admin,anon=X/supabase_admin,authenticated=X/supabase_admin,service_role=X/supabase_admin
134561	public	gbt_int4_fetch	internal	internal	FUNCTION	i	false	supabase_admin		c	cb39e0dcda5770ba36430bbb44249afd	14	=X/supabase_admin,supabase_admin=X/supabase_admin,postgres=X/supabase_admin,anon=X/supabase_admin,authenticated=X/supabase_admin,service_role=X/supabase_admin
134562	public	gbt_int4_penalty	internal, internal, internal	internal	FUNCTION	i	false	supabase_admin		c	a34e57e9769fd251e1772b7994220353	16	=X/supabase_admin,supabase_admin=X/supabase_admin,postgres=X/supabase_admin,anon=X/supabase_admin,authenticated=X/supabase_admin,service_role=X/supabase_admin
134563	public	gbt_int4_picksplit	internal, internal	internal	FUNCTION	i	false	supabase_admin		c	6fa362382d3d9451e1491b74050a9c20	18	=X/supabase_admin,supabase_admin=X/supabase_admin,postgres=X/supabase_admin,anon=X/supabase_admin,authenticated=X/supabase_admin,service_role=X/supabase_admin
134565	public	gbt_int4_same	gbtreekey8, gbtreekey8, internal	internal	FUNCTION	i	false	supabase_admin		c	2a585782a2bc20b6bfd567258221758c	13	=X/supabase_admin,supabase_admin=X/supabase_admin,postgres=X/supabase_admin,anon=X/supabase_admin,authenticated=X/supabase_admin,service_role=X/supabase_admin
134564	public	gbt_int4_union	internal, internal	gbtreekey8	FUNCTION	i	false	supabase_admin		c	8fccc6d938f74efa14807469982f19b2	14	=X/supabase_admin,supabase_admin=X/supabase_admin,postgres=X/supabase_admin,anon=X/supabase_admin,authenticated=X/supabase_admin,service_role=X/supabase_admin
134586	public	gbt_int8_compress	internal	internal	FUNCTION	i	false	supabase_admin		c	b9e5b5783de00a79dffbf27b07e03ed0	17	=X/supabase_admin,supabase_admin=X/supabase_admin,postgres=X/supabase_admin,anon=X/supabase_admin,authenticated=X/supabase_admin,service_role=X/supabase_admin
134584	public	gbt_int8_consistent	internal, bigint, smallint, oid, internal	boolean	FUNCTION	i	false	supabase_admin		c	3dac7564f78804ec4d9b411ece64abd2	19	=X/supabase_admin,supabase_admin=X/supabase_admin,postgres=X/supabase_admin,anon=X/supabase_admin,authenticated=X/supabase_admin,service_role=X/supabase_admin
134585	public	gbt_int8_distance	internal, bigint, smallint, oid, internal	double precision	FUNCTION	i	false	supabase_admin		c	7e8e63d20ce39846dd3bbc795ae9a511	17	=X/supabase_admin,supabase_admin=X/supabase_admin,postgres=X/supabase_admin,anon=X/supabase_admin,authenticated=X/supabase_admin,service_role=X/supabase_admin
134587	public	gbt_int8_fetch	internal	internal	FUNCTION	i	false	supabase_admin		c	31061f1b43766b7ecb150d1b065b922d	14	=X/supabase_admin,supabase_admin=X/supabase_admin,postgres=X/supabase_admin,anon=X/supabase_admin,authenticated=X/supabase_admin,service_role=X/supabase_admin
134588	public	gbt_int8_penalty	internal, internal, internal	internal	FUNCTION	i	false	supabase_admin		c	87ad9c7cc77c999350aa4049f9d844e7	16	=X/supabase_admin,supabase_admin=X/supabase_admin,postgres=X/supabase_admin,anon=X/supabase_admin,authenticated=X/supabase_admin,service_role=X/supabase_admin
134589	public	gbt_int8_picksplit	internal, internal	internal	FUNCTION	i	false	supabase_admin		c	e97615b3945abc4affdfe70cc30d3000	18	=X/supabase_admin,supabase_admin=X/supabase_admin,postgres=X/supabase_admin,anon=X/supabase_admin,authenticated=X/supabase_admin,service_role=X/supabase_admin
134591	public	gbt_int8_same	gbtreekey16, gbtreekey16, internal	internal	FUNCTION	i	false	supabase_admin		c	58a769820465cc9ae86df9024ffc22d1	13	=X/supabase_admin,supabase_admin=X/supabase_admin,postgres=X/supabase_admin,anon=X/supabase_admin,authenticated=X/supabase_admin,service_role=X/supabase_admin
134590	public	gbt_int8_union	internal, internal	gbtreekey16	FUNCTION	i	false	supabase_admin		c	362fa638f5af4198e050aa1ce4f687b8	14	=X/supabase_admin,supabase_admin=X/supabase_admin,postgres=X/supabase_admin,anon=X/supabase_admin,authenticated=X/supabase_admin,service_role=X/supabase_admin
134780	public	gbt_intv_compress	internal	internal	FUNCTION	i	false	supabase_admin		c	9a8589b4e2cc55724cac0c1ee6a98412	17	=X/supabase_admin,supabase_admin=X/supabase_admin,postgres=X/supabase_admin,anon=X/supabase_admin,authenticated=X/supabase_admin,service_role=X/supabase_admin
134778	public	gbt_intv_consistent	internal, interval, smallint, oid, internal	boolean	FUNCTION	i	false	supabase_admin		c	5379c948b105caab4801943f1edc7ab8	19	=X/supabase_admin,supabase_admin=X/supabase_admin,postgres=X/supabase_admin,anon=X/supabase_admin,authenticated=X/supabase_admin,service_role=X/supabase_admin
134781	public	gbt_intv_decompress	internal	internal	FUNCTION	i	false	supabase_admin		c	c1c0144d6f29a2f82b1e403e67694b32	19	=X/supabase_admin,supabase_admin=X/supabase_admin,postgres=X/supabase_admin,anon=X/supabase_admin,authenticated=X/supabase_admin,service_role=X/supabase_admin
134779	public	gbt_intv_distance	internal, interval, smallint, oid, internal	double precision	FUNCTION	i	false	supabase_admin		c	404d22269730e4f26d0a41cd8592fe3a	17	=X/supabase_admin,supabase_admin=X/supabase_admin,postgres=X/supabase_admin,anon=X/supabase_admin,authenticated=X/supabase_admin,service_role=X/supabase_admin
134782	public	gbt_intv_fetch	internal	internal	FUNCTION	i	false	supabase_admin		c	89320ec81bfd80fddea68a211a1f08a2	14	=X/supabase_admin,supabase_admin=X/supabase_admin,postgres=X/supabase_admin,anon=X/supabase_admin,authenticated=X/supabase_admin,service_role=X/supabase_admin
134783	public	gbt_intv_penalty	internal, internal, internal	internal	FUNCTION	i	false	supabase_admin		c	f2294b33226b16ee6b19794ac509b308	16	=X/supabase_admin,supabase_admin=X/supabase_admin,postgres=X/supabase_admin,anon=X/supabase_admin,authenticated=X/supabase_admin,service_role=X/supabase_admin
134784	public	gbt_intv_picksplit	internal, internal	internal	FUNCTION	i	false	supabase_admin		c	3be6dd5b6b663313fed987fa6fb25488	18	=X/supabase_admin,supabase_admin=X/supabase_admin,postgres=X/supabase_admin,anon=X/supabase_admin,authenticated=X/supabase_admin,service_role=X/supabase_admin
134786	public	gbt_intv_same	gbtreekey32, gbtreekey32, internal	internal	FUNCTION	i	false	supabase_admin		c	f671a03d1f498710d2f694f23c0e0a9f	13	=X/supabase_admin,supabase_admin=X/supabase_admin,postgres=X/supabase_admin,anon=X/supabase_admin,authenticated=X/supabase_admin,service_role=X/supabase_admin
134785	public	gbt_intv_union	internal, internal	gbtreekey32	FUNCTION	i	false	supabase_admin		c	45dd1efa1f158aab55d113763accc95e	14	=X/supabase_admin,supabase_admin=X/supabase_admin,postgres=X/supabase_admin,anon=X/supabase_admin,authenticated=X/supabase_admin,service_role=X/supabase_admin
135036	public	gbt_macad8_compress	internal	internal	FUNCTION	i	false	supabase_admin		c	fe1606b464ed4be2a9d8601f3839dc9c	19	=X/supabase_admin,supabase_admin=X/supabase_admin,postgres=X/supabase_admin,anon=X/supabase_admin,authenticated=X/supabase_admin,service_role=X/supabase_admin
135035	public	gbt_macad8_consistent	internal, macaddr8, smallint, oid, internal	boolean	FUNCTION	i	false	supabase_admin		c	48c35c7954feadbb811ed754da6c32c1	21	=X/supabase_admin,supabase_admin=X/supabase_admin,postgres=X/supabase_admin,anon=X/supabase_admin,authenticated=X/supabase_admin,service_role=X/supabase_admin
135037	public	gbt_macad8_fetch	internal	internal	FUNCTION	i	false	supabase_admin		c	b8c0246bc124d763d5f26a3ee92a74bc	16	=X/supabase_admin,supabase_admin=X/supabase_admin,postgres=X/supabase_admin,anon=X/supabase_admin,authenticated=X/supabase_admin,service_role=X/supabase_admin
135038	public	gbt_macad8_penalty	internal, internal, internal	internal	FUNCTION	i	false	supabase_admin		c	6b41d25d0f422201aa7c56fc051b8e31	18	=X/supabase_admin,supabase_admin=X/supabase_admin,postgres=X/supabase_admin,anon=X/supabase_admin,authenticated=X/supabase_admin,service_role=X/supabase_admin
135039	public	gbt_macad8_picksplit	internal, internal	internal	FUNCTION	i	false	supabase_admin		c	66eafaf0d97829e0736c8921846c4af3	20	=X/supabase_admin,supabase_admin=X/supabase_admin,postgres=X/supabase_admin,anon=X/supabase_admin,authenticated=X/supabase_admin,service_role=X/supabase_admin
135041	public	gbt_macad8_same	gbtreekey16, gbtreekey16, internal	internal	FUNCTION	i	false	supabase_admin		c	ee8c2cb89bd2e65104c1a7a6370bac86	15	=X/supabase_admin,supabase_admin=X/supabase_admin,postgres=X/supabase_admin,anon=X/supabase_admin,authenticated=X/supabase_admin,service_role=X/supabase_admin
135040	public	gbt_macad8_union	internal, internal	gbtreekey16	FUNCTION	i	false	supabase_admin		c	d07e39b9753a0c5921884548c6793b34	16	=X/supabase_admin,supabase_admin=X/supabase_admin,postgres=X/supabase_admin,anon=X/supabase_admin,authenticated=X/supabase_admin,service_role=X/supabase_admin
134832	public	gbt_macad_compress	internal	internal	FUNCTION	i	false	supabase_admin		c	b191fc3b60d3dc01264fa6a8d828864c	18	=X/supabase_admin,supabase_admin=X/supabase_admin,postgres=X/supabase_admin,anon=X/supabase_admin,authenticated=X/supabase_admin,service_role=X/supabase_admin
134831	public	gbt_macad_consistent	internal, macaddr, smallint, oid, internal	boolean	FUNCTION	i	false	supabase_admin		c	9289e2dd70888364a9129e1937658fc8	20	=X/supabase_admin,supabase_admin=X/supabase_admin,postgres=X/supabase_admin,anon=X/supabase_admin,authenticated=X/supabase_admin,service_role=X/supabase_admin
134833	public	gbt_macad_fetch	internal	internal	FUNCTION	i	false	supabase_admin		c	3a4f4e43d9ce682eb4cae6b8a16ac2dc	15	=X/supabase_admin,supabase_admin=X/supabase_admin,postgres=X/supabase_admin,anon=X/supabase_admin,authenticated=X/supabase_admin,service_role=X/supabase_admin
134834	public	gbt_macad_penalty	internal, internal, internal	internal	FUNCTION	i	false	supabase_admin		c	2352699ee4110772db7e487c9c6b3438	17	=X/supabase_admin,supabase_admin=X/supabase_admin,postgres=X/supabase_admin,anon=X/supabase_admin,authenticated=X/supabase_admin,service_role=X/supabase_admin
134835	public	gbt_macad_picksplit	internal, internal	internal	FUNCTION	i	false	supabase_admin		c	04abbe5c1801e67fc1a151a7d1984999	19	=X/supabase_admin,supabase_admin=X/supabase_admin,postgres=X/supabase_admin,anon=X/supabase_admin,authenticated=X/supabase_admin,service_role=X/supabase_admin
134837	public	gbt_macad_same	gbtreekey16, gbtreekey16, internal	internal	FUNCTION	i	false	supabase_admin		c	b217d4c6a823df47625536138448273f	14	=X/supabase_admin,supabase_admin=X/supabase_admin,postgres=X/supabase_admin,anon=X/supabase_admin,authenticated=X/supabase_admin,service_role=X/supabase_admin
134836	public	gbt_macad_union	internal, internal	gbtreekey16	FUNCTION	i	false	supabase_admin		c	ccba960f35f78c345ca4a953f427c813	15	=X/supabase_admin,supabase_admin=X/supabase_admin,postgres=X/supabase_admin,anon=X/supabase_admin,authenticated=X/supabase_admin,service_role=X/supabase_admin
134917	public	gbt_numeric_compress	internal	internal	FUNCTION	i	false	supabase_admin		c	aa51b3d81aceac64864832252955940c	20	=X/supabase_admin,supabase_admin=X/supabase_admin,postgres=X/supabase_admin,anon=X/supabase_admin,authenticated=X/supabase_admin,service_role=X/supabase_admin
134916	public	gbt_numeric_consistent	internal, numeric, smallint, oid, internal	boolean	FUNCTION	i	false	supabase_admin		c	c03c52fb01c0c4692f3692ff1bacc686	22	=X/supabase_admin,supabase_admin=X/supabase_admin,postgres=X/supabase_admin,anon=X/supabase_admin,authenticated=X/supabase_admin,service_role=X/supabase_admin
134918	public	gbt_numeric_penalty	internal, internal, internal	internal	FUNCTION	i	false	supabase_admin		c	d6d70b66647ff91894c8b92bba813db8	19	=X/supabase_admin,supabase_admin=X/supabase_admin,postgres=X/supabase_admin,anon=X/supabase_admin,authenticated=X/supabase_admin,service_role=X/supabase_admin
134919	public	gbt_numeric_picksplit	internal, internal	internal	FUNCTION	i	false	supabase_admin		c	d76fd72bc92c9b1ef60d1de21ec9e796	21	=X/supabase_admin,supabase_admin=X/supabase_admin,postgres=X/supabase_admin,anon=X/supabase_admin,authenticated=X/supabase_admin,service_role=X/supabase_admin
134921	public	gbt_numeric_same	gbtreekey_var, gbtreekey_var, internal	internal	FUNCTION	i	false	supabase_admin		c	7f24092a2ba000517ad37cc6517baf1c	16	=X/supabase_admin,supabase_admin=X/supabase_admin,postgres=X/supabase_admin,anon=X/supabase_admin,authenticated=X/supabase_admin,service_role=X/supabase_admin
134920	public	gbt_numeric_union	internal, internal	gbtreekey_var	FUNCTION	i	false	supabase_admin		c	d314f0eced439e90045699aa17861e03	17	=X/supabase_admin,supabase_admin=X/supabase_admin,postgres=X/supabase_admin,anon=X/supabase_admin,authenticated=X/supabase_admin,service_role=X/supabase_admin
134506	public	gbt_oid_compress	internal	internal	FUNCTION	i	false	supabase_admin		c	732afaf305d4f417c4cf5db0c3bc0f23	16	=X/supabase_admin,supabase_admin=X/supabase_admin,postgres=X/supabase_admin,anon=X/supabase_admin,authenticated=X/supabase_admin,service_role=X/supabase_admin
134503	public	gbt_oid_consistent	internal, oid, smallint, oid, internal	boolean	FUNCTION	i	false	supabase_admin		c	dd55203bb053d894f332ab32cd797e81	18	=X/supabase_admin,supabase_admin=X/supabase_admin,postgres=X/supabase_admin,anon=X/supabase_admin,authenticated=X/supabase_admin,service_role=X/supabase_admin
134504	public	gbt_oid_distance	internal, oid, smallint, oid, internal	double precision	FUNCTION	i	false	supabase_admin		c	e1605f622b9c0c4353c304a66189e79b	16	=X/supabase_admin,supabase_admin=X/supabase_admin,postgres=X/supabase_admin,anon=X/supabase_admin,authenticated=X/supabase_admin,service_role=X/supabase_admin
134505	public	gbt_oid_fetch	internal	internal	FUNCTION	i	false	supabase_admin		c	b170eb7f24d67b67a728326d4b01cb10	13	=X/supabase_admin,supabase_admin=X/supabase_admin,postgres=X/supabase_admin,anon=X/supabase_admin,authenticated=X/supabase_admin,service_role=X/supabase_admin
134510	public	gbt_oid_penalty	internal, internal, internal	internal	FUNCTION	i	false	supabase_admin		c	bcd9cb9619f4e8e465119557e028dd3f	15	=X/supabase_admin,supabase_admin=X/supabase_admin,postgres=X/supabase_admin,anon=X/supabase_admin,authenticated=X/supabase_admin,service_role=X/supabase_admin
134511	public	gbt_oid_picksplit	internal, internal	internal	FUNCTION	i	false	supabase_admin		c	9d59d62bf218671c206c5a0fc99e8d03	17	=X/supabase_admin,supabase_admin=X/supabase_admin,postgres=X/supabase_admin,anon=X/supabase_admin,authenticated=X/supabase_admin,service_role=X/supabase_admin
134513	public	gbt_oid_same	gbtreekey8, gbtreekey8, internal	internal	FUNCTION	i	false	supabase_admin		c	b7439f5acbfc90da616f215b5fa98492	12	=X/supabase_admin,supabase_admin=X/supabase_admin,postgres=X/supabase_admin,anon=X/supabase_admin,authenticated=X/supabase_admin,service_role=X/supabase_admin
134512	public	gbt_oid_union	internal, internal	gbtreekey8	FUNCTION	i	false	supabase_admin		c	5757cea442b4a6568875ead13deb3a90	13	=X/supabase_admin,supabase_admin=X/supabase_admin,postgres=X/supabase_admin,anon=X/supabase_admin,authenticated=X/supabase_admin,service_role=X/supabase_admin
134856	public	gbt_text_compress	internal	internal	FUNCTION	i	false	supabase_admin		c	4cafb50ad59a6445a0213258445908b8	17	=X/supabase_admin,supabase_admin=X/supabase_admin,postgres=X/supabase_admin,anon=X/supabase_admin,authenticated=X/supabase_admin,service_role=X/supabase_admin
134854	public	gbt_text_consistent	internal, text, smallint, oid, internal	boolean	FUNCTION	i	false	supabase_admin		c	d701781f1989c1575390902d0620b167	19	=X/supabase_admin,supabase_admin=X/supabase_admin,postgres=X/supabase_admin,anon=X/supabase_admin,authenticated=X/supabase_admin,service_role=X/supabase_admin
134858	public	gbt_text_penalty	internal, internal, internal	internal	FUNCTION	i	false	supabase_admin		c	aebd195b135207e27deffdbc4b945f3d	16	=X/supabase_admin,supabase_admin=X/supabase_admin,postgres=X/supabase_admin,anon=X/supabase_admin,authenticated=X/supabase_admin,service_role=X/supabase_admin
134859	public	gbt_text_picksplit	internal, internal	internal	FUNCTION	i	false	supabase_admin		c	7aac3bbbb28ef023d28fd70171d46ecd	18	=X/supabase_admin,supabase_admin=X/supabase_admin,postgres=X/supabase_admin,anon=X/supabase_admin,authenticated=X/supabase_admin,service_role=X/supabase_admin
134861	public	gbt_text_same	gbtreekey_var, gbtreekey_var, internal	internal	FUNCTION	i	false	supabase_admin		c	f6b593c2141e882e2fd3768e228ad1bf	13	=X/supabase_admin,supabase_admin=X/supabase_admin,postgres=X/supabase_admin,anon=X/supabase_admin,authenticated=X/supabase_admin,service_role=X/supabase_admin
134860	public	gbt_text_union	internal, internal	gbtreekey_var	FUNCTION	i	false	supabase_admin		c	3b98d44d8eed7b1635f7649998a1c601	14	=X/supabase_admin,supabase_admin=X/supabase_admin,postgres=X/supabase_admin,anon=X/supabase_admin,authenticated=X/supabase_admin,service_role=X/supabase_admin
134712	public	gbt_time_compress	internal	internal	FUNCTION	i	false	supabase_admin		c	47f6f6d7321b4278b3c82a93a42e0720	17	=X/supabase_admin,supabase_admin=X/supabase_admin,postgres=X/supabase_admin,anon=X/supabase_admin,authenticated=X/supabase_admin,service_role=X/supabase_admin
134709	public	gbt_time_consistent	internal, time without time zone, smallint, oid, internal	boolean	FUNCTION	i	false	supabase_admin		c	ed8a5c9ea5d5439d44e7e5b727f34730	19	=X/supabase_admin,supabase_admin=X/supabase_admin,postgres=X/supabase_admin,anon=X/supabase_admin,authenticated=X/supabase_admin,service_role=X/supabase_admin
134710	public	gbt_time_distance	internal, time without time zone, smallint, oid, internal	double precision	FUNCTION	i	false	supabase_admin		c	91afb765291ff3114b8a770aed366894	17	=X/supabase_admin,supabase_admin=X/supabase_admin,postgres=X/supabase_admin,anon=X/supabase_admin,authenticated=X/supabase_admin,service_role=X/supabase_admin
134714	public	gbt_time_fetch	internal	internal	FUNCTION	i	false	supabase_admin		c	d09f1e07aeb92ae2e077e62801258b75	14	=X/supabase_admin,supabase_admin=X/supabase_admin,postgres=X/supabase_admin,anon=X/supabase_admin,authenticated=X/supabase_admin,service_role=X/supabase_admin
134715	public	gbt_time_penalty	internal, internal, internal	internal	FUNCTION	i	false	supabase_admin		c	5200b734bedfcf514557aa8c3d102309	16	=X/supabase_admin,supabase_admin=X/supabase_admin,postgres=X/supabase_admin,anon=X/supabase_admin,authenticated=X/supabase_admin,service_role=X/supabase_admin
134716	public	gbt_time_picksplit	internal, internal	internal	FUNCTION	i	false	supabase_admin		c	c459b1a98952cb87dbe9dc21e7dfdfa9	18	=X/supabase_admin,supabase_admin=X/supabase_admin,postgres=X/supabase_admin,anon=X/supabase_admin,authenticated=X/supabase_admin,service_role=X/supabase_admin
134718	public	gbt_time_same	gbtreekey16, gbtreekey16, internal	internal	FUNCTION	i	false	supabase_admin		c	3cb63778b4e4c2cbc7c2f3126198aeaa	13	=X/supabase_admin,supabase_admin=X/supabase_admin,postgres=X/supabase_admin,anon=X/supabase_admin,authenticated=X/supabase_admin,service_role=X/supabase_admin
134717	public	gbt_time_union	internal, internal	gbtreekey16	FUNCTION	i	false	supabase_admin		c	7d3e359536aa378a5bc4a9d59c48caa7	14	=X/supabase_admin,supabase_admin=X/supabase_admin,postgres=X/supabase_admin,anon=X/supabase_admin,authenticated=X/supabase_admin,service_role=X/supabase_admin
134713	public	gbt_timetz_compress	internal	internal	FUNCTION	i	false	supabase_admin		c	5bb7fc668c1beac4d39297f3b0e52881	19	=X/supabase_admin,supabase_admin=X/supabase_admin,postgres=X/supabase_admin,anon=X/supabase_admin,authenticated=X/supabase_admin,service_role=X/supabase_admin
134711	public	gbt_timetz_consistent	internal, time with time zone, smallint, oid, internal	boolean	FUNCTION	i	false	supabase_admin		c	4adebfd6169cf3aa4c847bc6f90e2a73	21	=X/supabase_admin,supabase_admin=X/supabase_admin,postgres=X/supabase_admin,anon=X/supabase_admin,authenticated=X/supabase_admin,service_role=X/supabase_admin
134666	public	gbt_ts_compress	internal	internal	FUNCTION	i	false	supabase_admin		c	57340326372754a66f0a76ec89ca65c7	15	=X/supabase_admin,supabase_admin=X/supabase_admin,postgres=X/supabase_admin,anon=X/supabase_admin,authenticated=X/supabase_admin,service_role=X/supabase_admin
134662	public	gbt_ts_consistent	internal, timestamp without time zone, smallint, oid, internal	boolean	FUNCTION	i	false	supabase_admin		c	129c868da7e3c4a0491e70b514f3753b	17	=X/supabase_admin,supabase_admin=X/supabase_admin,postgres=X/supabase_admin,anon=X/supabase_admin,authenticated=X/supabase_admin,service_role=X/supabase_admin
134663	public	gbt_ts_distance	internal, timestamp without time zone, smallint, oid, internal	double precision	FUNCTION	i	false	supabase_admin		c	db22dca96984ecb19d93162a70524054	15	=X/supabase_admin,supabase_admin=X/supabase_admin,postgres=X/supabase_admin,anon=X/supabase_admin,authenticated=X/supabase_admin,service_role=X/supabase_admin
134668	public	gbt_ts_fetch	internal	internal	FUNCTION	i	false	supabase_admin		c	55cb8087a37875a63f866a2123a8cbd5	12	=X/supabase_admin,supabase_admin=X/supabase_admin,postgres=X/supabase_admin,anon=X/supabase_admin,authenticated=X/supabase_admin,service_role=X/supabase_admin
134669	public	gbt_ts_penalty	internal, internal, internal	internal	FUNCTION	i	false	supabase_admin		c	20c2a7e75a2240d7889f8680b81520b0	14	=X/supabase_admin,supabase_admin=X/supabase_admin,postgres=X/supabase_admin,anon=X/supabase_admin,authenticated=X/supabase_admin,service_role=X/supabase_admin
134670	public	gbt_ts_picksplit	internal, internal	internal	FUNCTION	i	false	supabase_admin		c	8eabcb6214a15cbb4f4a1cee4fcc2765	16	=X/supabase_admin,supabase_admin=X/supabase_admin,postgres=X/supabase_admin,anon=X/supabase_admin,authenticated=X/supabase_admin,service_role=X/supabase_admin
134672	public	gbt_ts_same	gbtreekey16, gbtreekey16, internal	internal	FUNCTION	i	false	supabase_admin		c	f428ee7a3856b80d203b6a0c2cc6ab0c	11	=X/supabase_admin,supabase_admin=X/supabase_admin,postgres=X/supabase_admin,anon=X/supabase_admin,authenticated=X/supabase_admin,service_role=X/supabase_admin
134671	public	gbt_ts_union	internal, internal	gbtreekey16	FUNCTION	i	false	supabase_admin		c	1e726d3c09e7272724fd08b39df8d1e4	12	=X/supabase_admin,supabase_admin=X/supabase_admin,postgres=X/supabase_admin,anon=X/supabase_admin,authenticated=X/supabase_admin,service_role=X/supabase_admin
134667	public	gbt_tstz_compress	internal	internal	FUNCTION	i	false	supabase_admin		c	ab22f6df5d528becaebbdece5ee66ec1	17	=X/supabase_admin,supabase_admin=X/supabase_admin,postgres=X/supabase_admin,anon=X/supabase_admin,authenticated=X/supabase_admin,service_role=X/supabase_admin
134664	public	gbt_tstz_consistent	internal, timestamp with time zone, smallint, oid, internal	boolean	FUNCTION	i	false	supabase_admin		c	b8861ab86f918b9644795bb07ca5f469	19	=X/supabase_admin,supabase_admin=X/supabase_admin,postgres=X/supabase_admin,anon=X/supabase_admin,authenticated=X/supabase_admin,service_role=X/supabase_admin
134665	public	gbt_tstz_distance	internal, timestamp with time zone, smallint, oid, internal	double precision	FUNCTION	i	false	supabase_admin		c	1d6585dd2397d6d2697a2e3e0c83208f	17	=X/supabase_admin,supabase_admin=X/supabase_admin,postgres=X/supabase_admin,anon=X/supabase_admin,authenticated=X/supabase_admin,service_role=X/supabase_admin
135014	public	gbt_uuid_compress	internal	internal	FUNCTION	i	false	supabase_admin		c	62f971abeadf3003a07c50230a501348	17	=X/supabase_admin,supabase_admin=X/supabase_admin,postgres=X/supabase_admin,anon=X/supabase_admin,authenticated=X/supabase_admin,service_role=X/supabase_admin
135012	public	gbt_uuid_consistent	internal, uuid, smallint, oid, internal	boolean	FUNCTION	i	false	supabase_admin		c	d7531ebad1116a09e0a44640cb312938	19	=X/supabase_admin,supabase_admin=X/supabase_admin,postgres=X/supabase_admin,anon=X/supabase_admin,authenticated=X/supabase_admin,service_role=X/supabase_admin
135013	public	gbt_uuid_fetch	internal	internal	FUNCTION	i	false	supabase_admin		c	277131c172b9b34dd2e34bd633f2b7ef	14	=X/supabase_admin,supabase_admin=X/supabase_admin,postgres=X/supabase_admin,anon=X/supabase_admin,authenticated=X/supabase_admin,service_role=X/supabase_admin
135015	public	gbt_uuid_penalty	internal, internal, internal	internal	FUNCTION	i	false	supabase_admin		c	a517fd8d68c0acf48fe815e120674626	16	=X/supabase_admin,supabase_admin=X/supabase_admin,postgres=X/supabase_admin,anon=X/supabase_admin,authenticated=X/supabase_admin,service_role=X/supabase_admin
135016	public	gbt_uuid_picksplit	internal, internal	internal	FUNCTION	i	false	supabase_admin		c	6959e67d7b34dcdf17784dcbd26c3190	18	=X/supabase_admin,supabase_admin=X/supabase_admin,postgres=X/supabase_admin,anon=X/supabase_admin,authenticated=X/supabase_admin,service_role=X/supabase_admin
135018	public	gbt_uuid_same	gbtreekey32, gbtreekey32, internal	internal	FUNCTION	i	false	supabase_admin		c	a2fdf27ab5acd04fd9fc85408bdb53ec	13	=X/supabase_admin,supabase_admin=X/supabase_admin,postgres=X/supabase_admin,anon=X/supabase_admin,authenticated=X/supabase_admin,service_role=X/supabase_admin
135017	public	gbt_uuid_union	internal, internal	gbtreekey32	FUNCTION	i	false	supabase_admin		c	02942dd56299bb968daec39032b51cd4	14	=X/supabase_admin,supabase_admin=X/supabase_admin,postgres=X/supabase_admin,anon=X/supabase_admin,authenticated=X/supabase_admin,service_role=X/supabase_admin
134508	public	gbt_var_decompress	internal	internal	FUNCTION	i	false	supabase_admin		c	ccb6a57b982d2f25ac531bc2d0a83bb1	18	=X/supabase_admin,supabase_admin=X/supabase_admin,postgres=X/supabase_admin,anon=X/supabase_admin,authenticated=X/supabase_admin,service_role=X/supabase_admin
134509	public	gbt_var_fetch	internal	internal	FUNCTION	i	false	supabase_admin		c	0574356c843636b49182bc6047dce549	13	=X/supabase_admin,supabase_admin=X/supabase_admin,postgres=X/supabase_admin,anon=X/supabase_admin,authenticated=X/supabase_admin,service_role=X/supabase_admin
134468	public	gbtreekey16_in	cstring	gbtreekey16	FUNCTION	i	false	supabase_admin		c	3ae07a716761d2fb692f9b07efc1e53e	12	=X/supabase_admin,supabase_admin=X/supabase_admin,postgres=X/supabase_admin,anon=X/supabase_admin,authenticated=X/supabase_admin,service_role=X/supabase_admin
134469	public	gbtreekey16_out	gbtreekey16	cstring	FUNCTION	i	false	supabase_admin		c	6712805062db109a94ce544bbe7067cc	13	=X/supabase_admin,supabase_admin=X/supabase_admin,postgres=X/supabase_admin,anon=X/supabase_admin,authenticated=X/supabase_admin,service_role=X/supabase_admin
135082	public	gbtreekey2_in	cstring	gbtreekey2	FUNCTION	i	false	supabase_admin		c	3ae07a716761d2fb692f9b07efc1e53e	12	=X/supabase_admin,supabase_admin=X/supabase_admin,postgres=X/supabase_admin,anon=X/supabase_admin,authenticated=X/supabase_admin,service_role=X/supabase_admin
135083	public	gbtreekey2_out	gbtreekey2	cstring	FUNCTION	i	false	supabase_admin		c	6712805062db109a94ce544bbe7067cc	13	=X/supabase_admin,supabase_admin=X/supabase_admin,postgres=X/supabase_admin,anon=X/supabase_admin,authenticated=X/supabase_admin,service_role=X/supabase_admin
134472	public	gbtreekey32_in	cstring	gbtreekey32	FUNCTION	i	false	supabase_admin		c	3ae07a716761d2fb692f9b07efc1e53e	12	=X/supabase_admin,supabase_admin=X/supabase_admin,postgres=X/supabase_admin,anon=X/supabase_admin,authenticated=X/supabase_admin,service_role=X/supabase_admin
134473	public	gbtreekey32_out	gbtreekey32	cstring	FUNCTION	i	false	supabase_admin		c	6712805062db109a94ce544bbe7067cc	13	=X/supabase_admin,supabase_admin=X/supabase_admin,postgres=X/supabase_admin,anon=X/supabase_admin,authenticated=X/supabase_admin,service_role=X/supabase_admin
134460	public	gbtreekey4_in	cstring	gbtreekey4	FUNCTION	i	false	supabase_admin		c	3ae07a716761d2fb692f9b07efc1e53e	12	=X/supabase_admin,supabase_admin=X/supabase_admin,postgres=X/supabase_admin,anon=X/supabase_admin,authenticated=X/supabase_admin,service_role=X/supabase_admin
134461	public	gbtreekey4_out	gbtreekey4	cstring	FUNCTION	i	false	supabase_admin		c	6712805062db109a94ce544bbe7067cc	13	=X/supabase_admin,supabase_admin=X/supabase_admin,postgres=X/supabase_admin,anon=X/supabase_admin,authenticated=X/supabase_admin,service_role=X/supabase_admin
134464	public	gbtreekey8_in	cstring	gbtreekey8	FUNCTION	i	false	supabase_admin		c	3ae07a716761d2fb692f9b07efc1e53e	12	=X/supabase_admin,supabase_admin=X/supabase_admin,postgres=X/supabase_admin,anon=X/supabase_admin,authenticated=X/supabase_admin,service_role=X/supabase_admin
134465	public	gbtreekey8_out	gbtreekey8	cstring	FUNCTION	i	false	supabase_admin		c	6712805062db109a94ce544bbe7067cc	13	=X/supabase_admin,supabase_admin=X/supabase_admin,postgres=X/supabase_admin,anon=X/supabase_admin,authenticated=X/supabase_admin,service_role=X/supabase_admin
134476	public	gbtreekey_var_in	cstring	gbtreekey_var	FUNCTION	i	false	supabase_admin		c	3ae07a716761d2fb692f9b07efc1e53e	12	=X/supabase_admin,supabase_admin=X/supabase_admin,postgres=X/supabase_admin,anon=X/supabase_admin,authenticated=X/supabase_admin,service_role=X/supabase_admin
134477	public	gbtreekey_var_out	gbtreekey_var	cstring	FUNCTION	i	false	supabase_admin		c	6712805062db109a94ce544bbe7067cc	13	=X/supabase_admin,supabase_admin=X/supabase_admin,postgres=X/supabase_admin,anon=X/supabase_admin,authenticated=X/supabase_admin,service_role=X/supabase_admin
137812	public	generate_bulk_confirmation_token	p_store_ids uuid[], p_action text, p_user_id uuid	text	FUNCTION	v	true	postgres	search_path=public	plpgsql	d2047bda7ff1c278ea655d6a1dd01158	1212	postgres=X/postgres,service_role=X/postgres
137813	public	generate_bulk_override_token	p_confirmation_token text, p_override_user_id uuid, p_reason text	text	FUNCTION	v	true	postgres	search_path=public	plpgsql	ac4682362f7c1fde6fb7a3ad40c630d1	2177	postgres=X/postgres,service_role=X/postgres
137574	public	generate_confirmation_token	p_session_id uuid	text	FUNCTION	v	true	postgres	search_path=public	plpgsql	d59c40988daf61098968bc0b7398c19b	861	postgres=X/postgres,service_role=X/postgres
142598	public	generate_internal_barcode		text	FUNCTION	v	true	postgres	search_path=public, pg_temp	plpgsql	2bc7b177d042f4a825a6c378f34ad0b9	373	postgres=X/postgres,service_role=X/postgres
20172	public	generate_inventory_snapshot	p_store_id uuid	void	FUNCTION	v	true	postgres	search_path=public, extensions	plpgsql	b25a3995e19ceb8937fb8e7448f072ad	208	postgres=X/postgres,service_role=X/postgres
134328	public	generate_production_order_number		trigger	FUNCTION	v	false	postgres		plpgsql	209220c0ccd0b12cdcde7c6095bf0fa3	256	postgres=X/postgres,authenticated=X/postgres,service_role=X/postgres
131405	public	get_ai_api_key	p_user_id uuid, p_provider text	text	FUNCTION	v	true	postgres	search_path=public, extensions	plpgsql	2002b9e6ee55070e254d9d9338b920bf	547	postgres=X/postgres,service_role=X/postgres
48498	public	get_audit_logs	p_store_id uuid, p_search_term text, p_date_from timestamp without time zone, p_date_to timestamp without time zone, p_limit integer	TABLE(id uuid, created_at timestamp with time zone, user_id uuid, action text, table_name text, record_id text, old_data jsonb, new_data jsonb, metadata jsonb, store_id uuid, store_name text, profile jsonb)	FUNCTION	v	true	postgres	search_path=public, extensions	plpgsql	f93ce9494a16d05f2b98ff6bcad9c5c1	20247	postgres=X/postgres,authenticated=X/postgres,service_role=X/postgres
137493	public	get_available_stock	p_store_id uuid, p_product_id uuid	jsonb	FUNCTION	s	true	postgres	search_path=public	plpgsql	24dd2f22ea845ee6669c075ca57a64bd	694	postgres=X/postgres,service_role=X/postgres
137559	public	get_backup_table_list	p_include_excluded boolean	TABLE(table_name text, tier integer, filter_strategy text, parent_table text, parent_foreign_key text, date_column text, excluded_from_restore boolean, exclude_reason text)	FUNCTION	v	true	postgres	search_path=public	sql	a61a29e31dcdb4cfdb1ce2062157c13d	297	postgres=X/postgres,authenticated=X/postgres,service_role=X/postgres
131903	public	get_batch_store_daily_kpis	p_store_ids uuid[], p_date date	TABLE(store_id uuid, today_sales numeric, today_transactions bigint, low_stock_count bigint, pending_transfers_out bigint, pending_receptions bigint, visible_products bigint)	FUNCTION	s	true	postgres	search_path=public	plpgsql	2b2c8e871a23e36e38886e629595e5a4	2599	postgres=X/postgres,authenticated=X/postgres,service_role=X/postgres
130869	public	get_cash_closures	p_store_id uuid, p_date_from date, p_date_to date, p_limit integer	jsonb	FUNCTION	v	true	postgres	search_path=public, pg_temp	plpgsql	e9fd38d0729efd58285f5f55a9f0a37a	854	postgres=X/postgres,authenticated=X/postgres,service_role=X/postgres
137379	public	get_cash_report	p_store_id uuid, p_start_date timestamp with time zone, p_end_date timestamp with time zone, p_include_all_dates boolean	json	FUNCTION	v	false	postgres		plpgsql	18b7302ed3866de23ff460bb87e0f680	4271	postgres=X/postgres,authenticated=X/postgres,service_role=X/postgres
33592	public	get_current_user_store_id		uuid	FUNCTION	s	true	postgres	search_path=public, extensions	plpgsql	6c8c48f9d7b32c67837635b9e2ee347b	57	postgres=X/postgres,authenticated=X/postgres,service_role=X/postgres
130872	public	get_daily_expenses_aggregated	p_store_id uuid, p_date_from date, p_date_to date, p_limit integer	jsonb	FUNCTION	v	true	postgres	search_path=public, pg_temp	plpgsql	07d8512daa61837dd7a493adf5ae693a	554	postgres=X/postgres,authenticated=X/postgres,service_role=X/postgres
130871	public	get_daily_income_aggregated	p_store_id uuid, p_date_from timestamp with time zone, p_date_to timestamp with time zone, p_limit integer	jsonb	FUNCTION	v	true	postgres	search_path=public, pg_temp	plpgsql	d7a5d075b276dbb8dd998f65ce33a5d4	572	postgres=X/postgres,authenticated=X/postgres,service_role=X/postgres
51374	public	get_dashboard_kpis	p_store_id uuid, p_date_from timestamp with time zone, p_date_to timestamp with time zone	TABLE(total_sales numeric, total_cost numeric, total_profit numeric, transaction_count bigint, avg_ticket numeric, total_cash numeric, total_card numeric)	FUNCTION	v	false	postgres	search_path=public, extensions	plpgsql	f7ec1096ff41d07e2a7af6406540074a	2034	postgres=X/postgres,authenticated=X/postgres,service_role=X/postgres
132485	public	get_global_max_operation_date	p_store_id uuid	timestamp with time zone	FUNCTION	v	true	postgres	search_path=public	sql	bcf22693fd3e66480110e33a467f5c51	115	postgres=X/postgres,authenticated=X/postgres,service_role=X/postgres
28149	public	get_inventory_report	p_from_date timestamp with time zone, p_to_date timestamp with time zone	TABLE(product_id uuid, product_name text, sku text, current_stock integer, total_inputs bigint, total_outputs bigint, sale_price numeric, cost_price numeric, total_sale_amount numeric, total_cost_amount numeric, profit numeric)	FUNCTION	v	true	postgres	search_path=public, extensions	plpgsql	1df805cf94f6665d84c487a85355f444	1480	postgres=X/postgres,service_role=X/postgres
28171	public	get_inventory_report	p_store_id uuid, p_from_date timestamp with time zone, p_to_date timestamp with time zone	TABLE(product_id uuid, product_name text, sku text, current_stock numeric, total_inputs numeric, total_outputs numeric, sale_price numeric, cost_price numeric, total_sale_amount numeric, total_cost_amount numeric, profit numeric)	FUNCTION	v	true	postgres	search_path=public, extensions	plpgsql	7fd7706c6fb8ca2aa88377da3fc3a931	1839	postgres=X/postgres,service_role=X/postgres
28152	public	get_inventory_with_costs	p_store_id uuid	TABLE(id uuid, name text, sku text, category text, quantity numeric, cost_price numeric, selling_price numeric, total_cost numeric, profit_per_unit numeric, image_url text)	FUNCTION	v	true	postgres	search_path=public, extensions	plpgsql	d3b284b7417fe3b12aaaa7416c4b2ad9	658	postgres=X/postgres,service_role=X/postgres
133402	public	get_low_stock_count	p_store_id uuid	bigint	FUNCTION	v	true	postgres	search_path=public	sql	234151e02bb41dafc4066fed737f8bbd	257	postgres=X/postgres,authenticated=X/postgres,service_role=X/postgres
47075	public	get_my_role		text	FUNCTION	v	true	postgres	search_path=public, extensions	plpgsql	80f57711b48479b855bc1f0ccfc120af	239	postgres=X/postgres,authenticated=X/postgres,service_role=X/postgres
23014	public	get_my_sales	p_search_query text, p_status text, p_date_from timestamp with time zone, p_date_to timestamp with time zone, p_min_amount numeric, p_max_amount numeric, p_sort_column text, p_sort_direction text, p_limit integer, p_offset integer	TABLE(id uuid, created_at timestamp with time zone, status text, total_amount numeric, total_count bigint, total_amount_sum numeric)	FUNCTION	v	true	postgres	search_path=public, extensions	plpgsql	a70a6120c82368a2897bc1baf4460811	1832	postgres=X/postgres,service_role=X/postgres
28159	public	get_my_sales	p_search_query text, p_status text, p_payment_method text, p_date_from timestamp with time zone, p_date_to timestamp with time zone, p_min_amount numeric, p_max_amount numeric, p_sort_column text, p_sort_direction text, p_limit integer, p_offset integer	TABLE(id uuid, created_at timestamp with time zone, status text, payment_method text, total_amount numeric, total_count bigint, total_amount_sum numeric)	FUNCTION	v	true	postgres	search_path=public, extensions	plpgsql	97b0b8ef904b34390245244df512fa9f	1955	postgres=X/postgres,service_role=X/postgres
28160	public	get_my_sales_summary	p_period text	TABLE(total_billed numeric, transaction_count bigint, average_ticket numeric, total_cash numeric, total_transfer numeric)	FUNCTION	v	true	postgres	search_path=public, extensions	plpgsql	c85d2ae5b987c510bdc85edfde0cb66e	1221	postgres=X/postgres,service_role=X/postgres
79124	public	get_new_academy_cards	p_user_id uuid, p_limit integer	SETOF learning_cards	FUNCTION	v	true	postgres	search_path=public, pg_temp	plpgsql	f159affec024fa1218bcadd586ca7756	213	postgres=X/postgres,authenticated=X/postgres,service_role=X/postgres
132041	public	get_or_create_product_cost_sheet	p_product_id uuid, p_store_id uuid, p_template_id text, p_modalidad text, p_pdf_format text	jsonb	FUNCTION	v	true	postgres	search_path=public	plpgsql	ac244dee7d683865d6985f5ca84e386d	2134	postgres=X/postgres,service_role=X/postgres
133830	public	get_paginated_products	p_store_id uuid, p_search_term text, p_category text, p_limit integer, p_offset integer	TABLE(id uuid, name text, description text, sku text, barcode text, barcode_type text, price numeric, precio_empresa numeric, cost_price numeric, image_url text, category text, unit_of_measure text, supplier text, created_at timestamp with time zone, updated_at timestamp with time zone, stock_current numeric, cost_average numeric, min_stock numeric, store_id uuid, is_active boolean, visible_en_tienda boolean, price_visible boolean, stock_visible boolean, on_promotion boolean, price_currency text, has_movements boolean, total bigint, is_complete boolean)	FUNCTION	v	true	postgres	search_path=public	plpgsql	bac90acd20987aae68d0fd1ad4b7e847	2013	postgres=X/postgres,authenticated=X/postgres,service_role=X/postgres
142661	public	get_paginated_products_v2	p_limit integer, p_offset integer, p_store_id uuid, p_search_term text, p_category text, p_sort_key text, p_sort_dir text, p_stock_filter text, p_active_filter text	TABLE(id uuid, name text, sku text, barcode text, barcode_type text, category text, price numeric, precio_empresa numeric, precio_empresa_currency text, price_currency text, cost_price numeric, min_stock numeric, image_url text, description text, unit_of_measure text, supplier text, stock_current numeric, cost_average numeric, store_id uuid, is_active boolean, has_movements boolean, visible_en_tienda boolean, price_visible boolean, stock_visible boolean, on_promotion boolean, created_at timestamp with time zone, updated_at timestamp with time zone, is_complete boolean, total_count bigint)	FUNCTION	v	true	postgres	search_path=public, pg_temp	plpgsql	700216efd15f7f10230415f9f9abf18a	4554	=X/postgres,postgres=X/postgres,anon=X/postgres,authenticated=X/postgres,service_role=X/postgres
132723	public	get_product_cost_analysis	p_product_id uuid, p_store_id uuid	TABLE(receipt_id uuid, receipt_date timestamp with time zone, quantity integer, unit_cost double precision, service_type text, service_amount numeric, total_cost numeric, unit_cost_final numeric)	FUNCTION	v	true	postgres	search_path=pg_catalog, public, pg_temp	sql	fe8ddd14ce11f3c4dda16c50529181c9	836	postgres=X/postgres,service_role=X/postgres
28163	public	get_product_stock_ledger	p_product_id uuid, p_store_id uuid	TABLE(created_at timestamp with time zone, movement_type text, reference_id text, quantity_change numeric, entry numeric, exit numeric, running_balance numeric)	FUNCTION	v	true	postgres	search_path=public, extensions	plpgsql	1af45ff56869ed7445099b53dc350363	747	postgres=X/postgres,service_role=X/postgres
59843	public	get_product_stock_ledger_paginated	p_product_id uuid, p_store_id uuid, p_limit integer, p_offset integer	TABLE(movement_id uuid, created_at timestamp with time zone, movement_type text, reference_id text, reference_doc text, quantity_change numeric, entry numeric, exit numeric, balance_after numeric, unit_cost numeric, total_count bigint)	FUNCTION	v	true	postgres	search_path=public, extensions	plpgsql	13e7905bad2f4a5eaa7057f5ab27fe83	5425	postgres=X/postgres,authenticated=X/postgres,service_role=X/postgres
24207	public	get_product_variants_counts		TABLE(product_id uuid, count bigint)	FUNCTION	v	true	postgres	search_path=public, extensions	sql	8754dd9e9d813b606ee5f40d33b0542b	99	postgres=X/postgres,service_role=X/postgres
142663	public	get_products_for_pos	p_store_id uuid, p_search_term text, p_category text, p_limit integer, p_offset integer	TABLE(id uuid, name text, description text, sku text, price numeric, cost_price numeric, image_url text, category text, unit_of_measure text, supplier text, created_at timestamp with time zone, updated_at timestamp with time zone, stock_current numeric, cost_average numeric, min_stock integer, store_id uuid, is_active boolean, has_movements boolean, product_variants jsonb, price_currency text, barcode text, barcode_type text, visible_en_tienda boolean, precio_empresa numeric, precio_empresa_currency text, on_promotion boolean)	FUNCTION	v	true	postgres	search_path=public, pg_temp	plpgsql	73092e43bf8ad36970bfcf4c98f5fcb5	2606	=X/postgres,postgres=X/postgres,anon=X/postgres,authenticated=X/postgres,service_role=X/postgres
132197	public	get_products_for_reception	p_store_id uuid, p_search_term text, p_page integer, p_page_size integer	TABLE(id uuid, name text, sku text, barcode text, cost_price numeric, price numeric, unit_of_measure text, stock_current numeric, min_stock numeric, is_active boolean, total_count bigint)	FUNCTION	v	true	postgres	search_path=pg_catalog, public, pg_temp	plpgsql	d12230218f4025b0e7c3ebc935c9dc74	906	postgres=X/postgres,authenticated=X/postgres,service_role=X/postgres
130870	public	get_profit_report	p_store_id uuid, p_date_from timestamp with time zone, p_date_to timestamp with time zone, p_limit integer	jsonb	FUNCTION	v	true	postgres	search_path=public, pg_temp	plpgsql	daba0a4059ff8584bdaf8367a198329d	971	postgres=X/postgres,authenticated=X/postgres,service_role=X/postgres
138306	public	get_purchases_book	p_store_id uuid, p_year integer, p_month integer	TABLE(receipt_number text, receipt_date timestamp with time zone, supplier text, total_cost numeric, paid_amount numeric, payment_status text)	FUNCTION	s	true	postgres	search_path=public, pg_temp	plpgsql	7232b3b1632e3bd5b39e89fb4dd15a3a	573	postgres=X/postgres,service_role=X/postgres
136513	public	get_reorder_suggestions	p_store_id uuid, p_user_id uuid	jsonb	FUNCTION	v	true	postgres	search_path=public	plpgsql	73a8995ad6f63b1f5d926d6478e5e1e0	1601	postgres=X/postgres,service_role=X/postgres
138305	public	get_sales_book	p_store_id uuid, p_year integer, p_month integer	TABLE(invoice_number text, transaction_date timestamp with time zone, customer_name text, total_amount numeric, taxable_base numeric, tax_amount numeric, payment_method text, status text)	FUNCTION	s	true	postgres	search_path=public, pg_temp	plpgsql	20aa4de2cf6e67829dcedf183664409c	604	postgres=X/postgres,service_role=X/postgres
51380	public	get_sales_since_last_closure	p_store_id uuid	TABLE(total_sales numeric, total_cash numeric, total_transfer numeric, last_closure_at timestamp with time zone)	FUNCTION	s	true	postgres	search_path=public, extensions	plpgsql	c9f43cfecf9af01b0ff47b184b27f792	2815	postgres=X/postgres,authenticated=X/postgres,service_role=X/postgres
132401	public	get_store_analytics_advanced	p_store_id uuid, p_start_date date, p_end_date date, p_days integer	jsonb	FUNCTION	v	true	postgres	search_path=public	plpgsql	934338f1fd51711130a9d22e980a1219	14519	postgres=X/postgres,authenticated=X/postgres,service_role=X/postgres
137575	public	get_table_writable_columns	p_table_name text	text[]	FUNCTION	v	true	postgres	search_path=public	sql	f115613521751b8874966d5f0edef7d5	220	postgres=X/postgres,service_role=X/postgres,costpro_snapshot_restorer=X/postgres
138307	public	get_tax_report	p_store_id uuid, p_year integer, p_month integer	jsonb	FUNCTION	s	true	postgres	search_path=public, pg_temp	plpgsql	a0d02672c3c03b47e10459641e8ed7a9	1834	postgres=X/postgres,service_role=X/postgres
138146	public	get_tenant_cash_report	p_tenant_id uuid, p_start_date timestamp with time zone, p_end_date timestamp with time zone	jsonb	FUNCTION	v	true	postgres	search_path=public, pg_temp	plpgsql	2e263f95ea31bfc1d3094ec3489ba499	2761	postgres=X/postgres,service_role=X/postgres
138147	public	get_tenant_sales_summary	p_tenant_id uuid, p_days integer	jsonb	FUNCTION	v	true	postgres	search_path=public	plpgsql	5457b3a01f32ee18b89c023b9872978a	1636	postgres=X/postgres,service_role=X/postgres
142035	public	get_transactions	p_store_id uuid, p_search_term text, p_date_from timestamp without time zone, p_date_to timestamp without time zone, p_limit integer	TABLE(id uuid, created_at timestamp with time zone, total_amount numeric, status text, payment_method text, subtotal numeric, discount_value numeric, store_id uuid, seller_id uuid, seller_name text, cash_amount numeric, transfer_amount numeric, zelle_amount numeric, sale_currency text, sale_exchange_rate numeric, completed_at timestamp with time zone, customer_name text, invoice_number text)	FUNCTION	v	true	postgres	search_path=public, extensions	plpgsql	e26ba2e3459c8d3723e02506b55e26cf	1263	=X/postgres,postgres=X/postgres,anon=X/postgres,authenticated=X/postgres,service_role=X/postgres
59842	public	get_transactions_with_profit	p_store_id uuid, p_search_term text, p_date_from timestamp without time zone, p_date_to timestamp without time zone, p_limit integer	TABLE(id uuid, created_at timestamp with time zone, total_amount numeric, status text, payment_method text, subtotal numeric, discount_value numeric, store_id uuid, seller_id uuid, seller_name text, total_cost numeric, profit numeric, margin_percentage numeric)	FUNCTION	v	true	postgres	search_path=public, extensions	plpgsql	fb63f56d2e27f09e8812dfbe7519d6a3	2330	postgres=X/postgres,service_role=X/postgres
49875	public	get_transferable_stores	p_user_id uuid, p_current_store_id uuid	SETOF stores	FUNCTION	v	true	postgres	search_path=public	plpgsql	bfd8a24b449402e1ec6d06199942a333	1071	postgres=X/postgres,authenticated=X/postgres,service_role=X/postgres
130868	public	get_transfers	p_store_id uuid, p_date_from timestamp with time zone, p_date_to timestamp with time zone, p_status text, p_limit integer	jsonb	FUNCTION	v	true	postgres	search_path=public, pg_temp	plpgsql	c33a8f1fa0db4e5970569870b682cfec	1420	postgres=X/postgres,authenticated=X/postgres,service_role=X/postgres
132940	public	get_usage_forecast		TABLE(o_metric_type text, o_service text, o_today_usage double precision, o_avg_daily_7d double precision, o_month_so_far double precision, o_projected_monthly double precision, o_monthly_limit double precision, o_projected_pct double precision, o_unit text, o_threshold_warning integer, o_threshold_risk integer, o_threshold_critical integer)	FUNCTION	v	true	postgres	search_path=pg_catalog, public	plpgsql	4b256a97c922c96ce2456f20979b132e	2503	postgres=X/postgres,service_role=X/postgres
132924	public	get_usage_summary	p_hours integer	TABLE(metric_type text, service text, total_count bigint, total_sum double precision, bucket_count bigint, first_bucket timestamp with time zone, last_bucket timestamp with time zone)	FUNCTION	v	true	postgres	search_path=pg_catalog, public	plpgsql	e1a0964845532ed51fd662c5bc42541b	448	postgres=X/postgres,service_role=X/postgres
138111	public	get_user_audit_history	p_user_id uuid, p_limit integer, p_offset integer	TABLE(id uuid, created_at timestamp with time zone, performed_by uuid, performed_by_name text, action text, old_values jsonb, new_values jsonb, metadata jsonb)	FUNCTION	v	true	postgres	search_path=public, pg_temp	plpgsql	030abfa5e7adcb9823b4a63138f4cd80	628	postgres=X/postgres,service_role=X/postgres
21751	public	get_user_role		user_role	FUNCTION	s	true	postgres	search_path=public, extensions	plpgsql	0cccad3f3f156c6eb8c98f92ce7f51a3	156	postgres=X/postgres,service_role=X/postgres
44368	public	get_users_for_encargado	p_user_id uuid	TABLE(user_id uuid)	FUNCTION	v	false	postgres		plpgsql	3e5c5c70378087c826d51819cb68ad33	216	postgres=X/postgres,authenticated=X/postgres,service_role=X/postgres
135148	public	get_worker_commission_summary	p_store_id uuid, p_date_from date, p_date_to date	TABLE(worker_id uuid, first_name text, last_name text, ci text, status text, sales_cash numeric, sales_transfer numeric, sales_total numeric, last_payment_date date, last_payment_amount numeric, active_rule_id uuid, active_rule_type text, active_rule_value numeric)	FUNCTION	v	true	postgres	search_path=pg_catalog, public	plpgsql	b0e2dbb61fc77e3a9f3bf38b55d46ece	2212	postgres=X/postgres,authenticated=X/postgres,service_role=X/postgres
133916	public	handle_updated_at		trigger	FUNCTION	v	false	postgres		plpgsql	301a884953d37769916294bb60562e05	52	postgres=X/postgres,authenticated=X/postgres,service_role=X/postgres
21790	public	has_any_role	required_roles user_role[]	boolean	FUNCTION	s	true	postgres	search_path=public, extensions	plpgsql	d84e68029daf07caee08bfe479672eed	488	postgres=X/postgres,authenticated=X/postgres,service_role=X/postgres
142421	public	has_management_access_as	p_user_id uuid, p_store_id uuid	boolean	FUNCTION	v	true	postgres	search_path=public, pg_temp	sql	ed29082390d6b5e2f48a4e3d2ad41a4a	423	postgres=X/postgres,service_role=X/postgres
54235	public	has_role	p_user_id uuid, p_required_role user_role	boolean	FUNCTION	s	true	postgres	search_path=public, extensions	plpgsql	77f8b069657c75933c68083b66d37557	546	postgres=X/postgres,authenticated=X/postgres,service_role=X/postgres
54236	public	has_role	p_required_role user_role	boolean	FUNCTION	s	true	postgres	search_path=public, extensions	plpgsql	bd2d1f5a02efd8ff2cf143066ab09331	72	postgres=X/postgres,authenticated=X/postgres,service_role=X/postgres
38675	public	has_store_access	p_store_id uuid	boolean	FUNCTION	s	true	postgres	search_path=public, pg_temp	plpgsql	5c7d310009f60aa864b5b97d00596e48	671	postgres=X/postgres,authenticated=X/postgres,service_role=X/postgres
136268	public	has_store_access_as	p_user_id uuid, p_store_id uuid	boolean	FUNCTION	v	true	postgres	search_path=public	plpgsql	9844954f9389c7dfd318dbe96f128d54	449	postgres=X/postgres,service_role=X/postgres
131888	public	has_store_role	p_store_id uuid, p_roles text[]	boolean	FUNCTION	s	true	postgres	search_path=public, pg_temp	plpgsql	bf4b1761a6ccd80919108301fe94a0e9	224	postgres=X/postgres,authenticated=X/postgres,service_role=X/postgres
142475	public	has_store_role	p_user_id uuid, p_store_id uuid, p_roles text[]	boolean	FUNCTION	v	true	postgres	search_path=public, pg_temp	sql	53dd721499bf3253b567e3b1372400ee	494	=X/postgres,postgres=X/postgres,authenticated=X/postgres,service_role=X/postgres
138149	public	has_store_role_as	p_user_id uuid, p_store_id uuid, p_roles text[]	boolean	FUNCTION	s	true	postgres	search_path=public, pg_temp	plpgsql	abb566b7f3ce24ee2f0e6dbdb811f2e5	463	postgres=X/postgres,service_role=X/postgres
94972	public	increment_user_usage	p_user_id uuid, p_action_type text, p_limit integer	boolean	FUNCTION	v	true	postgres	search_path=public, pg_temp	plpgsql	c7ddc8b7a6f6b8a59c8dddefa6b932b7	824	postgres=X/postgres,authenticated=X/postgres,service_role=X/postgres
134487	public	int2_dist	smallint, smallint	smallint	FUNCTION	i	false	supabase_admin		c	e28cfd9bdc2bae4a5d31338e45f7cc09	9	=X/supabase_admin,supabase_admin=X/supabase_admin,postgres=X/supabase_admin,anon=X/supabase_admin,authenticated=X/supabase_admin,service_role=X/supabase_admin
134489	public	int4_dist	integer, integer	integer	FUNCTION	i	false	supabase_admin		c	70022e3435f9747864cf180d2d97e3dc	9	=X/supabase_admin,supabase_admin=X/supabase_admin,postgres=X/supabase_admin,anon=X/supabase_admin,authenticated=X/supabase_admin,service_role=X/supabase_admin
134491	public	int8_dist	bigint, bigint	bigint	FUNCTION	i	false	supabase_admin		c	a73c1806b07543ad4167457378c84df9	9	=X/supabase_admin,supabase_admin=X/supabase_admin,postgres=X/supabase_admin,anon=X/supabase_admin,authenticated=X/supabase_admin,service_role=X/supabase_admin
134493	public	interval_dist	interval, interval	interval	FUNCTION	i	false	supabase_admin		c	c2001397d4f589efc976e1f2db79c9ac	13	=X/supabase_admin,supabase_admin=X/supabase_admin,postgres=X/supabase_admin,anon=X/supabase_admin,authenticated=X/supabase_admin,service_role=X/supabase_admin
17741	public	is_admin		boolean	FUNCTION	s	true	postgres	search_path=public, pg_temp	plpgsql	d3d5d5f7c3b24201ed6b62a7114bb49f	124	postgres=X/postgres,authenticated=X/postgres,service_role=X/postgres,costpro_transaction_adjuster=X/postgres
76874	public	is_admin_check	p_user_id uuid	boolean	FUNCTION	s	true	postgres	search_path=public, extensions	sql	4c6af99e3891159bfbfed588d7008d33	186	postgres=X/postgres,service_role=X/postgres
138374	public	is_admin_with_access	p_store_id uuid	boolean	FUNCTION	s	true	postgres	search_path=public	plpgsql	0015e76b5eb9b2c453cf802a31c6a020	405	=X/postgres,postgres=X/postgres,anon=X/postgres,authenticated=X/postgres,service_role=X/postgres
131886	public	is_global_admin		boolean	FUNCTION	s	true	postgres	search_path=public	sql	134119e5c4cbf5b30c4bcbc5b7277dd7	109	postgres=X/postgres,authenticated=X/postgres,service_role=X/postgres
53942	public	is_managed_user	p_target_user_id uuid	boolean	FUNCTION	v	true	postgres	search_path=public, extensions	plpgsql	c66392148dab334051e2adadab15d2d6	429	postgres=X/postgres,authenticated=X/postgres,service_role=X/postgres
47064	public	is_manager_of_store	p_store_id uuid	boolean	FUNCTION	s	true	postgres	search_path=public, extensions	plpgsql	ae1757889f9cccf8b0e6c5f7bb2ca5e1	251	postgres=X/postgres,service_role=X/postgres
75761	public	is_role_not_changed	p_user_id uuid, p_new_role user_role, p_new_role_id uuid	boolean	FUNCTION	v	true	postgres	search_path=public, extensions	plpgsql	a345cded52ffe3a5d46bfb257f565ae8	286	postgres=X/postgres,service_role=X/postgres
47076	public	is_store_manager	p_store_id uuid	boolean	FUNCTION	v	true	postgres	search_path=public, extensions	plpgsql	8a7302dccc00d937e6d7be0e7ef26099	227	postgres=X/postgres,service_role=X/postgres
131887	public	is_store_member	p_store_id uuid	boolean	FUNCTION	s	true	postgres	search_path=public	sql	2402df1bd096b528161256518c804fba	163	postgres=X/postgres,authenticated=X/postgres,service_role=X/postgres
138375	public	is_tenant_member	p_tenant_id uuid	boolean	FUNCTION	s	true	postgres	search_path=public	sql	c4584678c338a9668b3dd5da4c320541	88	postgres=X/postgres,service_role=X/postgres
53941	public	is_user_creator	p_target_user_id uuid	boolean	FUNCTION	v	true	postgres	search_path=public, extensions	plpgsql	80d0405ebcae6eed1e79b64eabf8c322	136	postgres=X/postgres,service_role=X/postgres
138598	public	link_receipts_to_service	p_service_id uuid, p_receipt_ids jsonb, p_user_id uuid	jsonb	FUNCTION	v	true	postgres	search_path=public, extensions	plpgsql	225f2535b283ca51a93e6323c8f04e02	2045	postgres=X/postgres,service_role=X/postgres
143995	public	lock_fiscal_period	p_store_id uuid, p_year integer, p_month integer, p_user_id uuid	jsonb	FUNCTION	v	true	postgres	search_path=public	plpgsql	aa256949ba2c250a521fdaffbc04140e	1610	postgres=X/postgres,service_role=X/postgres
88135	public	log_audit_event	p_action text, p_payload jsonb, p_store_id uuid	uuid	FUNCTION	v	true	postgres	search_path=public, extensions	plpgsql	a700956c0e79f8f017550d215d37fa80	1133	postgres=X/postgres,service_role=X/postgres
28126	public	log_transaction_changes		trigger	FUNCTION	v	true	postgres	search_path=public, extensions	plpgsql	8b1e75fc728c9cbb3da7db0f17ca6d56	743	postgres=X/postgres,service_role=X/postgres
43261	public	manage_user_memberships	p_user_id uuid, p_memberships jsonb	void	FUNCTION	v	true	postgres	search_path=public, extensions	plpgsql	4ae7bcf18dcf4318c436ef62cf13bf51	2593	postgres=X/postgres,authenticated=X/postgres,service_role=X/postgres
38673	public	managed_create_store	p_name text, p_address text	jsonb	FUNCTION	v	true	postgres	search_path=public, extensions	plpgsql	db00285198d03f496932b480cb2a5947	733	postgres=X/postgres,service_role=X/postgres
88184	public	managed_create_user	p_max_users integer, p_max_stores integer, p_role text, p_full_name text, p_email text, p_creator_id uuid, p_target_user_id uuid, p_store_id uuid, p_memberships jsonb	jsonb	FUNCTION	v	true	postgres	search_path=public, extensions	plpgsql	1dcf4b1c3d55ba6fdaaf41bf9ee17b7e	3686	postgres=X/postgres,service_role=X/postgres
138098	public	managed_create_user_v2	p_email text, p_full_name text, p_role user_role, p_plan plan_t, p_store_id uuid, p_memberships jsonb, p_max_stores integer, p_max_users integer, p_target_user_id uuid, p_creator_id uuid	jsonb	FUNCTION	v	true	postgres	search_path=public, pg_temp	plpgsql	a2156904df665741abf3674f18ee05d2	4110	postgres=X/postgres,service_role=X/postgres
45939	public	managed_delete_product	p_product_id uuid	void	FUNCTION	v	true	postgres	search_path=public, pg_temp	plpgsql	d5db3253f0c8ebeb5c500754302dc755	1814	postgres=X/postgres,authenticated=X/postgres,service_role=X/postgres
79083	public	managed_delete_user	p_user_id uuid	jsonb	FUNCTION	v	true	postgres	search_path=public, extensions	plpgsql	0e2c65659af7fb014621e1daed783942	1090	postgres=X/postgres,service_role=X/postgres
138105	public	managed_reset_password	p_user_id uuid, p_caller_id uuid	jsonb	FUNCTION	v	true	postgres	search_path=public, pg_temp	plpgsql	e5abd8d0cadd47bb18cd8dde03780f12	1025	postgres=X/postgres,service_role=X/postgres
138108	public	managed_revoke_membership	p_membership_id uuid, p_caller_id uuid	jsonb	FUNCTION	v	true	postgres	search_path=public, pg_temp	plpgsql	619b775d121a2c0015626bf7277ce98b	2116	postgres=X/postgres,service_role=X/postgres
138106	public	managed_soft_delete_user	p_user_id uuid, p_reason text, p_caller_id uuid	jsonb	FUNCTION	v	true	postgres	search_path=public, pg_temp	plpgsql	878ba3300a03b50e04b54c135f1c28a1	2410	postgres=X/postgres,service_role=X/postgres
45940	public	managed_toggle_product_active	p_product_id uuid, p_is_active boolean	void	FUNCTION	v	true	postgres	search_path=public, pg_temp	plpgsql	c79e4f4e9725d2239ebb6975bac2570c	1355	postgres=X/postgres,authenticated=X/postgres,service_role=X/postgres
138104	public	managed_toggle_user_status	p_user_id uuid, p_is_active boolean, p_caller_id uuid	jsonb	FUNCTION	v	true	postgres	search_path=public, pg_temp	plpgsql	05ffab956ee164a7d8732370d11b8a34	1411	postgres=X/postgres,service_role=X/postgres
138107	public	managed_update_membership	p_membership_id uuid, p_role user_role, p_status text, p_caller_id uuid	jsonb	FUNCTION	v	true	postgres	search_path=public, pg_temp	plpgsql	b1087fbc071da79b8882fdb2c0bf2209	2222	postgres=X/postgres,service_role=X/postgres
138144	public	managed_update_tenant_plan	p_tenant_id uuid, p_plan plan_t, p_subscription_status text, p_caller_id uuid	jsonb	FUNCTION	v	true	postgres	search_path=public, pg_temp	plpgsql	e5ce9f7cb774bf2b3e129c971175840a	1813	postgres=X/postgres,service_role=X/postgres
138103	public	managed_update_user	p_user_id uuid, p_full_name text, p_role user_role, p_role_id uuid, p_is_active boolean, p_max_stores_limit integer, p_max_users_limit integer, p_plan plan_t, p_caller_id uuid	jsonb	FUNCTION	v	true	postgres	search_path=public, pg_temp	plpgsql	36212570c073eaef70e10b70a20a236d	3804	postgres=X/postgres,service_role=X/postgres
136485	public	mark_expired_lots	p_store_id uuid	integer	FUNCTION	v	true	postgres	search_path=pg_catalog, public	plpgsql	dc4d95c50913c37487a262826205e224	344	postgres=X/postgres,service_role=X/postgres
138245	public	next_document_number	p_store_id uuid, p_document_type text, p_user_id uuid	text	FUNCTION	v	true	postgres	search_path=public, pg_temp	plpgsql	1103141660702711b55f8821e354f896	1856	postgres=X/postgres,service_role=X/postgres
134495	public	oid_dist	oid, oid	oid	FUNCTION	i	false	supabase_admin		c	98f1ff8d3c8373653d6d3a2e298a7eba	8	=X/supabase_admin,supabase_admin=X/supabase_admin,postgres=X/supabase_admin,anon=X/supabase_admin,authenticated=X/supabase_admin,service_role=X/supabase_admin
70049	public	on_auth_user_created		trigger	FUNCTION	v	true	postgres	search_path=public, extensions	plpgsql	178d71af951dc50237b3b52acd6d4e2b	2506	postgres=X/postgres,service_role=X/postgres
119653	public	on_pick3_profile_initial_bankroll		trigger	FUNCTION	v	true	postgres	search_path=public, pg_temp	plpgsql	b069fe32d378d7c7af25e314db37037a	670	postgres=X/postgres,service_role=X/postgres
136711	public	perform_inventory_adjustment	p_store_id uuid, p_product_id uuid, p_quantity_delta numeric, p_reason text, p_user_id uuid, p_unit_cost_adjustment numeric, p_operation_date timestamp with time zone	jsonb	FUNCTION	v	true	postgres	search_path=public	plpgsql	067685e8c5b503d7573bf821bee89731	2146	postgres=X/postgres,authenticated=X/postgres,service_role=X/postgres
138201	public	prevent_cash_closure_edit		trigger	FUNCTION	v	false	postgres		plpgsql	7315bb7269d8ba63ee799f51515ad9da	261	=X/postgres,postgres=X/postgres,anon=X/postgres,authenticated=X/postgres,service_role=X/postgres
21754	public	prevent_direct_inventory_modification		trigger	FUNCTION	v	true	postgres	search_path=public, extensions	plpgsql	c1f53ddabd1111ff93bb1a07aa9837b4	394	postgres=X/postgres,service_role=X/postgres
138303	public	prevent_fiscal_closing_edit		trigger	FUNCTION	v	false	postgres		plpgsql	bd17f83656ad38ef8b94d61df874ff9e	236	=X/postgres,postgres=X/postgres,anon=X/postgres,authenticated=X/postgres,service_role=X/postgres
138033	public	prevent_hard_delete_profile		trigger	FUNCTION	v	false	postgres		plpgsql	c675cd88b88ef6f559b18db13433e2c3	182	=X/postgres,postgres=X/postgres,anon=X/postgres,authenticated=X/postgres,service_role=X/postgres
21386	public	prevent_inventory_direct_write		trigger	FUNCTION	v	false	postgres	search_path=public, extensions	plpgsql	266eac0032998f7b2ca0ba1ec8ac668b	102	postgres=X/postgres,authenticated=X/postgres,service_role=X/postgres
25495	public	prevent_negative_inventory		trigger	FUNCTION	v	false	postgres	search_path=public, extensions	plpgsql	406dc1ae83a5e672a3296e86f74b49b3	293	postgres=X/postgres,authenticated=X/postgres,service_role=X/postgres
138589	public	prevent_received_service_edit		trigger	FUNCTION	v	true	postgres	search_path=public, pg_temp	plpgsql	1f8627454df3473e0b2b702a6f45a18e	1940	postgres=X/postgres,service_role=X/postgres
144056	public	prevent_self_privilege_escalation		trigger	FUNCTION	v	false	postgres		plpgsql	2e9f119202e5bfba6965adbd2202b6bc	782	=X/postgres,postgres=X/postgres,anon=X/postgres,authenticated=X/postgres,service_role=X/postgres
138283	public	prevent_z_report_edit		trigger	FUNCTION	v	false	postgres		plpgsql	7e4c9d67a9734cbf6c2858a5dc077d36	102	=X/postgres,postgres=X/postgres,anon=X/postgres,authenticated=X/postgres,service_role=X/postgres
131363	public	process_bulk_import	p_store_id uuid, p_user_id uuid, p_items jsonb	jsonb	FUNCTION	v	false	postgres		plpgsql	922d0b90c1fc664e325974716cb03e1d	783	postgres=X/postgres,authenticated=X/postgres,service_role=X/postgres
131362	public	process_initial_stock	p_store_id uuid, p_product_id uuid, p_quantity numeric, p_reference_doc text, p_movement_date timestamp with time zone	jsonb	FUNCTION	v	false	postgres		plpgsql	725a8ccd477b45860ae178ae5e6284c1	320	postgres=X/postgres,authenticated=X/postgres,service_role=X/postgres
132503	public	process_inventory_adjustment	p_store_id uuid, p_cashier_id uuid, p_items adjustment_item[], p_operation_date timestamp with time zone	uuid	FUNCTION	v	true	postgres	search_path=public	plpgsql	b8953e705b1c7e4a95033f5b6fd2a8b8	1292	postgres=X/postgres,authenticated=X/postgres,service_role=X/postgres
119652	public	process_pick3_transaction	p_user_id uuid, p_type text, p_amount bigint, p_reference_draw_id uuid, p_reference_play_id uuid, p_notes text, p_metadata jsonb	pick3_ledger	FUNCTION	v	true	postgres	search_path=public, pg_temp	plpgsql	2651d8c6ae023643193b89c85a2cc747	1364	postgres=X/postgres,authenticated=X/postgres,service_role=X/postgres
131361	public	process_sale_transaction	p_store_id uuid, p_user_id uuid, p_items jsonb, p_total_amount numeric, p_subtotal numeric, p_payment_method text, p_discount_type text, p_discount_value numeric, p_idempotency_key text	jsonb	FUNCTION	v	false	postgres		plpgsql	e3f226dd8cfe5ba6a77bd1e54003afce	1451	postgres=X/postgres,authenticated=X/postgres,service_role=X/postgres
132504	public	process_stock_adjustment	p_store_id uuid, p_product_id uuid, p_quantity_delta numeric, p_reason text, p_user_id uuid, p_operation_date timestamp with time zone	jsonb	FUNCTION	v	true	postgres	search_path=public	plpgsql	075893ccc9f5f1ca7736e9854f0b0f21	561	postgres=X/postgres,service_role=X/postgres
142117	public	protect_transactions_total_amount		trigger	FUNCTION	v	false	postgres	search_path=public, pg_temp	plpgsql	e2955d9d1b124378b59d2c28bf13d6c8	378	=X/postgres,postgres=X/postgres,anon=X/postgres,authenticated=X/postgres,service_role=X/postgres
135446	public	purge_old_reset_snapshots	p_days integer	integer	FUNCTION	v	true	postgres	search_path=pg_catalog, public	plpgsql	8b826251cf9e4c7ad4eb502ac83cb665	203	postgres=X/postgres,service_role=X/postgres
138544	public	receive_against_po	p_po_id uuid, p_received_items jsonb, p_user_id uuid, p_reception_date timestamp with time zone, p_invoice_number text	jsonb	FUNCTION	v	true	postgres	search_path=public, extensions	plpgsql	b8501b512a6a81bf742be4b9940cbc02	7484	postgres=X/postgres,authenticated=X/postgres,service_role=X/postgres
138613	public	receive_production_output	p_order_id uuid, p_product_id uuid, p_quantity numeric, p_store_id uuid, p_user_id uuid, p_idempotency_key text	jsonb	FUNCTION	v	true	postgres	search_path=public, extensions	plpgsql	110e15f1e600ba4e60e4079420f92195	4469	postgres=X/postgres,authenticated=X/postgres,service_role=X/postgres
134339	public	receive_production_output_deprecated_4arg	p_order_id uuid, p_product_id uuid, p_quantity numeric, p_store_id uuid	void	FUNCTION	v	true	postgres	search_path=public, extensions	plpgsql	59a07c01880d2bf0ee99b22ec25e67f2	117	postgres=X/postgres,service_role=X/postgres
137077	public	receive_to_warehouse	p_store_id uuid, p_product_id uuid, p_quantity numeric, p_unit_cost numeric, p_warehouse_id uuid, p_lot_number text, p_expiration_date date, p_user_id uuid, p_reason text	jsonb	FUNCTION	v	true	postgres	search_path=public, pg_temp	plpgsql	681916c158583db74962488659d96cf5	1496	postgres=X/postgres,service_role=X/postgres
138110	public	reconcile_orphan_user	p_auth_user_id uuid, p_action text, p_reason text, p_caller_id uuid	jsonb	FUNCTION	v	true	postgres	search_path=public, pg_temp	plpgsql	87096b0f82813d84edf770d87832d6cd	2742	postgres=X/postgres,service_role=X/postgres
137078	public	reconcile_stock	p_store_id uuid, p_fix boolean, p_user_id uuid	jsonb	FUNCTION	v	true	postgres	search_path=public, pg_temp	plpgsql	43950f25248338c1db87d5927f2cdad5	4745	postgres=X/postgres,service_role=X/postgres
136802	public	record_counted_quantity	p_count_id uuid, p_product_id uuid, p_counted_quantity numeric, p_user_id uuid, p_notes text	jsonb	FUNCTION	v	true	postgres	search_path=public	plpgsql	070953d5d15d59d56c04624b10cc750c	782	postgres=X/postgres,service_role=X/postgres
21401	public	record_sale_movement	p_store_id uuid, p_product_id uuid, p_variant_id uuid, p_quantity integer, p_reference text	void	FUNCTION	v	true	postgres	search_path=public, extensions	plpgsql	50820c1a2e7a80ae89a8a2cefc0927ef	305	postgres=X/postgres,service_role=X/postgres
138690	public	register_idempotency	p_key text, p_operation text, p_record_id uuid, p_param_hash text, p_result jsonb	void	FUNCTION	v	true	postgres	search_path=public, extensions	plpgsql	eebc1bedca26cd9cfaaee717469a2e6a	269	postgres=X/postgres,service_role=X/postgres
138536	public	register_reception	p_store_id uuid, p_supplier text, p_reception_date timestamp with time zone, p_invoice_number text, p_items jsonb, p_user_id uuid, p_po_id uuid	uuid	FUNCTION	v	true	postgres	search_path=public	plpgsql	843db128859af3253dbe845e8d4067cd	5998	=X/postgres,postgres=X/postgres,authenticated=X/postgres,service_role=X/postgres
133204	public	register_stock_movement	p_product_id uuid, p_store_id uuid, p_quantity numeric, p_movement_type text, p_reason text, p_user_id uuid, p_variant_id uuid, p_sale_id uuid, p_unit_cost numeric, p_notes text, p_operation_date timestamp with time zone, p_skip_access_check boolean	jsonb	FUNCTION	v	true	postgres	search_path=public	plpgsql	0182a6cf30396e193aba3c3fbce1c8c0	2118	postgres=X/postgres,service_role=X/postgres
137351	public	register_supplier_payment	p_store_id uuid, p_ref_type text, p_ref_id uuid, p_amount numeric, p_payment_method text, p_paid_by uuid, p_currency text, p_exchange_rate numeric, p_reference text, p_notes text, p_idempotency_key text, p_payment_date timestamp with time zone	uuid	FUNCTION	v	true	postgres	search_path=public, extensions	plpgsql	a909b468fb197f11cc9eb5c5f6ab968d	2351	postgres=X/postgres,authenticated=X/postgres,service_role=X/postgres
136852	public	reject_transfer	p_transfer_id uuid, p_reason text, p_user_id uuid	jsonb	FUNCTION	v	true	postgres	search_path=public	plpgsql	30347f01ad8d305caa77a6979dc997b5	842	postgres=X/postgres,service_role=X/postgres
137974	public	release_expired_reservations		integer	FUNCTION	v	true	postgres	search_path=public, pg_temp	plpgsql	fc2877b3fcf8a978553568fb84fb6ff9	1002	postgres=X/postgres,service_role=X/postgres
138208	public	reopen_cash_shift	p_closure_id uuid, p_reason text, p_user_id uuid	jsonb	FUNCTION	v	true	postgres	search_path=public, pg_temp	plpgsql	62172f6d459cb8e8ef1612c5e461ac2d	1586	postgres=X/postgres,service_role=X/postgres
137399	public	reset_store_data	target_store_id uuid, p_keep_catalog boolean, p_user_id uuid	void	FUNCTION	v	true	postgres	search_path=public, pg_temp	plpgsql	bc649bdbf142aaebb883384ba40710d6	7821	postgres=X/postgres,service_role=X/postgres
142582	public	reset_store_data	p_store_id uuid, p_keep_catalog boolean	void	FUNCTION	v	true	postgres	search_path=public, pg_temp	plpgsql	d44bd557c1786c60359bebfa36c3d338	2595	postgres=X/postgres,service_role=X/postgres
137580	public	restore_store_backup	p_store_id uuid, p_backup_payload jsonb, p_mode text, p_confirmation_token text	jsonb	FUNCTION	v	true	postgres	search_path=public	plpgsql	fe49ee4a4b895f81a3d9308a07d58282	17453	postgres=X/postgres,service_role=X/postgres
142222	public	restore_transaction_snapshot	p_migration_id text, p_tx_id uuid	jsonb	FUNCTION	v	true	postgres	search_path=public, pg_temp	plpgsql	50dbb1447cadb7baae0c5610d5fadaad	8084	postgres=X/postgres,service_role=X/postgres
136656	public	reverse_adjustment	p_adjustment_id uuid, p_reason text, p_user_id uuid	jsonb	FUNCTION	v	true	postgres	search_path=public	plpgsql	64cc3ca93171b998374464f79e24f570	1865	postgres=X/postgres,service_role=X/postgres
138210	public	reverse_commissions_on_sale_void		trigger	FUNCTION	v	true	postgres	search_path=public, pg_temp	plpgsql	e91878d819b52d45e26a0b6ec331c3e9	1679	postgres=X/postgres,service_role=X/postgres
136657	public	reverse_devolution	p_devolution_id uuid, p_reason text, p_user_id uuid	jsonb	FUNCTION	v	true	postgres	search_path=public	plpgsql	f0ec3e1effe05c600fd9ad152bf7aac3	5563	postgres=X/postgres,service_role=X/postgres
143548	public	reverse_inventory_adjustment_v2	p_adjustment_id uuid, p_reason text, p_user_id uuid	jsonb	FUNCTION	v	true	postgres	search_path=public, pg_temp	plpgsql	6461d401c5f333eeb2c4cb4e0729ba7c	3031	postgres=X/postgres,service_role=X/postgres
138622	public	reverse_production_order	p_order_id uuid, p_reason text, p_user_id uuid	jsonb	FUNCTION	v	true	postgres	search_path=public, extensions	plpgsql	8a40d7419d18dd92bc8df4d3a832a844	3228	postgres=X/postgres,service_role=X/postgres
136654	public	reverse_receipt	p_receipt_id uuid, p_reason text, p_user_id uuid	jsonb	FUNCTION	v	true	postgres	search_path=public	plpgsql	8dd39ad2b08111026eb69e40c57d168d	1768	postgres=X/postgres,service_role=X/postgres
138196	public	reverse_receipt_v2	p_receipt_id uuid, p_reason text, p_user_id uuid	jsonb	FUNCTION	v	true	postgres	search_path=public, pg_temp	plpgsql	959e7ba7a289f141b51e0e638cac5a22	4639	=X/postgres,postgres=X/postgres,authenticated=X/postgres,service_role=X/postgres
138188	public	reverse_transaction_v2	p_transaction_id uuid, p_reason text, p_user_id uuid	jsonb	FUNCTION	v	true	postgres	search_path=public, pg_temp	plpgsql	080ab8d57a360c0a7e278e4eb1946ddc	3144	postgres=X/postgres,service_role=X/postgres
136655	public	reverse_transfer	p_transfer_id uuid, p_reason text, p_user_id uuid	jsonb	FUNCTION	v	true	postgres	search_path=public, pg_temp	plpgsql	afe4861ccbd7baddce507ce38538f31d	3696	postgres=X/postgres,service_role=X/postgres
142337	public	reverse_vale_salida	p_slip_id uuid, p_reason text, p_user_id uuid	jsonb	FUNCTION	v	true	postgres	search_path=public, pg_temp	plpgsql	7a77342d9f0c98dae673400df09384a7	3499	postgres=X/postgres,service_role=X/postgres
136727	public	role_name_to_enum	p_role_name text	text	FUNCTION	i	false	postgres		plpgsql	4541af0819f74e32591c30b47285ade8	454	postgres=X/postgres,authenticated=X/postgres,service_role=X/postgres
131406	public	save_ai_api_key	p_provider text, p_api_key text, p_label text	uuid	FUNCTION	v	true	postgres	search_path=public, extensions	plpgsql	42446f2fa7fb44d60da982037179a286	579	postgres=X/postgres,service_role=X/postgres
132042	public	save_product_cost_sheet	p_product_id uuid, p_store_id uuid, p_template_id text, p_modalidad text, p_calculated_data jsonb, p_cost_price numeric	jsonb	FUNCTION	v	true	postgres	search_path=public	plpgsql	4e2a2321cc82cb13bcd307c307f4c502	1667	postgres=X/postgres,authenticated=X/postgres,service_role=X/postgres
138340	public	set_audit_log_trace_id		trigger	FUNCTION	v	false	postgres		plpgsql	5f9189dd1d5585453f2fa949304dc190	204	=X/postgres,postgres=X/postgres,anon=X/postgres,authenticated=X/postgres,service_role=X/postgres
134419	public	set_default_due_date_commission		trigger	FUNCTION	v	false	postgres		plpgsql	20c4d2970957337837e2a024d91b8207	154	postgres=X/postgres,authenticated=X/postgres,service_role=X/postgres
134239	public	set_default_due_date_receipt		trigger	FUNCTION	v	false	postgres		plpgsql	fa57be6ef03ca20387eda9a39a6104c4	349	postgres=X/postgres,authenticated=X/postgres,service_role=X/postgres
134241	public	set_default_due_date_service		trigger	FUNCTION	v	false	postgres		plpgsql	e78bc502c217c4ff95cea50a31bd0e1b	345	postgres=X/postgres,authenticated=X/postgres,service_role=X/postgres
138551	public	set_purchase_order_status	p_po_id uuid, p_new_status purchase_status_enum, p_user_id uuid, p_reason text	jsonb	FUNCTION	v	true	postgres	search_path=public, extensions	plpgsql	53ae1222f47204d6dd42b9ce1e16751b	2527	postgres=X/postgres,authenticated=X/postgres,service_role=X/postgres
138596	public	set_received_service_status	p_service_id uuid, p_new_status text, p_user_id uuid, p_reason text	jsonb	FUNCTION	v	true	postgres	search_path=public, extensions	plpgsql	5aa60f383ba80b7662cc3a3c290fb0eb	1725	postgres=X/postgres,service_role=X/postgres
137075	public	set_transfer_approval_rule	p_tenant_id uuid, p_store_id uuid, p_threshold_amount numeric, p_threshold_quantity numeric, p_approver_roles text[], p_is_active boolean, p_user_id uuid	jsonb	FUNCTION	v	true	postgres	search_path=public, pg_temp	plpgsql	880327063ae559f685ae685792f08e1e	2101	postgres=X/postgres,service_role=X/postgres
133149	public	snapshot_commission_rule		trigger	FUNCTION	v	true	postgres	search_path=pg_catalog, public	plpgsql	5d68137234f36c93dcd2c3ac618ec181	957	postgres=X/postgres,service_role=X/postgres
131945	public	soft_delete_store	p_store_id uuid, p_deleted_by uuid	jsonb	FUNCTION	v	true	postgres	search_path=public	plpgsql	ee3f201799b913a717851b5fc6644460	1422	postgres=X/postgres,service_role=X/postgres
130958	public	stores_soft_delete_cleanup		trigger	FUNCTION	v	false	postgres		plpgsql	b6db5ec5a6084a08049f817c0167458e	119	postgres=X/postgres,authenticated=X/postgres,service_role=X/postgres
131719	public	sync_inventory_from_products	p_store_id uuid	TABLE(sync_product_id uuid, product_name text, action text, old_qty numeric, new_qty numeric)	FUNCTION	v	true	postgres	search_path=public, extensions	plpgsql	802bb9dad5be4e65237e01c5041e2adf	2240	postgres=X/postgres,service_role=X/postgres
131044	public	sync_product_has_movements		trigger	FUNCTION	v	true	postgres	search_path=public, pg_temp	plpgsql	fdd4e6bb06ad89a9657d950c6dabe031	273	postgres=X/postgres,service_role=X/postgres
131067	public	sync_product_stock		trigger	FUNCTION	v	true	postgres	search_path=public, pg_temp	plpgsql	ac6af0450dba4906b12ba2d94ef429ea	466	postgres=X/postgres,service_role=X/postgres
33484	public	sync_products_stock_current		trigger	FUNCTION	v	false	postgres	search_path=public, extensions	plpgsql	5cac0e005b65713a902ced43e2e64060	237	postgres=X/postgres,authenticated=X/postgres,service_role=X/postgres
138343	public	test_trace_id_setting		text	FUNCTION	v	false	postgres		sql	587cdb7b9a0246d23312c8e64ac9b550	46	=X/postgres,postgres=X/postgres,anon=X/postgres,authenticated=X/postgres,service_role=X/postgres
134497	public	time_dist	time without time zone, time without time zone	interval	FUNCTION	i	false	supabase_admin		c	570a6afc92722fa17cb3fb725c661bb5	9	=X/supabase_admin,supabase_admin=X/supabase_admin,postgres=X/supabase_admin,anon=X/supabase_admin,authenticated=X/supabase_admin,service_role=X/supabase_admin
133144	public	touch_updated_at		trigger	FUNCTION	v	true	postgres	search_path=pg_catalog, public	plpgsql	301a884953d37769916294bb60562e05	52	postgres=X/postgres,service_role=X/postgres
136850	public	transfer_requires_approval	p_origin_store_id uuid, p_destination_store_id uuid, p_items jsonb	boolean	FUNCTION	v	true	postgres	search_path=public	plpgsql	559ccc278fe9c6ff234f01ca3bd66aa9	1246	postgres=X/postgres,service_role=X/postgres
134499	public	ts_dist	timestamp without time zone, timestamp without time zone	interval	FUNCTION	i	false	supabase_admin		c	cd9d836b7dd414c3713096792f16bf8d	7	=X/supabase_admin,supabase_admin=X/supabase_admin,postgres=X/supabase_admin,anon=X/supabase_admin,authenticated=X/supabase_admin,service_role=X/supabase_admin
134501	public	tstz_dist	timestamp with time zone, timestamp with time zone	interval	FUNCTION	i	false	supabase_admin		c	d9abd396677b459458fae044fa46f4b1	9	=X/supabase_admin,supabase_admin=X/supabase_admin,postgres=X/supabase_admin,anon=X/supabase_admin,authenticated=X/supabase_admin,service_role=X/supabase_admin
25557	public	update_inventory_after_sale		trigger	FUNCTION	v	false	postgres	search_path=public, extensions	plpgsql	3d2a600d59d7138f8e3c33f29a426b4c	632	postgres=X/postgres,authenticated=X/postgres,service_role=X/postgres
138055	public	update_orphaned_users_log_updated_at		trigger	FUNCTION	v	false	postgres		plpgsql	301a884953d37769916294bb60562e05	52	=X/postgres,postgres=X/postgres,anon=X/postgres,authenticated=X/postgres,service_role=X/postgres
134235	public	update_payment_status		trigger	FUNCTION	v	false	postgres		plpgsql	07796fe0c481a8b6a09c097fa138afbc	3287	postgres=X/postgres,authenticated=X/postgres,service_role=X/postgres
132267	public	update_po_updated_at		trigger	FUNCTION	v	false	postgres		plpgsql	a27bb088c067b7b77a9f0707b0048e40	48	postgres=X/postgres,authenticated=X/postgres,service_role=X/postgres
132229	public	update_purchase_orders_updated_at		trigger	FUNCTION	v	false	postgres		plpgsql	ed12387a25646709aca6cd9b21720d1f	51	postgres=X/postgres,authenticated=X/postgres,service_role=X/postgres
138785	public	update_receipt_item_tasa	p_receipt_item_id uuid, p_new_tasa_cambio_recepcion numeric, p_new_moneda_recepcion text, p_motivo text, p_user_id uuid	jsonb	FUNCTION	v	true	postgres	search_path=public, extensions	plpgsql	4c996cf5f1fc279143f60b312eca2793	4623	postgres=X/postgres,service_role=X/postgres
133215	public	update_reception_items	p_receipt_id uuid, p_item_updates jsonb, p_user_id uuid	jsonb	FUNCTION	v	true	postgres	search_path=public, extensions	plpgsql	fb0d30aa320949550a9aeaef265d8a0e	2333	postgres=X/postgres,authenticated=X/postgres,service_role=X/postgres
132195	public	update_suppliers_updated_at		trigger	FUNCTION	v	false	postgres		plpgsql	301a884953d37769916294bb60562e05	52	postgres=X/postgres,authenticated=X/postgres,service_role=X/postgres
59867	public	update_transaction_taxes	p_transaction_id uuid, p_applied_taxes jsonb, p_tax_amount numeric, p_total_amount numeric	boolean	FUNCTION	v	true	postgres	search_path=public, extensions	plpgsql	5923cf78c99715b637869bd567c4b422	18847	postgres=X/postgres,authenticated=X/postgres,service_role=X/postgres
43263	public	update_updated_at_column		trigger	FUNCTION	v	false	postgres		plpgsql	301a884953d37769916294bb60562e05	52	postgres=X/postgres,authenticated=X/postgres,service_role=X/postgres
138088	public	update_user_invitations_updated_at		trigger	FUNCTION	v	false	postgres		plpgsql	301a884953d37769916294bb60562e05	52	=X/postgres,postgres=X/postgres,anon=X/postgres,authenticated=X/postgres,service_role=X/postgres
142883	public	upsert_manual_exchange_rate_with_audit	p_actor_id uuid, p_currency text, p_rate numeric, p_rate_date date, p_source text, p_capture_method text, p_source_ip text	jsonb	FUNCTION	v	true	postgres	search_path=public, pg_temp	plpgsql	1407e910ca6b288d8417f1abad2772b1	2273	postgres=X/postgres,service_role=X/postgres
131996	public	upsert_store_cost_template	p_store_id uuid, p_template_id text, p_template_data jsonb, p_modalidad text, p_pdf_format text, p_created_by uuid	jsonb	FUNCTION	v	true	postgres	search_path=public	plpgsql	bb2f9461291702eda9d74288f1416514	1408	postgres=X/postgres,service_role=X/postgres
132923	public	upsert_usage_aggregate	p_bucket_start timestamp with time zone, p_bucket_end timestamp with time zone, p_metric_type text, p_service text, p_endpoint text, p_count integer, p_sum_value double precision	void	FUNCTION	v	true	postgres	search_path=pg_catalog, public	plpgsql	9befc5b0746111bff9fbe0ec87be4048	506	postgres=X/postgres,service_role=X/postgres
38664	public	validate_active_store		trigger	FUNCTION	v	true	postgres	search_path=pg_catalog, public, pg_temp	plpgsql	da6ee996cd75f082c9a5e29b645021e6	2422	postgres=X/postgres,service_role=X/postgres
137560	public	validate_backup_registry_drift		jsonb	FUNCTION	v	true	postgres	search_path=public	plpgsql	24b04531dbef3e6e84af18ad4228a617	1283	postgres=X/postgres,service_role=X/postgres
138292	public	validate_operation_date	p_new_date timestamp with time zone, p_store_id uuid	void	FUNCTION	v	true	postgres	search_path=public, pg_temp	plpgsql	8559311d55219df06b79d84cf98772e2	1276	postgres=X/postgres,service_role=X/postgres
142115	public	validate_payment_transactions_invariants		trigger	FUNCTION	v	false	postgres	search_path=public, pg_temp	plpgsql	c95512f62fd75d2a0cf446485d920079	2232	=X/postgres,postgres=X/postgres,anon=X/postgres,authenticated=X/postgres,service_role=X/postgres
137561	public	validate_post_restore	p_store_id uuid, p_backup_payload jsonb	jsonb	FUNCTION	v	true	postgres	search_path=public	plpgsql	fbe19f09cb577b8370cabbd5b7add704	4872	postgres=X/postgres,service_role=X/postgres
137569	public	validate_pre_restore_fk_integrity	p_store_id uuid	jsonb	FUNCTION	v	true	postgres	search_path=public	plpgsql	b796132c713caa6ba62ea9c93559a7be	4081	postgres=X/postgres,service_role=X/postgres,costpro_snapshot_restorer=X/postgres
137398	public	validate_store_can_be_modified	p_store_id uuid, p_check_type text	jsonb	FUNCTION	s	true	postgres	search_path=public	plpgsql	fca47bf45c01eb77c366a28aae165602	3709	postgres=X/postgres,service_role=X/postgres
138148	public	validate_tenant_access	p_user_id uuid, p_store_id uuid	boolean	FUNCTION	s	true	postgres	search_path=public, pg_temp	plpgsql	4296dab9243d7ae933b8dfc7a021e761	612	postgres=X/postgres,service_role=X/postgres
132487	public	validate_transfer_operation_date	p_new_date timestamp with time zone, p_origin_store_id uuid, p_destination_store_id uuid	void	FUNCTION	v	true	postgres	search_path=public	plpgsql	bfd0b74503a36b229a4119c6a78e8b35	987	postgres=X/postgres,service_role=X/postgres
63379	public	validate_transfer_stores		trigger	FUNCTION	v	false	postgres	search_path=public, extensions	plpgsql	f57efc4cbdcfcec25b00c11f73f93620	181	postgres=X/postgres,authenticated=X/postgres,service_role=X/postgres
88196	public	verify_audit_chain		jsonb	FUNCTION	v	true	postgres	search_path=public, extensions	plpgsql	739f26967854cedb52e8198ff1aab41e	1145	postgres=X/postgres,service_role=X/postgres
138619	public	void_closed_production_order	p_order_id uuid, p_reason text, p_user_id uuid	jsonb	FUNCTION	v	true	postgres	search_path=public, extensions	plpgsql	1a66a8bc0990766cc37d1621d4003315	2646	postgres=X/postgres,authenticated=X/postgres,service_role=X/postgres
136900	public	void_inventory_adjustment	p_adjustment_id uuid, p_user_id uuid	jsonb	FUNCTION	v	true	postgres	search_path=public	plpgsql	bd0c24ec918a221d0970baa65955694e	1398	postgres=X/postgres,authenticated=X/postgres,service_role=X/postgres
138819	public	void_pending_reception	p_receipt_id uuid, p_user_id uuid, p_reason text, p_operation_date timestamp with time zone	jsonb	FUNCTION	v	true	postgres	search_path=public, pg_temp	plpgsql	3197f2ad7d67ef137bb132592c0659e2	2570	=X/postgres,postgres=X/postgres,authenticated=X/postgres,service_role=X/postgres
138595	public	void_received_service_with_reversal	p_service_id uuid, p_user_id uuid, p_reason text, p_operation_date timestamp with time zone	jsonb	FUNCTION	v	true	postgres	search_path=public, extensions	plpgsql	e1ba8c1c6089871fe9dc45a7e01cf3a4	2204	postgres=X/postgres,service_role=X/postgres
136714	public	void_reception_with_reversal	p_receipt_id uuid, p_user_id uuid, p_reason text, p_operation_date timestamp with time zone	void	FUNCTION	v	true	postgres	search_path=public, extensions	plpgsql	e86eae10b3f09939ad6c1ab9c4996217	2046	postgres=X/postgres,service_role=X/postgres
138000	public	void_transaction	p_transaction_id uuid, p_reason text, p_operation_date timestamp with time zone, p_user_id uuid	jsonb	FUNCTION	v	true	postgres	search_path=pg_catalog, public	plpgsql	b2cb434b5ad6c59fe13b347fd362f534	3350	=X/postgres,postgres=X/postgres,authenticated=X/postgres,service_role=X/postgres
142967	public	w62_df04_classify	p_receipt_ts timestamp with time zone, p_qty numeric, p_unit_cost numeric, p_has_doc boolean	text	FUNCTION	i	false	postgres		sql	f4d0c5f4145368c5a222c9e281ba91ea	707	=X/postgres,postgres=X/postgres,anon=X/postgres,authenticated=X/postgres,service_role=X/postgres
142909	public	w62_guard_wac_writer		trigger	FUNCTION	v	false	postgres	search_path=public, pg_temp	plpgsql	0c5cbc775a7fb20cda10c98ad21a90ed	315	=X/postgres,postgres=X/postgres,anon=X/postgres,authenticated=X/postgres,service_role=X/postgres
138616	public	withdraw_production_item_deprecated_6arg	p_item_id uuid, p_qty numeric, p_unit_cost numeric, p_store_id uuid, p_user_id uuid, p_idempotency_key text	jsonb	FUNCTION	v	true	postgres	search_path=public, extensions	plpgsql	26db3ed6351c8e85a2643dab9b889607	3068	postgres=X/postgres
142306	public	withdraw_production_item_deprecated_9arg	p_item_id uuid, p_qty numeric, p_unit_cost numeric, p_store_id uuid, p_user_id uuid, p_idempotency_key text, p_reference_id uuid, p_reference_doc text, p_server_side_cost boolean	jsonb	FUNCTION	v	true	postgres	search_path=public, extensions	plpgsql	119f9521fa7043654d535d7a9352a209	4322	postgres=X/postgres
142921	public	withdraw_production_item_v3	p_item_id uuid, p_qty numeric, p_store_id uuid, p_user_id uuid, p_idempotency_key text, p_reference_id uuid, p_reference_doc text	jsonb	FUNCTION	v	true	postgres	search_path=public, extensions	plpgsql	99cf3b60813493beb8558ab7823e904a	4599	postgres=X/postgres,service_role=X/postgres,authenticated=X/postgres
