═══ 202401230002_update_rls_for_encargado.sql ═══
psql:/home/z/my-project/Costpro/supabase/migrations/202401230002_update_rls_for_encargado.sql:2: NOTICE:  relation "public.profiles" does not exist, skipping
psql:/home/z/my-project/Costpro/supabase/migrations/202401230002_update_rls_for_encargado.sql:3: NOTICE:  relation "public.user_store_access" does not exist, skipping
psql:/home/z/my-project/Costpro/supabase/migrations/202401230002_update_rls_for_encargado.sql:4: NOTICE:  relation "public.stores" does not exist, skipping
psql:/home/z/my-project/Costpro/supabase/migrations/202401230002_update_rls_for_encargado.sql:19: ERROR:  relation "public.profiles" does not exist
psql:/home/z/my-project/Costpro/supabase/migrations/202401230002_update_rls_for_encargado.sql:32: ERROR:  relation "public.user_store_access" does not exist
psql:/home/z/my-project/Costpro/supabase/migrations/202401230002_update_rls_for_encargado.sql:41: ERROR:  relation "public.stores" does not exist
═══ 20240801_create_inventory_adjustments.sql ═══
psql:/home/z/my-project/Costpro/supabase/migrations/20240801_create_inventory_adjustments.sql:52: ERROR:  relation "stores" does not exist
psql:/home/z/my-project/Costpro/supabase/migrations/20240801_create_inventory_adjustments.sql:54: ERROR:  current transaction is aborted, commands ignored until end of transaction block
psql:/home/z/my-project/Costpro/supabase/migrations/20240801_create_inventory_adjustments.sql:55: ERROR:  current transaction is aborted, commands ignored until end of transaction block
psql:/home/z/my-project/Costpro/supabase/migrations/20240801_create_inventory_adjustments.sql:67: ERROR:  current transaction is aborted, commands ignored until end of transaction block
psql:/home/z/my-project/Costpro/supabase/migrations/20240801_create_inventory_adjustments.sql:69: ERROR:  current transaction is aborted, commands ignored until end of transaction block
psql:/home/z/my-project/Costpro/supabase/migrations/20240801_create_inventory_adjustments.sql:70: ERROR:  current transaction is aborted, commands ignored until end of transaction block
psql:/home/z/my-project/Costpro/supabase/migrations/20240801_create_inventory_adjustments.sql:74: ERROR:  current transaction is aborted, commands ignored until end of transaction block
psql:/home/z/my-project/Costpro/supabase/migrations/20240801_create_inventory_adjustments.sql:75: ERROR:  current transaction is aborted, commands ignored until end of transaction block
psql:/home/z/my-project/Costpro/supabase/migrations/20240801_create_inventory_adjustments.sql:80: ERROR:  current transaction is aborted, commands ignored until end of transaction block
psql:/home/z/my-project/Costpro/supabase/migrations/20240801_create_inventory_adjustments.sql:86: ERROR:  current transaction is aborted, commands ignored until end of transaction block
psql:/home/z/my-project/Costpro/supabase/migrations/20240801_create_inventory_adjustments.sql:94: ERROR:  current transaction is aborted, commands ignored until end of transaction block
psql:/home/z/my-project/Costpro/supabase/migrations/20240801_create_inventory_adjustments.sql:98: ERROR:  current transaction is aborted, commands ignored until end of transaction block
psql:/home/z/my-project/Costpro/supabase/migrations/20240801_create_inventory_adjustments.sql:101: ERROR:  current transaction is aborted, commands ignored until end of transaction block
psql:/home/z/my-project/Costpro/supabase/migrations/20240801_create_inventory_adjustments.sql:104: ERROR:  current transaction is aborted, commands ignored until end of transaction block
═══ 20240801_create_process_inventory_adjustment_function.sql ═══
psql:/home/z/my-project/Costpro/supabase/migrations/20240801_create_process_inventory_adjustment_function.sql:7: NOTICE:  type "public.adjustment_item[]" does not exist, skipping
psql:/home/z/my-project/Costpro/supabase/migrations/20240801_create_process_inventory_adjustment_function.sql:8: NOTICE:  type "public.adjustment_item" does not exist, skipping
psql:/home/z/my-project/Costpro/supabase/migrations/20240801_create_process_inventory_adjustment_function.sql:9: NOTICE:  type "public.variant_decomposition" does not exist, skipping
═══ 20260112_ensure_audit_rls.sql ═══
psql:/home/z/my-project/Costpro/supabase/migrations/20260112_ensure_audit_rls.sql:14: NOTICE:  relation "receipts" does not exist, skipping
psql:/home/z/my-project/Costpro/supabase/migrations/20260112_ensure_audit_rls.sql:15: NOTICE:  relation "receipt_items" does not exist, skipping
psql:/home/z/my-project/Costpro/supabase/migrations/20260112_ensure_audit_rls.sql:16: NOTICE:  relation "stock_movements" does not exist, skipping
psql:/home/z/my-project/Costpro/supabase/migrations/20260112_ensure_audit_rls.sql:17: NOTICE:  relation "inventory" does not exist, skipping
psql:/home/z/my-project/Costpro/supabase/migrations/20260112_ensure_audit_rls.sql:28: ERROR:  relation "public.receipts" does not exist
CONTEXT:  SQL statement "CREATE POLICY allow_select_authenticated ON public.receipts FOR SELECT USING (auth.role() IS NOT NULL);"
PL/pgSQL function inline_code_block line 4 at EXECUTE
psql:/home/z/my-project/Costpro/supabase/migrations/20260112_ensure_audit_rls.sql:44: ERROR:  current transaction is aborted, commands ignored until end of transaction block
psql:/home/z/my-project/Costpro/supabase/migrations/20260112_ensure_audit_rls.sql:69: ERROR:  current transaction is aborted, commands ignored until end of transaction block
═══ 20260113_add_optimistic_locking.sql ═══
psql:/home/z/my-project/Costpro/supabase/migrations/20260113_add_optimistic_locking.sql:8: ERROR:  relation "public.inventory" does not exist
═══ 20260113_consolidate_stock_source.sql ═══
psql:/home/z/my-project/Costpro/supabase/migrations/20260113_consolidate_stock_source.sql:23: ERROR:  relation "public.inventory" does not exist
psql:/home/z/my-project/Costpro/supabase/migrations/20260113_consolidate_stock_source.sql:70: ERROR:  current transaction is aborted, commands ignored until end of transaction block
═══ 20260113_strengthen_rls.sql ═══
psql:/home/z/my-project/Costpro/supabase/migrations/20260113_strengthen_rls.sql:18: ERROR:  function public.register_reception_wrapper(jsonb) does not exist
psql:/home/z/my-project/Costpro/supabase/migrations/20260113_strengthen_rls.sql:19: ERROR:  current transaction is aborted, commands ignored until end of transaction block
psql:/home/z/my-project/Costpro/supabase/migrations/20260113_strengthen_rls.sql:24: ERROR:  current transaction is aborted, commands ignored until end of transaction block
psql:/home/z/my-project/Costpro/supabase/migrations/20260113_strengthen_rls.sql:25: ERROR:  current transaction is aborted, commands ignored until end of transaction block
psql:/home/z/my-project/Costpro/supabase/migrations/20260113_strengthen_rls.sql:45: ERROR:  current transaction is aborted, commands ignored until end of transaction block
═══ 20260115_fix_inventory_immutability.sql ═══
psql:/home/z/my-project/Costpro/supabase/migrations/20260115_fix_inventory_immutability.sql:311: NOTICE:  relation "public.stock_movements" does not exist, skipping
psql:/home/z/my-project/Costpro/supabase/migrations/20260115_fix_inventory_immutability.sql:314: ERROR:  relation "public.stock_movements" does not exist
═══ 20260116_fix_audit_logs_permissions.sql ═══
psql:/home/z/my-project/Costpro/supabase/migrations/20260116_fix_audit_logs_permissions.sql:7: NOTICE:  relation "audit_logs" does not exist, skipping
psql:/home/z/my-project/Costpro/supabase/migrations/20260116_fix_audit_logs_permissions.sql:10: NOTICE:  relation "public.audit_logs" does not exist, skipping
psql:/home/z/my-project/Costpro/supabase/migrations/20260116_fix_audit_logs_permissions.sql:19: ERROR:  relation "public.audit_logs" does not exist
psql:/home/z/my-project/Costpro/supabase/migrations/20260116_fix_audit_logs_permissions.sql:22: ERROR:  current transaction is aborted, commands ignored until end of transaction block
psql:/home/z/my-project/Costpro/supabase/migrations/20260116_fix_audit_logs_permissions.sql:26: ERROR:  current transaction is aborted, commands ignored until end of transaction block
═══ 20260117_fix_receipts_profiles_relationship.sql ═══
psql:/home/z/my-project/Costpro/supabase/migrations/20260117_fix_receipts_profiles_relationship.sql:10: ERROR:  relation "public.receipts" does not exist
psql:/home/z/my-project/Costpro/supabase/migrations/20260117_fix_receipts_profiles_relationship.sql:18: ERROR:  current transaction is aborted, commands ignored until end of transaction block
═══ 20260118_multi_store_audit.sql ═══
psql:/home/z/my-project/Costpro/supabase/migrations/20260118_multi_store_audit.sql:36: NOTICE:  relation "public.profiles" does not exist, skipping
psql:/home/z/my-project/Costpro/supabase/migrations/20260118_multi_store_audit.sql:39: ERROR:  relation "public.profiles" does not exist
psql:/home/z/my-project/Costpro/supabase/migrations/20260118_multi_store_audit.sql:68: NOTICE:  relation "public.user_store_access" does not exist, skipping
psql:/home/z/my-project/Costpro/supabase/migrations/20260118_multi_store_audit.sql:71: ERROR:  relation "public.user_store_access" does not exist
═══ 20260118_multi_store_base.sql ═══
psql:/home/z/my-project/Costpro/supabase/migrations/20260118_multi_store_base.sql:12: ERROR:  type "user_role" does not exist
CONTEXT:  SQL statement "ALTER TYPE user_role ADD VALUE 'encargado'"
PL/pgSQL function inline_code_block line 4 at SQL statement
psql:/home/z/my-project/Costpro/supabase/migrations/20260118_multi_store_base.sql:16: NOTICE:  table "user_store_access" does not exist, skipping
psql:/home/z/my-project/Costpro/supabase/migrations/20260118_multi_store_base.sql:24: ERROR:  relation "public.stores" does not exist
psql:/home/z/my-project/Costpro/supabase/migrations/20260118_multi_store_base.sql:41: ERROR:  relation "public.profiles" does not exist
CONTEXT:  SQL statement "ALTER TABLE public.profiles ADD COLUMN IF NOT EXISTS active_store_id uuid REFERENCES public.stores(id) ON DELETE SET NULL"
PL/pgSQL function inline_code_block line 12 at SQL statement
psql:/home/z/my-project/Costpro/supabase/migrations/20260118_multi_store_base.sql:46: ERROR:  relation "public.profiles" does not exist
psql:/home/z/my-project/Costpro/supabase/migrations/20260118_multi_store_base.sql:50: ERROR:  relation "public.stores" does not exist
psql:/home/z/my-project/Costpro/supabase/migrations/20260118_multi_store_base.sql:58: ERROR:  relation "public.user_store_access" does not exist
LINE 1: INSERT INTO public.user_store_access (user_id, store_id)
                    ^
psql:/home/z/my-project/Costpro/supabase/migrations/20260118_multi_store_base.sql:65: ERROR:  relation "public.profiles" does not exist
LINE 1: UPDATE public.profiles
               ^
═══ 20260118_multi_store_logic.sql ═══
psql:/home/z/my-project/Costpro/supabase/migrations/20260118_multi_store_logic.sql:23: NOTICE:  relation "public.profiles" does not exist, skipping
psql:/home/z/my-project/Costpro/supabase/migrations/20260118_multi_store_logic.sql:27: ERROR:  relation "public.profiles" does not exist
psql:/home/z/my-project/Costpro/supabase/migrations/20260118_multi_store_logic.sql:50: ERROR:  type "user_role" does not exist
LINE 4:     v_creator_role user_role;
                           ^
psql:/home/z/my-project/Costpro/supabase/migrations/20260118_multi_store_logic.sql:52: NOTICE:  relation "public.stores" does not exist, skipping
psql:/home/z/my-project/Costpro/supabase/migrations/20260118_multi_store_logic.sql:55: ERROR:  relation "public.stores" does not exist
psql:/home/z/my-project/Costpro/supabase/migrations/20260118_multi_store_logic.sql:78: ERROR:  type "user_role" does not exist
LINE 4:     v_creator_role user_role;
                           ^
psql:/home/z/my-project/Costpro/supabase/migrations/20260118_multi_store_logic.sql:80: NOTICE:  relation "public.profiles" does not exist, skipping
psql:/home/z/my-project/Costpro/supabase/migrations/20260118_multi_store_logic.sql:83: ERROR:  relation "public.profiles" does not exist
psql:/home/z/my-project/Costpro/supabase/migrations/20260118_multi_store_logic.sql:103: NOTICE:  relation "public.stores" does not exist, skipping
psql:/home/z/my-project/Costpro/supabase/migrations/20260118_multi_store_logic.sql:106: ERROR:  relation "public.stores" does not exist
═══ 20260118_multi_store_managed_ops.sql ═══
psql:/home/z/my-project/Costpro/supabase/migrations/20260118_multi_store_managed_ops.sql:73: ERROR:  type user_role does not exist
═══ 20260118_multi_store_rls.sql ═══
psql:/home/z/my-project/Costpro/supabase/migrations/20260118_multi_store_rls.sql:55: ERROR:  type user_role does not exist
psql:/home/z/my-project/Costpro/supabase/migrations/20260118_multi_store_rls.sql:77: ERROR:  type user_role[] does not exist
psql:/home/z/my-project/Costpro/supabase/migrations/20260118_multi_store_rls.sql:81: ERROR:  relation "public.stores" does not exist
psql:/home/z/my-project/Costpro/supabase/migrations/20260118_multi_store_rls.sql:82: NOTICE:  relation "public.stores" does not exist, skipping
psql:/home/z/my-project/Costpro/supabase/migrations/20260118_multi_store_rls.sql:85: ERROR:  relation "public.stores" does not exist
psql:/home/z/my-project/Costpro/supabase/migrations/20260118_multi_store_rls.sql:87: NOTICE:  relation "public.stores" does not exist, skipping
psql:/home/z/my-project/Costpro/supabase/migrations/20260118_multi_store_rls.sql:94: ERROR:  relation "public.stores" does not exist
psql:/home/z/my-project/Costpro/supabase/migrations/20260118_multi_store_rls.sql:97: ERROR:  relation "public.profiles" does not exist
psql:/home/z/my-project/Costpro/supabase/migrations/20260118_multi_store_rls.sql:98: NOTICE:  relation "public.profiles" does not exist, skipping
psql:/home/z/my-project/Costpro/supabase/migrations/20260118_multi_store_rls.sql:105: ERROR:  relation "public.profiles" does not exist
psql:/home/z/my-project/Costpro/supabase/migrations/20260118_multi_store_rls.sql:107: NOTICE:  relation "public.profiles" does not exist, skipping
psql:/home/z/my-project/Costpro/supabase/migrations/20260118_multi_store_rls.sql:113: ERROR:  relation "public.profiles" does not exist
psql:/home/z/my-project/Costpro/supabase/migrations/20260118_multi_store_rls.sql:116: ERROR:  relation "public.user_store_access" does not exist
psql:/home/z/my-project/Costpro/supabase/migrations/20260118_multi_store_rls.sql:117: NOTICE:  relation "public.user_store_access" does not exist, skipping
psql:/home/z/my-project/Costpro/supabase/migrations/20260118_multi_store_rls.sql:120: ERROR:  relation "public.user_store_access" does not exist
psql:/home/z/my-project/Costpro/supabase/migrations/20260118_multi_store_rls.sql:122: NOTICE:  relation "public.user_store_access" does not exist, skipping
psql:/home/z/my-project/Costpro/supabase/migrations/20260118_multi_store_rls.sql:136: ERROR:  relation "public.user_store_access" does not exist
═══ 20260119_add_role_to_user_store_access.sql ═══
psql:/home/z/my-project/Costpro/supabase/migrations/20260119_add_role_to_user_store_access.sql:3: ERROR:  relation "public.user_store_access" does not exist
psql:/home/z/my-project/Costpro/supabase/migrations/20260119_add_role_to_user_store_access.sql:6: ERROR:  relation "public.user_store_access" does not exist
psql:/home/z/my-project/Costpro/supabase/migrations/20260119_add_role_to_user_store_access.sql:9: ERROR:  relation "public.user_store_access" does not exist
═══ 20260120_enterprise_multi_store.sql ═══
psql:/home/z/my-project/Costpro/supabase/migrations/20260120_enterprise_multi_store.sql:21: ERROR:  type "user_role" does not exist
LINE 5:     role user_role NOT NULL DEFAULT 'clerk',
                 ^
psql:/home/z/my-project/Costpro/supabase/migrations/20260120_enterprise_multi_store.sql:39: ERROR:  relation "public.user_store_memberships" does not exist
psql:/home/z/my-project/Costpro/supabase/migrations/20260120_enterprise_multi_store.sql:42: NOTICE:  relation "public.user_store_memberships" does not exist, skipping
psql:/home/z/my-project/Costpro/supabase/migrations/20260120_enterprise_multi_store.sql:45: ERROR:  relation "public.user_store_memberships" does not exist
psql:/home/z/my-project/Costpro/supabase/migrations/20260120_enterprise_multi_store.sql:47: NOTICE:  relation "public.user_store_memberships" does not exist, skipping
psql:/home/z/my-project/Costpro/supabase/migrations/20260120_enterprise_multi_store.sql:56: ERROR:  relation "public.user_store_memberships" does not exist
psql:/home/z/my-project/Costpro/supabase/migrations/20260120_enterprise_multi_store.sql:99: ERROR:  type "user_role" does not exist
LINE 8:     v_creator_role user_role;
                           ^
psql:/home/z/my-project/Costpro/supabase/migrations/20260120_enterprise_multi_store.sql:162: ERROR:  type user_role does not exist
psql:/home/z/my-project/Costpro/supabase/migrations/20260120_enterprise_multi_store.sql:173: NOTICE:  relation "public.user_store_memberships" does not exist, skipping
psql:/home/z/my-project/Costpro/supabase/migrations/20260120_enterprise_multi_store.sql:177: ERROR:  relation "public.user_store_memberships" does not exist
═══ 20260121_fix_and_unify_products.sql ═══
psql:/home/z/my-project/Costpro/supabase/migrations/20260121_fix_and_unify_products.sql:90: ERROR:  type "user_role" does not exist
LINE 28:   v_user_role user_role;
                       ^
psql:/home/z/my-project/Costpro/supabase/migrations/20260121_fix_and_unify_products.sql:175: ERROR:  type "user_role" does not exist
LINE 31:   v_user_role user_role;
                       ^
psql:/home/z/my-project/Costpro/supabase/migrations/20260121_fix_and_unify_products.sql:179: ERROR:  could not find a function named "public.get_products_for_pos"
psql:/home/z/my-project/Costpro/supabase/migrations/20260121_fix_and_unify_products.sql:181: ERROR:  could not find a function named "public.get_products_for_pos"
═══ 20260124_enforce_store_sku_uniqueness.sql ═══
psql:/home/z/my-project/Costpro/supabase/migrations/20260124_enforce_store_sku_uniqueness.sql:18: ERROR:  relation "public.products" does not exist
═══ 20260124_product_management_enhancements.sql ═══
psql:/home/z/my-project/Costpro/supabase/migrations/20260124_product_management_enhancements.sql:3: ERROR:  relation "public.products" does not exist
psql:/home/z/my-project/Costpro/supabase/migrations/20260124_product_management_enhancements.sql:6: NOTICE:  function public.get_products_for_pos(uuid,text,text) does not exist, skipping
psql:/home/z/my-project/Costpro/supabase/migrations/20260124_product_management_enhancements.sql:98: ERROR:  type "user_role" does not exist
LINE 33:   v_user_role user_role;
                       ^
psql:/home/z/my-project/Costpro/supabase/migrations/20260124_product_management_enhancements.sql:194: ERROR:  type "user_role" does not exist
LINE 30:   v_user_role user_role;
                       ^
═══ 20260125_fix_receipt_items_schema.sql ═══
psql:/home/z/my-project/Costpro/supabase/migrations/20260125_fix_receipt_items_schema.sql:7: ERROR:  relation "public.receipt_items" does not exist
psql:/home/z/my-project/Costpro/supabase/migrations/20260125_fix_receipt_items_schema.sql:11: ERROR:  relation "public.receipts" does not exist
psql:/home/z/my-project/Costpro/supabase/migrations/20260125_fix_receipt_items_schema.sql:15: ERROR:  relation "public.inventory" does not exist
═══ 20260126_final_rls_fix.sql ═══
psql:/home/z/my-project/Costpro/supabase/migrations/20260126_final_rls_fix.sql:34: ERROR:  relation "public.profiles" does not exist
psql:/home/z/my-project/Costpro/supabase/migrations/20260126_final_rls_fix.sql:35: ERROR:  current transaction is aborted, commands ignored until end of transaction block
psql:/home/z/my-project/Costpro/supabase/migrations/20260126_final_rls_fix.sql:36: ERROR:  current transaction is aborted, commands ignored until end of transaction block
psql:/home/z/my-project/Costpro/supabase/migrations/20260126_final_rls_fix.sql:37: ERROR:  current transaction is aborted, commands ignored until end of transaction block
psql:/home/z/my-project/Costpro/supabase/migrations/20260126_final_rls_fix.sql:38: ERROR:  current transaction is aborted, commands ignored until end of transaction block
psql:/home/z/my-project/Costpro/supabase/migrations/20260126_final_rls_fix.sql:39: ERROR:  current transaction is aborted, commands ignored until end of transaction block
psql:/home/z/my-project/Costpro/supabase/migrations/20260126_final_rls_fix.sql:52: ERROR:  current transaction is aborted, commands ignored until end of transaction block
psql:/home/z/my-project/Costpro/supabase/migrations/20260126_final_rls_fix.sql:59: ERROR:  current transaction is aborted, commands ignored until end of transaction block
psql:/home/z/my-project/Costpro/supabase/migrations/20260126_final_rls_fix.sql:62: ERROR:  current transaction is aborted, commands ignored until end of transaction block
psql:/home/z/my-project/Costpro/supabase/migrations/20260126_final_rls_fix.sql:63: ERROR:  current transaction is aborted, commands ignored until end of transaction block
psql:/home/z/my-project/Costpro/supabase/migrations/20260126_final_rls_fix.sql:64: ERROR:  current transaction is aborted, commands ignored until end of transaction block
psql:/home/z/my-project/Costpro/supabase/migrations/20260126_final_rls_fix.sql:65: ERROR:  current transaction is aborted, commands ignored until end of transaction block
psql:/home/z/my-project/Costpro/supabase/migrations/20260126_final_rls_fix.sql:66: ERROR:  current transaction is aborted, commands ignored until end of transaction block
psql:/home/z/my-project/Costpro/supabase/migrations/20260126_final_rls_fix.sql:67: ERROR:  current transaction is aborted, commands ignored until end of transaction block
psql:/home/z/my-project/Costpro/supabase/migrations/20260126_final_rls_fix.sql:75: ERROR:  current transaction is aborted, commands ignored until end of transaction block
psql:/home/z/my-project/Costpro/supabase/migrations/20260126_final_rls_fix.sql:82: ERROR:  current transaction is aborted, commands ignored until end of transaction block
psql:/home/z/my-project/Costpro/supabase/migrations/20260126_final_rls_fix.sql:85: ERROR:  current transaction is aborted, commands ignored until end of transaction block
psql:/home/z/my-project/Costpro/supabase/migrations/20260126_final_rls_fix.sql:86: ERROR:  current transaction is aborted, commands ignored until end of transaction block
psql:/home/z/my-project/Costpro/supabase/migrations/20260126_final_rls_fix.sql:87: ERROR:  current transaction is aborted, commands ignored until end of transaction block
psql:/home/z/my-project/Costpro/supabase/migrations/20260126_final_rls_fix.sql:88: ERROR:  current transaction is aborted, commands ignored until end of transaction block
psql:/home/z/my-project/Costpro/supabase/migrations/20260126_final_rls_fix.sql:89: ERROR:  current transaction is aborted, commands ignored until end of transaction block
psql:/home/z/my-project/Costpro/supabase/migrations/20260126_final_rls_fix.sql:101: ERROR:  current transaction is aborted, commands ignored until end of transaction block
psql:/home/z/my-project/Costpro/supabase/migrations/20260126_final_rls_fix.sql:108: ERROR:  current transaction is aborted, commands ignored until end of transaction block
psql:/home/z/my-project/Costpro/supabase/migrations/20260126_final_rls_fix.sql:115: ERROR:  current transaction is aborted, commands ignored until end of transaction block
psql:/home/z/my-project/Costpro/supabase/migrations/20260126_final_rls_fix.sql:121: ERROR:  current transaction is aborted, commands ignored until end of transaction block
═══ 20260126_fix_audit_logs_rls_and_schema.sql ═══
psql:/home/z/my-project/Costpro/supabase/migrations/20260126_fix_audit_logs_rls_and_schema.sql:9: NOTICE:  relation "audit_logs" does not exist, skipping
psql:/home/z/my-project/Costpro/supabase/migrations/20260126_fix_audit_logs_rls_and_schema.sql:12: ERROR:  relation "public.audit_logs" does not exist
LINE 1: UPDATE public.audit_logs SET updated_at = created_at WHERE u...
               ^
psql:/home/z/my-project/Costpro/supabase/migrations/20260126_fix_audit_logs_rls_and_schema.sql:15: ERROR:  current transaction is aborted, commands ignored until end of transaction block
psql:/home/z/my-project/Costpro/supabase/migrations/20260126_fix_audit_logs_rls_and_schema.sql:19: ERROR:  current transaction is aborted, commands ignored until end of transaction block
psql:/home/z/my-project/Costpro/supabase/migrations/20260126_fix_audit_logs_rls_and_schema.sql:23: ERROR:  current transaction is aborted, commands ignored until end of transaction block
psql:/home/z/my-project/Costpro/supabase/migrations/20260126_fix_audit_logs_rls_and_schema.sql:32: ERROR:  current transaction is aborted, commands ignored until end of transaction block
psql:/home/z/my-project/Costpro/supabase/migrations/20260126_fix_audit_logs_rls_and_schema.sql:36: ERROR:  current transaction is aborted, commands ignored until end of transaction block
psql:/home/z/my-project/Costpro/supabase/migrations/20260126_fix_audit_logs_rls_and_schema.sql:39: ERROR:  current transaction is aborted, commands ignored until end of transaction block
psql:/home/z/my-project/Costpro/supabase/migrations/20260126_fix_audit_logs_rls_and_schema.sql:42: ERROR:  current transaction is aborted, commands ignored until end of transaction block
psql:/home/z/my-project/Costpro/supabase/migrations/20260126_fix_audit_logs_rls_and_schema.sql:45: ERROR:  current transaction is aborted, commands ignored until end of transaction block
═══ 20260126_fix_managed_create_user.sql ═══
psql:/home/z/my-project/Costpro/supabase/migrations/20260126_fix_managed_create_user.sql:89: ERROR:  type user_role does not exist
═══ 20260126_harden_profiles_rls.sql ═══
psql:/home/z/my-project/Costpro/supabase/migrations/20260126_harden_profiles_rls.sql:20: NOTICE:  relation "public.profiles" does not exist, skipping
psql:/home/z/my-project/Costpro/supabase/migrations/20260126_harden_profiles_rls.sql:33: ERROR:  relation "public.profiles" does not exist
═══ 20260127_canonical_stock_movement.sql ═══
psql:/home/z/my-project/Costpro/supabase/migrations/20260127_canonical_stock_movement.sql:9: NOTICE:  function public.register_stock_movement(uuid,uuid,uuid,pg_catalog.int4,text,text,uuid,pg_catalog.int4,text) does not exist, skipping
psql:/home/z/my-project/Costpro/supabase/migrations/20260127_canonical_stock_movement.sql:10: NOTICE:  function public.register_stock_movement(uuid,uuid,uuid,pg_catalog.int4,text,text,uuid,pg_catalog.int4) does not exist, skipping
psql:/home/z/my-project/Costpro/supabase/migrations/20260127_canonical_stock_movement.sql:12: NOTICE:  type "public.movement_type" does not exist, skipping
psql:/home/z/my-project/Costpro/supabase/migrations/20260127_canonical_stock_movement.sql:13: NOTICE:  type "public.movement_type" does not exist, skipping
psql:/home/z/my-project/Costpro/supabase/migrations/20260127_canonical_stock_movement.sql:14: NOTICE:  function public.register_stock_movement(uuid,uuid,uuid,pg_catalog.int4,text,text,uuid,pg_catalog.int4,text,text) does not exist, skipping
psql:/home/z/my-project/Costpro/supabase/migrations/20260127_canonical_stock_movement.sql:17: ERROR:  relation "public.stock_movements" does not exist
psql:/home/z/my-project/Costpro/supabase/migrations/20260127_canonical_stock_movement.sql:82: ERROR:  current transaction is aborted, commands ignored until end of transaction block
psql:/home/z/my-project/Costpro/supabase/migrations/20260127_canonical_stock_movement.sql:168: ERROR:  current transaction is aborted, commands ignored until end of transaction block
psql:/home/z/my-project/Costpro/supabase/migrations/20260127_canonical_stock_movement.sql:256: ERROR:  current transaction is aborted, commands ignored until end of transaction block
psql:/home/z/my-project/Costpro/supabase/migrations/20260127_canonical_stock_movement.sql:276: ERROR:  current transaction is aborted, commands ignored until end of transaction block
psql:/home/z/my-project/Costpro/supabase/migrations/20260127_canonical_stock_movement.sql:313: ERROR:  current transaction is aborted, commands ignored until end of transaction block
psql:/home/z/my-project/Costpro/supabase/migrations/20260127_canonical_stock_movement.sql:352: ERROR:  current transaction is aborted, commands ignored until end of transaction block
psql:/home/z/my-project/Costpro/supabase/migrations/20260127_canonical_stock_movement.sql:395: ERROR:  current transaction is aborted, commands ignored until end of transaction block
psql:/home/z/my-project/Costpro/supabase/migrations/20260127_canonical_stock_movement.sql:415: ERROR:  current transaction is aborted, commands ignored until end of transaction block
psql:/home/z/my-project/Costpro/supabase/migrations/20260127_canonical_stock_movement.sql:512: ERROR:  current transaction is aborted, commands ignored until end of transaction block
═══ 20260127_enhance_audit_logs.sql ═══
psql:/home/z/my-project/Costpro/supabase/migrations/20260127_enhance_audit_logs.sql:8: NOTICE:  relation "audit_logs" does not exist, skipping
psql:/home/z/my-project/Costpro/supabase/migrations/20260127_enhance_audit_logs.sql:90: NOTICE:  relation "public.user_store_memberships" does not exist, skipping
psql:/home/z/my-project/Costpro/supabase/migrations/20260127_enhance_audit_logs.sql:93: ERROR:  relation "public.user_store_memberships" does not exist
psql:/home/z/my-project/Costpro/supabase/migrations/20260127_enhance_audit_logs.sql:133: ERROR:  current transaction is aborted, commands ignored until end of transaction block
psql:/home/z/my-project/Costpro/supabase/migrations/20260127_enhance_audit_logs.sql:161: ERROR:  current transaction is aborted, commands ignored until end of transaction block
psql:/home/z/my-project/Costpro/supabase/migrations/20260127_enhance_audit_logs.sql:342: ERROR:  current transaction is aborted, commands ignored until end of transaction block
psql:/home/z/my-project/Costpro/supabase/migrations/20260127_enhance_audit_logs.sql:345: ERROR:  current transaction is aborted, commands ignored until end of transaction block
psql:/home/z/my-project/Costpro/supabase/migrations/20260127_enhance_audit_logs.sql:346: ERROR:  current transaction is aborted, commands ignored until end of transaction block
psql:/home/z/my-project/Costpro/supabase/migrations/20260127_enhance_audit_logs.sql:347: ERROR:  current transaction is aborted, commands ignored until end of transaction block
psql:/home/z/my-project/Costpro/supabase/migrations/20260127_enhance_audit_logs.sql:352: ERROR:  current transaction is aborted, commands ignored until end of transaction block
psql:/home/z/my-project/Costpro/supabase/migrations/20260127_enhance_audit_logs.sql:363: ERROR:  current transaction is aborted, commands ignored until end of transaction block
psql:/home/z/my-project/Costpro/supabase/migrations/20260127_enhance_audit_logs.sql:366: ERROR:  current transaction is aborted, commands ignored until end of transaction block
psql:/home/z/my-project/Costpro/supabase/migrations/20260127_enhance_audit_logs.sql:433: ERROR:  current transaction is aborted, commands ignored until end of transaction block
psql:/home/z/my-project/Costpro/supabase/migrations/20260127_enhance_audit_logs.sql:435: ERROR:  current transaction is aborted, commands ignored until end of transaction block
═══ 20260128_final_hardening_schema.sql ═══
psql:/home/z/my-project/Costpro/supabase/migrations/20260128_final_hardening_schema.sql:9: NOTICE:  relation "stores" does not exist, skipping
psql:/home/z/my-project/Costpro/supabase/migrations/20260128_final_hardening_schema.sql:14: NOTICE:  relation "profiles" does not exist, skipping
═══ 20260128_fix_dashboard_ambiguity.sql ═══
psql:/home/z/my-project/Costpro/supabase/migrations/20260128_fix_dashboard_ambiguity.sql:8: NOTICE:  function public.get_dashboard_kpis(uuid) does not exist, skipping
═══ 20260128_fix_unit_cost_precision.sql ═══
psql:/home/z/my-project/Costpro/supabase/migrations/20260128_fix_unit_cost_precision.sql:8: NOTICE:  function public.register_stock_movement(uuid,uuid,uuid,pg_catalog.int4,text,text,uuid,pg_catalog.int4,text) does not exist, skipping
═══ 20260201_alignment_fix.sql ═══
psql:/home/z/my-project/Costpro/supabase/migrations/20260201_alignment_fix.sql:12: NOTICE:  relation "profiles" does not exist, skipping
psql:/home/z/my-project/Costpro/supabase/migrations/20260201_alignment_fix.sql:17: NOTICE:  relation "audit_logs" does not exist, skipping
psql:/home/z/my-project/Costpro/supabase/migrations/20260201_alignment_fix.sql:20: ERROR:  relation "public.audit_logs" does not exist
psql:/home/z/my-project/Costpro/supabase/migrations/20260201_alignment_fix.sql:21: ERROR:  current transaction is aborted, commands ignored until end of transaction block
psql:/home/z/my-project/Costpro/supabase/migrations/20260201_alignment_fix.sql:104: ERROR:  current transaction is aborted, commands ignored until end of transaction block
psql:/home/z/my-project/Costpro/supabase/migrations/20260201_alignment_fix.sql:106: ERROR:  current transaction is aborted, commands ignored until end of transaction block
═══ 20260205_production_alignment_v2.sql ═══
psql:/home/z/my-project/Costpro/supabase/migrations/20260205_production_alignment_v2.sql:13: NOTICE:  relation "profiles" does not exist, skipping
psql:/home/z/my-project/Costpro/supabase/migrations/20260205_production_alignment_v2.sql:18: NOTICE:  relation "audit_logs" does not exist, skipping
═══ 20260209_fix_critical_rls_issues.sql ═══
psql:/home/z/my-project/Costpro/supabase/migrations/20260209_fix_critical_rls_issues.sql:76: NOTICE:  relation "public.stores" does not exist, skipping
psql:/home/z/my-project/Costpro/supabase/migrations/20260209_fix_critical_rls_issues.sql:77: NOTICE:  relation "public.stores" does not exist, skipping
psql:/home/z/my-project/Costpro/supabase/migrations/20260209_fix_critical_rls_issues.sql:78: NOTICE:  relation "public.stores" does not exist, skipping
psql:/home/z/my-project/Costpro/supabase/migrations/20260209_fix_critical_rls_issues.sql:95: ERROR:  relation "public.stores" does not exist
psql:/home/z/my-project/Costpro/supabase/migrations/20260209_fix_critical_rls_issues.sql:111: ERROR:  current transaction is aborted, commands ignored until end of transaction block
psql:/home/z/my-project/Costpro/supabase/migrations/20260209_fix_critical_rls_issues.sql:138: ERROR:  current transaction is aborted, commands ignored until end of transaction block
psql:/home/z/my-project/Costpro/supabase/migrations/20260209_fix_critical_rls_issues.sql:144: ERROR:  current transaction is aborted, commands ignored until end of transaction block
psql:/home/z/my-project/Costpro/supabase/migrations/20260209_fix_critical_rls_issues.sql:155: ERROR:  current transaction is aborted, commands ignored until end of transaction block
psql:/home/z/my-project/Costpro/supabase/migrations/20260209_fix_critical_rls_issues.sql:158: ERROR:  current transaction is aborted, commands ignored until end of transaction block
psql:/home/z/my-project/Costpro/supabase/migrations/20260209_fix_critical_rls_issues.sql:186: ERROR:  current transaction is aborted, commands ignored until end of transaction block
═══ 20260211_create_transfers.sql ═══
psql:/home/z/my-project/Costpro/supabase/migrations/20260211_create_transfers.sql:24: ERROR:  relation "public.stores" does not exist
psql:/home/z/my-project/Costpro/supabase/migrations/20260211_create_transfers.sql:33: ERROR:  relation "public.transfers" does not exist
psql:/home/z/my-project/Costpro/supabase/migrations/20260211_create_transfers.sql:36: ERROR:  relation "public.transfers" does not exist
psql:/home/z/my-project/Costpro/supabase/migrations/20260211_create_transfers.sql:37: ERROR:  relation "public.transfer_items" does not exist
psql:/home/z/my-project/Costpro/supabase/migrations/20260211_create_transfers.sql:41: NOTICE:  relation "public.transfers" does not exist, skipping
psql:/home/z/my-project/Costpro/supabase/migrations/20260211_create_transfers.sql:46: ERROR:  relation "public.transfers" does not exist
psql:/home/z/my-project/Costpro/supabase/migrations/20260211_create_transfers.sql:48: NOTICE:  relation "public.transfers" does not exist, skipping
psql:/home/z/my-project/Costpro/supabase/migrations/20260211_create_transfers.sql:53: ERROR:  relation "public.transfers" does not exist
psql:/home/z/my-project/Costpro/supabase/migrations/20260211_create_transfers.sql:56: NOTICE:  relation "public.transfer_items" does not exist, skipping
psql:/home/z/my-project/Costpro/supabase/migrations/20260211_create_transfers.sql:60: ERROR:  relation "public.transfer_items" does not exist
psql:/home/z/my-project/Costpro/supabase/migrations/20260211_create_transfers.sql:62: NOTICE:  relation "public.transfer_items" does not exist, skipping
psql:/home/z/my-project/Costpro/supabase/migrations/20260211_create_transfers.sql:67: ERROR:  relation "public.transfer_items" does not exist
psql:/home/z/my-project/Costpro/supabase/migrations/20260211_create_transfers.sql:91: ERROR:  type "public.stores" does not exist
═══ 20260212_fix_has_role_overload.sql ═══
psql:/home/z/my-project/Costpro/supabase/migrations/20260212_fix_has_role_overload.sql:28: ERROR:  type public.user_role does not exist
═══ 20260213_cash_closures_hardening.sql ═══
psql:/home/z/my-project/Costpro/supabase/migrations/20260213_cash_closures_hardening.sql:23: ERROR:  relation "public.profiles" does not exist
psql:/home/z/my-project/Costpro/supabase/migrations/20260213_cash_closures_hardening.sql:63: ERROR:  current transaction is aborted, commands ignored until end of transaction block
psql:/home/z/my-project/Costpro/supabase/migrations/20260213_cash_closures_hardening.sql:66: ERROR:  current transaction is aborted, commands ignored until end of transaction block
psql:/home/z/my-project/Costpro/supabase/migrations/20260213_cash_closures_hardening.sql:68: ERROR:  current transaction is aborted, commands ignored until end of transaction block
psql:/home/z/my-project/Costpro/supabase/migrations/20260213_cash_closures_hardening.sql:71: ERROR:  current transaction is aborted, commands ignored until end of transaction block
psql:/home/z/my-project/Costpro/supabase/migrations/20260213_cash_closures_hardening.sql:73: ERROR:  current transaction is aborted, commands ignored until end of transaction block
psql:/home/z/my-project/Costpro/supabase/migrations/20260213_cash_closures_hardening.sql:76: ERROR:  current transaction is aborted, commands ignored until end of transaction block
psql:/home/z/my-project/Costpro/supabase/migrations/20260213_cash_closures_hardening.sql:78: ERROR:  current transaction is aborted, commands ignored until end of transaction block
psql:/home/z/my-project/Costpro/supabase/migrations/20260213_cash_closures_hardening.sql:81: ERROR:  current transaction is aborted, commands ignored until end of transaction block
psql:/home/z/my-project/Costpro/supabase/migrations/20260213_cash_closures_hardening.sql:117: ERROR:  current transaction is aborted, commands ignored until end of transaction block
═══ 20260214_fix_transfers_logic.sql ═══
psql:/home/z/my-project/Costpro/supabase/migrations/20260214_fix_transfers_logic.sql:20: ERROR:  relation "public.transfer_items" does not exist
psql:/home/z/my-project/Costpro/supabase/migrations/20260214_fix_transfers_logic.sql:51: ERROR:  current transaction is aborted, commands ignored until end of transaction block
psql:/home/z/my-project/Costpro/supabase/migrations/20260214_fix_transfers_logic.sql:166: ERROR:  current transaction is aborted, commands ignored until end of transaction block
═══ 20260215_comprehensive_audit_logging.sql ═══
psql:/home/z/my-project/Costpro/supabase/migrations/20260215_comprehensive_audit_logging.sql:83: NOTICE:  relation "public.profiles" does not exist, skipping
psql:/home/z/my-project/Costpro/supabase/migrations/20260215_comprehensive_audit_logging.sql:86: ERROR:  relation "public.profiles" does not exist
psql:/home/z/my-project/Costpro/supabase/migrations/20260215_comprehensive_audit_logging.sql:137: ERROR:  current transaction is aborted, commands ignored until end of transaction block
psql:/home/z/my-project/Costpro/supabase/migrations/20260215_comprehensive_audit_logging.sql:139: ERROR:  current transaction is aborted, commands ignored until end of transaction block
psql:/home/z/my-project/Costpro/supabase/migrations/20260215_comprehensive_audit_logging.sql:142: ERROR:  current transaction is aborted, commands ignored until end of transaction block
psql:/home/z/my-project/Costpro/supabase/migrations/20260215_comprehensive_audit_logging.sql:163: ERROR:  current transaction is aborted, commands ignored until end of transaction block
psql:/home/z/my-project/Costpro/supabase/migrations/20260215_comprehensive_audit_logging.sql:165: ERROR:  current transaction is aborted, commands ignored until end of transaction block
psql:/home/z/my-project/Costpro/supabase/migrations/20260215_comprehensive_audit_logging.sql:168: ERROR:  current transaction is aborted, commands ignored until end of transaction block
psql:/home/z/my-project/Costpro/supabase/migrations/20260215_comprehensive_audit_logging.sql:273: ERROR:  current transaction is aborted, commands ignored until end of transaction block
psql:/home/z/my-project/Costpro/supabase/migrations/20260215_comprehensive_audit_logging.sql:373: ERROR:  current transaction is aborted, commands ignored until end of transaction block
psql:/home/z/my-project/Costpro/supabase/migrations/20260215_comprehensive_audit_logging.sql:423: ERROR:  current transaction is aborted, commands ignored until end of transaction block
psql:/home/z/my-project/Costpro/supabase/migrations/20260215_comprehensive_audit_logging.sql:550: ERROR:  current transaction is aborted, commands ignored until end of transaction block
═══ 20260215_fix_sale_price_error.sql ═══
psql:/home/z/my-project/Costpro/supabase/migrations/20260215_fix_sale_price_error.sql:79: NOTICE:  relation "public.products" does not exist, skipping
psql:/home/z/my-project/Costpro/supabase/migrations/20260215_fix_sale_price_error.sql:84: ERROR:  relation "public.products" does not exist
═══ 20260216_create_receipt_items.sql ═══
psql:/home/z/my-project/Costpro/supabase/migrations/20260216_create_receipt_items.sql:15: ERROR:  relation "public.receipts" does not exist
psql:/home/z/my-project/Costpro/supabase/migrations/20260216_create_receipt_items.sql:18: ERROR:  current transaction is aborted, commands ignored until end of transaction block
psql:/home/z/my-project/Costpro/supabase/migrations/20260216_create_receipt_items.sql:22: ERROR:  current transaction is aborted, commands ignored until end of transaction block
psql:/home/z/my-project/Costpro/supabase/migrations/20260216_create_receipt_items.sql:35: ERROR:  current transaction is aborted, commands ignored until end of transaction block
psql:/home/z/my-project/Costpro/supabase/migrations/20260216_create_receipt_items.sql:38: ERROR:  current transaction is aborted, commands ignored until end of transaction block
psql:/home/z/my-project/Costpro/supabase/migrations/20260216_create_receipt_items.sql:51: ERROR:  current transaction is aborted, commands ignored until end of transaction block
psql:/home/z/my-project/Costpro/supabase/migrations/20260216_create_receipt_items.sql:54: ERROR:  current transaction is aborted, commands ignored until end of transaction block
psql:/home/z/my-project/Costpro/supabase/migrations/20260216_create_receipt_items.sql:55: ERROR:  current transaction is aborted, commands ignored until end of transaction block
psql:/home/z/my-project/Costpro/supabase/migrations/20260216_create_receipt_items.sql:58: ERROR:  current transaction is aborted, commands ignored until end of transaction block
psql:/home/z/my-project/Costpro/supabase/migrations/20260216_create_receipt_items.sql:59: ERROR:  current transaction is aborted, commands ignored until end of transaction block
═══ 20260216_fix_schema_discrepancies.sql ═══
psql:/home/z/my-project/Costpro/supabase/migrations/20260216_fix_schema_discrepancies.sql:8: ERROR:  relation "public.products" does not exist
psql:/home/z/my-project/Costpro/supabase/migrations/20260216_fix_schema_discrepancies.sql:26: ERROR:  current transaction is aborted, commands ignored until end of transaction block
psql:/home/z/my-project/Costpro/supabase/migrations/20260216_fix_schema_discrepancies.sql:30: ERROR:  current transaction is aborted, commands ignored until end of transaction block
psql:/home/z/my-project/Costpro/supabase/migrations/20260216_fix_schema_discrepancies.sql:38: ERROR:  current transaction is aborted, commands ignored until end of transaction block
═══ 20260217_create_sync_log.sql ═══
psql:/home/z/my-project/Costpro/supabase/migrations/20260217_create_sync_log.sql:15: ERROR:  relation "public.stores" does not exist
psql:/home/z/my-project/Costpro/supabase/migrations/20260217_create_sync_log.sql:18: ERROR:  current transaction is aborted, commands ignored until end of transaction block
psql:/home/z/my-project/Costpro/supabase/migrations/20260217_create_sync_log.sql:23: ERROR:  current transaction is aborted, commands ignored until end of transaction block
psql:/home/z/my-project/Costpro/supabase/migrations/20260217_create_sync_log.sql:28: ERROR:  current transaction is aborted, commands ignored until end of transaction block
psql:/home/z/my-project/Costpro/supabase/migrations/20260217_create_sync_log.sql:31: ERROR:  current transaction is aborted, commands ignored until end of transaction block
psql:/home/z/my-project/Costpro/supabase/migrations/20260217_create_sync_log.sql:32: ERROR:  current transaction is aborted, commands ignored until end of transaction block
psql:/home/z/my-project/Costpro/supabase/migrations/20260217_create_sync_log.sql:34: ERROR:  current transaction is aborted, commands ignored until end of transaction block
psql:/home/z/my-project/Costpro/supabase/migrations/20260217_create_sync_log.sql:35: ERROR:  current transaction is aborted, commands ignored until end of transaction block
═══ 20260217_update_sync_log_rls.sql ═══
psql:/home/z/my-project/Costpro/supabase/migrations/20260217_update_sync_log_rls.sql:10: ERROR:  relation "public.sync_log" does not exist
═══ 20260218_add_user_ai_settings.sql ═══
psql:/home/z/my-project/Costpro/supabase/migrations/20260218_add_user_ai_settings.sql:9: ERROR:  relation "public.profiles" does not exist
psql:/home/z/my-project/Costpro/supabase/migrations/20260218_add_user_ai_settings.sql:11: ERROR:  current transaction is aborted, commands ignored until end of transaction block
═══ 20260220_create_reports_schema.sql ═══
psql:/home/z/my-project/Costpro/supabase/migrations/20260220_create_reports_schema.sql:18: ERROR:  relation "public.stores" does not exist
psql:/home/z/my-project/Costpro/supabase/migrations/20260220_create_reports_schema.sql:31: ERROR:  relation "public.report_definitions" does not exist
psql:/home/z/my-project/Costpro/supabase/migrations/20260220_create_reports_schema.sql:34: ERROR:  relation "public.report_definitions" does not exist
psql:/home/z/my-project/Costpro/supabase/migrations/20260220_create_reports_schema.sql:35: ERROR:  relation "public.report_runs" does not exist
psql:/home/z/my-project/Costpro/supabase/migrations/20260220_create_reports_schema.sql:75: ERROR:  relation "public.report_definitions" does not exist
CONTEXT:  SQL statement "CREATE POLICY "Users can view their own report definitions"
            ON public.report_definitions FOR SELECT
            USING (auth.uid() = created_by OR EXISTS (
                SELECT 1 FROM public.user_store_memberships
                WHERE user_id = auth.uid() AND store_id = report_definitions.store_id AND role IN ('admin', 'manager', 'encargado')
            ))"
PL/pgSQL function inline_code_block line 4 at SQL statement
psql:/home/z/my-project/Costpro/supabase/migrations/20260220_create_reports_schema.sql:78: ERROR:  relation "public.report_definitions" does not exist
psql:/home/z/my-project/Costpro/supabase/migrations/20260220_create_reports_schema.sql:79: ERROR:  relation "public.report_runs" does not exist
psql:/home/z/my-project/Costpro/supabase/migrations/20260220_create_reports_schema.sql:80: ERROR:  relation "public.report_definitions" does not exist
psql:/home/z/my-project/Costpro/supabase/migrations/20260220_create_reports_schema.sql:81: ERROR:  relation "public.report_runs" does not exist
═══ 20260221_create_reports_bucket.sql ═══
psql:/home/z/my-project/Costpro/supabase/migrations/20260221_create_reports_bucket.sql:30: ERROR:  relation "storage.objects" does not exist
CONTEXT:  SQL statement "CREATE POLICY "Public Access to Reports"
        ON storage.objects FOR SELECT
        USING (bucket_id = 'reports')"
PL/pgSQL function inline_code_block line 9 at SQL statement
psql:/home/z/my-project/Costpro/supabase/migrations/20260221_create_reports_bucket.sql:45: ERROR:  relation "storage.objects" does not exist
CONTEXT:  SQL statement "CREATE POLICY "Authenticated Upload to Reports"
        ON storage.objects FOR INSERT
        WITH CHECK (bucket_id = 'reports' AND auth.role() = 'authenticated')"
PL/pgSQL function inline_code_block line 9 at SQL statement
psql:/home/z/my-project/Costpro/supabase/migrations/20260221_create_reports_bucket.sql:60: ERROR:  relation "storage.objects" does not exist
CONTEXT:  SQL statement "CREATE POLICY "Authenticated Delete Own Reports"
        ON storage.objects FOR DELETE
        USING (bucket_id = 'reports' AND auth.role() = 'authenticated')"
PL/pgSQL function inline_code_block line 9 at SQL statement
═══ 20260223_fix_rls_recursion.sql ═══
psql:/home/z/my-project/Costpro/supabase/migrations/20260223_fix_rls_recursion.sql:39: NOTICE:  relation "public.profiles" does not exist, skipping
psql:/home/z/my-project/Costpro/supabase/migrations/20260223_fix_rls_recursion.sql:47: ERROR:  relation "public.profiles" does not exist
psql:/home/z/my-project/Costpro/supabase/migrations/20260223_fix_rls_recursion.sql:50: ERROR:  current transaction is aborted, commands ignored until end of transaction block
psql:/home/z/my-project/Costpro/supabase/migrations/20260223_fix_rls_recursion.sql:58: ERROR:  current transaction is aborted, commands ignored until end of transaction block
═══ 20260223_harden_user_management.sql ═══
psql:/home/z/my-project/Costpro/supabase/migrations/20260223_harden_user_management.sql:93: NOTICE:  relation "public.user_store_memberships" does not exist, skipping
psql:/home/z/my-project/Costpro/supabase/migrations/20260223_harden_user_management.sql:105: ERROR:  relation "public.user_store_memberships" does not exist
═══ 20260223_unify_and_cleanup_memberships.sql ═══
psql:/home/z/my-project/Costpro/supabase/migrations/20260223_unify_and_cleanup_memberships.sql:7: NOTICE:  table "user_store_access" does not exist, skipping
═══ 20260224_improve_visibility.sql ═══
psql:/home/z/my-project/Costpro/supabase/migrations/20260224_improve_visibility.sql:10: NOTICE:  relation "public.stores" does not exist, skipping
psql:/home/z/my-project/Costpro/supabase/migrations/20260224_improve_visibility.sql:13: ERROR:  relation "public.stores" does not exist
psql:/home/z/my-project/Costpro/supabase/migrations/20260224_improve_visibility.sql:18: ERROR:  current transaction is aborted, commands ignored until end of transaction block
psql:/home/z/my-project/Costpro/supabase/migrations/20260224_improve_visibility.sql:27: ERROR:  current transaction is aborted, commands ignored until end of transaction block
═══ 20260225_create_rss_module.sql ═══
psql:/home/z/my-project/Costpro/supabase/migrations/20260225_create_rss_module.sql:36: ERROR:  function public.has_role(unknown) does not exist
HINT:  No function matches the given name and argument types. You might need to add explicit type casts.
CONTEXT:  SQL statement "CREATE POLICY "Admins can manage feeds" ON public.rss_feeds FOR ALL TO authenticated USING (public.has_role('admin'))"
PL/pgSQL function inline_code_block line 7 at SQL statement
psql:/home/z/my-project/Costpro/supabase/migrations/20260225_create_rss_module.sql:47: ERROR:  function public.has_role(unknown) does not exist
HINT:  No function matches the given name and argument types. You might need to add explicit type casts.
CONTEXT:  SQL statement "CREATE POLICY "Admins can manage settings" ON public.rss_settings FOR ALL TO authenticated USING (public.has_role('admin'))"
PL/pgSQL function inline_code_block line 7 at SQL statement
═══ 20260226_fix_product_store_isolation.sql ═══
psql:/home/z/my-project/Costpro/supabase/migrations/20260226_fix_product_store_isolation.sql:103: ERROR:  type "user_role" does not exist
LINE 30:   v_user_role user_role;
                       ^
psql:/home/z/my-project/Costpro/supabase/migrations/20260226_fix_product_store_isolation.sql:199: ERROR:  current transaction is aborted, commands ignored until end of transaction block
═══ 20260228_implement_taxes.sql ═══
psql:/home/z/my-project/Costpro/supabase/migrations/20260228_implement_taxes.sql:18: ERROR:  relation "public.stores" does not exist
psql:/home/z/my-project/Costpro/supabase/migrations/20260228_implement_taxes.sql:23: ERROR:  current transaction is aborted, commands ignored until end of transaction block
psql:/home/z/my-project/Costpro/supabase/migrations/20260228_implement_taxes.sql:31: ERROR:  current transaction is aborted, commands ignored until end of transaction block
psql:/home/z/my-project/Costpro/supabase/migrations/20260228_implement_taxes.sql:35: ERROR:  current transaction is aborted, commands ignored until end of transaction block
psql:/home/z/my-project/Costpro/supabase/migrations/20260228_implement_taxes.sql:143: ERROR:  current transaction is aborted, commands ignored until end of transaction block
psql:/home/z/my-project/Costpro/supabase/migrations/20260228_implement_taxes.sql:196: ERROR:  current transaction is aborted, commands ignored until end of transaction block
psql:/home/z/my-project/Costpro/supabase/migrations/20260228_implement_taxes.sql:199: ERROR:  current transaction is aborted, commands ignored until end of transaction block
psql:/home/z/my-project/Costpro/supabase/migrations/20260228_implement_taxes.sql:200: ERROR:  current transaction is aborted, commands ignored until end of transaction block
═══ 20260301_control_fallos_harden.sql ═══
psql:/home/z/my-project/Costpro/supabase/migrations/20260301_control_fallos_harden.sql:14: ERROR:  relation "public.products" does not exist
psql:/home/z/my-project/Costpro/supabase/migrations/20260301_control_fallos_harden.sql:18: ERROR:  current transaction is aborted, commands ignored until end of transaction block
psql:/home/z/my-project/Costpro/supabase/migrations/20260301_control_fallos_harden.sql:19: ERROR:  current transaction is aborted, commands ignored until end of transaction block
psql:/home/z/my-project/Costpro/supabase/migrations/20260301_control_fallos_harden.sql:23: ERROR:  current transaction is aborted, commands ignored until end of transaction block
psql:/home/z/my-project/Costpro/supabase/migrations/20260301_control_fallos_harden.sql:24: ERROR:  current transaction is aborted, commands ignored until end of transaction block
psql:/home/z/my-project/Costpro/supabase/migrations/20260301_control_fallos_harden.sql:27: ERROR:  current transaction is aborted, commands ignored until end of transaction block
psql:/home/z/my-project/Costpro/supabase/migrations/20260301_control_fallos_harden.sql:28: ERROR:  current transaction is aborted, commands ignored until end of transaction block
psql:/home/z/my-project/Costpro/supabase/migrations/20260301_control_fallos_harden.sql:65: ERROR:  current transaction is aborted, commands ignored until end of transaction block
psql:/home/z/my-project/Costpro/supabase/migrations/20260301_control_fallos_harden.sql:68: ERROR:  current transaction is aborted, commands ignored until end of transaction block
psql:/home/z/my-project/Costpro/supabase/migrations/20260301_control_fallos_harden.sql:71: ERROR:  current transaction is aborted, commands ignored until end of transaction block
psql:/home/z/my-project/Costpro/supabase/migrations/20260301_control_fallos_harden.sql:82: ERROR:  current transaction is aborted, commands ignored until end of transaction block
psql:/home/z/my-project/Costpro/supabase/migrations/20260301_control_fallos_harden.sql:84: ERROR:  current transaction is aborted, commands ignored until end of transaction block
psql:/home/z/my-project/Costpro/supabase/migrations/20260301_control_fallos_harden.sql:87: ERROR:  current transaction is aborted, commands ignored until end of transaction block
psql:/home/z/my-project/Costpro/supabase/migrations/20260301_control_fallos_harden.sql:105: ERROR:  current transaction is aborted, commands ignored until end of transaction block
psql:/home/z/my-project/Costpro/supabase/migrations/20260301_control_fallos_harden.sql:107: ERROR:  current transaction is aborted, commands ignored until end of transaction block
psql:/home/z/my-project/Costpro/supabase/migrations/20260301_control_fallos_harden.sql:110: ERROR:  current transaction is aborted, commands ignored until end of transaction block
═══ 20260302_0002_create_roles_table.sql ═══
psql:/home/z/my-project/Costpro/supabase/migrations/20260302_0002_create_roles_table.sql:26: ERROR:  relation "public.profiles" does not exist
psql:/home/z/my-project/Costpro/supabase/migrations/20260302_0002_create_roles_table.sql:35: ERROR:  current transaction is aborted, commands ignored until end of transaction block
psql:/home/z/my-project/Costpro/supabase/migrations/20260302_0002_create_roles_table.sql:37: ERROR:  current transaction is aborted, commands ignored until end of transaction block
psql:/home/z/my-project/Costpro/supabase/migrations/20260302_0002_create_roles_table.sql:41: ERROR:  current transaction is aborted, commands ignored until end of transaction block
═══ 20260302_0004_update_managed_create_rpc.sql ═══
psql:/home/z/my-project/Costpro/supabase/migrations/20260302_0004_update_managed_create_rpc.sql:88: ERROR:  type user_role does not exist
═══ 20260302_0005_audit_role_changes.sql ═══
psql:/home/z/my-project/Costpro/supabase/migrations/20260302_0005_audit_role_changes.sql:23: NOTICE:  relation "public.roles" does not exist, skipping
psql:/home/z/my-project/Costpro/supabase/migrations/20260302_0005_audit_role_changes.sql:26: ERROR:  relation "public.roles" does not exist
═══ 20260302_0006_fix_hierarchy_and_triggers.sql ═══
psql:/home/z/my-project/Costpro/supabase/migrations/20260302_0006_fix_hierarchy_and_triggers.sql:174: NOTICE:  trigger "tr_on_auth_user_created" for relation "auth.users" does not exist, skipping
═══ 20260302_0007_fix_admin_management.sql ═══
psql:/home/z/my-project/Costpro/supabase/migrations/20260302_0007_fix_admin_management.sql:27: NOTICE:  relation "public.profiles" does not exist, skipping
psql:/home/z/my-project/Costpro/supabase/migrations/20260302_0007_fix_admin_management.sql:28: NOTICE:  relation "public.profiles" does not exist, skipping
psql:/home/z/my-project/Costpro/supabase/migrations/20260302_0007_fix_admin_management.sql:29: NOTICE:  relation "public.profiles" does not exist, skipping
psql:/home/z/my-project/Costpro/supabase/migrations/20260302_0007_fix_admin_management.sql:30: NOTICE:  relation "public.profiles" does not exist, skipping
psql:/home/z/my-project/Costpro/supabase/migrations/20260302_0007_fix_admin_management.sql:37: ERROR:  relation "public.profiles" does not exist
psql:/home/z/my-project/Costpro/supabase/migrations/20260302_0007_fix_admin_management.sql:52: ERROR:  current transaction is aborted, commands ignored until end of transaction block
psql:/home/z/my-project/Costpro/supabase/migrations/20260302_0007_fix_admin_management.sql:55: ERROR:  current transaction is aborted, commands ignored until end of transaction block
psql:/home/z/my-project/Costpro/supabase/migrations/20260302_0007_fix_admin_management.sql:56: ERROR:  current transaction is aborted, commands ignored until end of transaction block
psql:/home/z/my-project/Costpro/supabase/migrations/20260302_0007_fix_admin_management.sql:66: ERROR:  current transaction is aborted, commands ignored until end of transaction block
psql:/home/z/my-project/Costpro/supabase/migrations/20260302_0007_fix_admin_management.sql:71: ERROR:  current transaction is aborted, commands ignored until end of transaction block
psql:/home/z/my-project/Costpro/supabase/migrations/20260302_0007_fix_admin_management.sql:75: ERROR:  current transaction is aborted, commands ignored until end of transaction block
═══ 20260302_0008_fix_stores_visibility.sql ═══
psql:/home/z/my-project/Costpro/supabase/migrations/20260302_0008_fix_stores_visibility.sql:8: ERROR:  relation "public.stores" does not exist
psql:/home/z/my-project/Costpro/supabase/migrations/20260302_0008_fix_stores_visibility.sql:11: ERROR:  current transaction is aborted, commands ignored until end of transaction block
psql:/home/z/my-project/Costpro/supabase/migrations/20260302_0008_fix_stores_visibility.sql:12: ERROR:  current transaction is aborted, commands ignored until end of transaction block
psql:/home/z/my-project/Costpro/supabase/migrations/20260302_0008_fix_stores_visibility.sql:13: ERROR:  current transaction is aborted, commands ignored until end of transaction block
psql:/home/z/my-project/Costpro/supabase/migrations/20260302_0008_fix_stores_visibility.sql:32: ERROR:  current transaction is aborted, commands ignored until end of transaction block
psql:/home/z/my-project/Costpro/supabase/migrations/20260302_0008_fix_stores_visibility.sql:35: ERROR:  current transaction is aborted, commands ignored until end of transaction block
═══ 20260303_fix_store_audit_and_enable_management.sql ═══
psql:/home/z/my-project/Costpro/supabase/migrations/20260303_fix_store_audit_and_enable_management.sql:54: NOTICE:  relation "public.stores" does not exist, skipping
psql:/home/z/my-project/Costpro/supabase/migrations/20260303_fix_store_audit_and_enable_management.sql:57: ERROR:  relation "public.stores" does not exist
═══ 20260304_harden_sale_stock_logic.sql ═══
psql:/home/z/my-project/Costpro/supabase/migrations/20260304_harden_sale_stock_logic.sql:24: NOTICE:  function public.create_sale(uuid,uuid,text,pg_catalog.numeric,pg_catalog.numeric,text,pg_catalog.numeric,jsonb,jsonb,pg_catalog.numeric) does not exist, skipping
psql:/home/z/my-project/Costpro/supabase/migrations/20260304_harden_sale_stock_logic.sql:24: NOTICE:  function public.register_stock_movement(uuid,uuid,uuid,pg_catalog.int4,text,text,uuid,pg_catalog.int4,text) does not exist, skipping
psql:/home/z/my-project/Costpro/supabase/migrations/20260304_harden_sale_stock_logic.sql:24: NOTICE:  function public.register_stock_movement(uuid,uuid,uuid,pg_catalog.int4,text,text,uuid,pg_catalog.int4) does not exist, skipping
psql:/home/z/my-project/Costpro/supabase/migrations/20260304_harden_sale_stock_logic.sql:24: NOTICE:  type "public.movement_type" does not exist, skipping
psql:/home/z/my-project/Costpro/supabase/migrations/20260304_harden_sale_stock_logic.sql:24: NOTICE:  type "public.movement_type" does not exist, skipping
psql:/home/z/my-project/Costpro/supabase/migrations/20260304_harden_sale_stock_logic.sql:24: NOTICE:  function public.register_stock_movement(uuid,uuid,uuid,pg_catalog.int4,text,text,uuid,pg_catalog.int4,text,text) does not exist, skipping
psql:/home/z/my-project/Costpro/supabase/migrations/20260304_harden_sale_stock_logic.sql:24: NOTICE:  function public.register_stock_movement(uuid,uuid,uuid,uuid,pg_catalog.int4,text,text,uuid,pg_catalog.int4,text) does not exist, skipping
psql:/home/z/my-project/Costpro/supabase/migrations/20260304_harden_sale_stock_logic.sql:24: NOTICE:  function public.register_stock_movement(uuid,uuid,uuid,pg_catalog.int4,text,text,uuid,pg_catalog.numeric,text,uuid) does not exist, skipping
psql:/home/z/my-project/Costpro/supabase/migrations/20260304_harden_sale_stock_logic.sql:36: ERROR:  relation "public.inventory" does not exist
CONTEXT:  SQL statement "ALTER TABLE public.inventory ADD CONSTRAINT inventory_store_product_unique UNIQUE (store_id, product_id)"
PL/pgSQL function inline_code_block line 7 at SQL statement
psql:/home/z/my-project/Costpro/supabase/migrations/20260304_harden_sale_stock_logic.sql:79: ERROR:  current transaction is aborted, commands ignored until end of transaction block
psql:/home/z/my-project/Costpro/supabase/migrations/20260304_harden_sale_stock_logic.sql:112: ERROR:  current transaction is aborted, commands ignored until end of transaction block
psql:/home/z/my-project/Costpro/supabase/migrations/20260304_harden_sale_stock_logic.sql:212: ERROR:  current transaction is aborted, commands ignored until end of transaction block
psql:/home/z/my-project/Costpro/supabase/migrations/20260304_harden_sale_stock_logic.sql:215: ERROR:  current transaction is aborted, commands ignored until end of transaction block
psql:/home/z/my-project/Costpro/supabase/migrations/20260304_harden_sale_stock_logic.sql:216: ERROR:  current transaction is aborted, commands ignored until end of transaction block
═══ 20260305_create_user_audit_log.sql ═══
psql:/home/z/my-project/Costpro/supabase/migrations/20260305_create_user_audit_log.sql:25: ERROR:  function public.is_admin() does not exist
HINT:  No function matches the given name and argument types. You might need to add explicit type casts.
═══ 20260305_fix_ambiguous_stock_movement.sql ═══
psql:/home/z/my-project/Costpro/supabase/migrations/20260305_fix_ambiguous_stock_movement.sql:21: ERROR:  function public.register_stock_movement(uuid, uuid, uuid, integer, text, text, uuid, numeric, text, uuid) does not exist
═══ 20260305_fix_profiles_rls_final.sql ═══
psql:/home/z/my-project/Costpro/supabase/migrations/20260305_fix_profiles_rls_final.sql:45: ERROR:  type user_role does not exist
psql:/home/z/my-project/Costpro/supabase/migrations/20260305_fix_profiles_rls_final.sql:48: ERROR:  current transaction is aborted, commands ignored until end of transaction block
psql:/home/z/my-project/Costpro/supabase/migrations/20260305_fix_profiles_rls_final.sql:49: ERROR:  current transaction is aborted, commands ignored until end of transaction block
psql:/home/z/my-project/Costpro/supabase/migrations/20260305_fix_profiles_rls_final.sql:50: ERROR:  current transaction is aborted, commands ignored until end of transaction block
psql:/home/z/my-project/Costpro/supabase/migrations/20260305_fix_profiles_rls_final.sql:51: ERROR:  current transaction is aborted, commands ignored until end of transaction block
psql:/home/z/my-project/Costpro/supabase/migrations/20260305_fix_profiles_rls_final.sql:52: ERROR:  current transaction is aborted, commands ignored until end of transaction block
psql:/home/z/my-project/Costpro/supabase/migrations/20260305_fix_profiles_rls_final.sql:53: ERROR:  current transaction is aborted, commands ignored until end of transaction block
psql:/home/z/my-project/Costpro/supabase/migrations/20260305_fix_profiles_rls_final.sql:65: ERROR:  current transaction is aborted, commands ignored until end of transaction block
psql:/home/z/my-project/Costpro/supabase/migrations/20260305_fix_profiles_rls_final.sql:82: ERROR:  current transaction is aborted, commands ignored until end of transaction block
psql:/home/z/my-project/Costpro/supabase/migrations/20260305_fix_profiles_rls_final.sql:89: ERROR:  current transaction is aborted, commands ignored until end of transaction block
psql:/home/z/my-project/Costpro/supabase/migrations/20260305_fix_profiles_rls_final.sql:95: ERROR:  current transaction is aborted, commands ignored until end of transaction block
psql:/home/z/my-project/Costpro/supabase/migrations/20260305_fix_profiles_rls_final.sql:98: ERROR:  current transaction is aborted, commands ignored until end of transaction block
psql:/home/z/my-project/Costpro/supabase/migrations/20260305_fix_profiles_rls_final.sql:99: ERROR:  current transaction is aborted, commands ignored until end of transaction block
═══ 20260305_harden_inventory_final.sql ═══
psql:/home/z/my-project/Costpro/supabase/migrations/20260305_harden_inventory_final.sql:17: ERROR:  relation "public.inventory" does not exist
CONTEXT:  SQL statement "ALTER TABLE public.inventory ADD CONSTRAINT inventory_quantity_check CHECK (quantity >= 0)"
PL/pgSQL function inline_code_block line 6 at SQL statement
psql:/home/z/my-project/Costpro/supabase/migrations/20260305_harden_inventory_final.sql:56: ERROR:  current transaction is aborted, commands ignored until end of transaction block
═══ 20260306_fix_active_store_logic.sql ═══
psql:/home/z/my-project/Costpro/supabase/migrations/20260306_fix_active_store_logic.sql:46: ERROR:  type "user_role" does not exist
LINE 4:     v_role user_role;
                   ^
psql:/home/z/my-project/Costpro/supabase/migrations/20260306_fix_active_store_logic.sql:49: ERROR:  current transaction is aborted, commands ignored until end of transaction block
psql:/home/z/my-project/Costpro/supabase/migrations/20260306_fix_active_store_logic.sql:53: ERROR:  current transaction is aborted, commands ignored until end of transaction block
═══ 20260307_safe_delete_user.sql ═══
psql:/home/z/my-project/Costpro/supabase/migrations/20260307_safe_delete_user.sql:41: ERROR:  type "user_role" does not exist
LINE 8:     v_user_role user_role;
                        ^
psql:/home/z/my-project/Costpro/supabase/migrations/20260307_safe_delete_user.sql:74: ERROR:  current transaction is aborted, commands ignored until end of transaction block
═══ 20260317_fix_safe_delete_user.sql ═══
psql:/home/z/my-project/Costpro/supabase/migrations/20260317_fix_safe_delete_user.sql:7: NOTICE:  function public.managed_delete_user(uuid) does not exist, skipping
psql:/home/z/my-project/Costpro/supabase/migrations/20260317_fix_safe_delete_user.sql:8: NOTICE:  function public.can_safely_delete_user(uuid) does not exist, skipping
═══ 20260318_harden_audit_logging.sql ═══
psql:/home/z/my-project/Costpro/supabase/migrations/20260318_harden_audit_logging.sql:34: NOTICE:  relation "public.transactions" does not exist, skipping
psql:/home/z/my-project/Costpro/supabase/migrations/20260318_harden_audit_logging.sql:39: ERROR:  relation "public.transactions" does not exist
psql:/home/z/my-project/Costpro/supabase/migrations/20260318_harden_audit_logging.sql:62: ERROR:  current transaction is aborted, commands ignored until end of transaction block
psql:/home/z/my-project/Costpro/supabase/migrations/20260318_harden_audit_logging.sql:65: ERROR:  current transaction is aborted, commands ignored until end of transaction block
psql:/home/z/my-project/Costpro/supabase/migrations/20260318_harden_audit_logging.sql:70: ERROR:  current transaction is aborted, commands ignored until end of transaction block
═══ 20260320_fix_audit_v2_hallazgos.sql ═══
psql:/home/z/my-project/Costpro/supabase/migrations/20260320_fix_audit_v2_hallazgos.sql:406: ERROR:  relation "public.audit_logs" does not exist
psql:/home/z/my-project/Costpro/supabase/migrations/20260320_fix_audit_v2_hallazgos.sql:407: ERROR:  current transaction is aborted, commands ignored until end of transaction block
psql:/home/z/my-project/Costpro/supabase/migrations/20260320_fix_audit_v2_hallazgos.sql:409: ERROR:  current transaction is aborted, commands ignored until end of transaction block
psql:/home/z/my-project/Costpro/supabase/migrations/20260320_fix_audit_v2_hallazgos.sql:412: ERROR:  current transaction is aborted, commands ignored until end of transaction block
psql:/home/z/my-project/Costpro/supabase/migrations/20260320_fix_audit_v2_hallazgos.sql:413: ERROR:  current transaction is aborted, commands ignored until end of transaction block
═══ 20260324_total_remediation.sql ═══
psql:/home/z/my-project/Costpro/supabase/migrations/20260324_total_remediation.sql:17: ERROR:  relation "public.stores" does not exist
psql:/home/z/my-project/Costpro/supabase/migrations/20260324_total_remediation.sql:18: ERROR:  current transaction is aborted, commands ignored until end of transaction block
psql:/home/z/my-project/Costpro/supabase/migrations/20260324_total_remediation.sql:19: ERROR:  current transaction is aborted, commands ignored until end of transaction block
psql:/home/z/my-project/Costpro/supabase/migrations/20260324_total_remediation.sql:20: ERROR:  current transaction is aborted, commands ignored until end of transaction block
psql:/home/z/my-project/Costpro/supabase/migrations/20260324_total_remediation.sql:21: ERROR:  current transaction is aborted, commands ignored until end of transaction block
psql:/home/z/my-project/Costpro/supabase/migrations/20260324_total_remediation.sql:22: ERROR:  current transaction is aborted, commands ignored until end of transaction block
psql:/home/z/my-project/Costpro/supabase/migrations/20260324_total_remediation.sql:23: ERROR:  current transaction is aborted, commands ignored until end of transaction block
psql:/home/z/my-project/Costpro/supabase/migrations/20260324_total_remediation.sql:24: ERROR:  current transaction is aborted, commands ignored until end of transaction block
psql:/home/z/my-project/Costpro/supabase/migrations/20260324_total_remediation.sql:54: ERROR:  current transaction is aborted, commands ignored until end of transaction block
psql:/home/z/my-project/Costpro/supabase/migrations/20260324_total_remediation.sql:101: ERROR:  current transaction is aborted, commands ignored until end of transaction block
psql:/home/z/my-project/Costpro/supabase/migrations/20260324_total_remediation.sql:107: ERROR:  current transaction is aborted, commands ignored until end of transaction block
psql:/home/z/my-project/Costpro/supabase/migrations/20260324_total_remediation.sql:117: ERROR:  current transaction is aborted, commands ignored until end of transaction block
psql:/home/z/my-project/Costpro/supabase/migrations/20260324_total_remediation.sql:119: ERROR:  current transaction is aborted, commands ignored until end of transaction block
psql:/home/z/my-project/Costpro/supabase/migrations/20260324_total_remediation.sql:137: ERROR:  current transaction is aborted, commands ignored until end of transaction block
psql:/home/z/my-project/Costpro/supabase/migrations/20260324_total_remediation.sql:139: ERROR:  current transaction is aborted, commands ignored until end of transaction block
psql:/home/z/my-project/Costpro/supabase/migrations/20260324_total_remediation.sql:140: ERROR:  current transaction is aborted, commands ignored until end of transaction block
psql:/home/z/my-project/Costpro/supabase/migrations/20260324_total_remediation.sql:142: ERROR:  current transaction is aborted, commands ignored until end of transaction block
psql:/home/z/my-project/Costpro/supabase/migrations/20260324_total_remediation.sql:171: ERROR:  current transaction is aborted, commands ignored until end of transaction block
psql:/home/z/my-project/Costpro/supabase/migrations/20260324_total_remediation.sql:262: ERROR:  current transaction is aborted, commands ignored until end of transaction block
psql:/home/z/my-project/Costpro/supabase/migrations/20260324_total_remediation.sql:354: ERROR:  current transaction is aborted, commands ignored until end of transaction block
psql:/home/z/my-project/Costpro/supabase/migrations/20260324_total_remediation.sql:401: ERROR:  current transaction is aborted, commands ignored until end of transaction block
psql:/home/z/my-project/Costpro/supabase/migrations/20260324_total_remediation.sql:507: ERROR:  current transaction is aborted, commands ignored until end of transaction block
psql:/home/z/my-project/Costpro/supabase/migrations/20260324_total_remediation.sql:513: ERROR:  current transaction is aborted, commands ignored until end of transaction block
psql:/home/z/my-project/Costpro/supabase/migrations/20260324_total_remediation.sql:514: ERROR:  current transaction is aborted, commands ignored until end of transaction block
psql:/home/z/my-project/Costpro/supabase/migrations/20260324_total_remediation.sql:515: ERROR:  current transaction is aborted, commands ignored until end of transaction block
psql:/home/z/my-project/Costpro/supabase/migrations/20260324_total_remediation.sql:516: ERROR:  current transaction is aborted, commands ignored until end of transaction block
psql:/home/z/my-project/Costpro/supabase/migrations/20260324_total_remediation.sql:517: ERROR:  current transaction is aborted, commands ignored until end of transaction block
psql:/home/z/my-project/Costpro/supabase/migrations/20260324_total_remediation.sql:519: ERROR:  current transaction is aborted, commands ignored until end of transaction block
psql:/home/z/my-project/Costpro/supabase/migrations/20260324_total_remediation.sql:520: ERROR:  current transaction is aborted, commands ignored until end of transaction block
psql:/home/z/my-project/Costpro/supabase/migrations/20260324_total_remediation.sql:521: ERROR:  current transaction is aborted, commands ignored until end of transaction block
psql:/home/z/my-project/Costpro/supabase/migrations/20260324_total_remediation.sql:522: ERROR:  current transaction is aborted, commands ignored until end of transaction block
psql:/home/z/my-project/Costpro/supabase/migrations/20260324_total_remediation.sql:523: ERROR:  current transaction is aborted, commands ignored until end of transaction block
═══ 20260325_add_store_id_to_templates.sql ═══
psql:/home/z/my-project/Costpro/supabase/migrations/20260325_add_store_id_to_templates.sql:2: ERROR:  relation "public.cost_sheet_templates" does not exist
psql:/home/z/my-project/Costpro/supabase/migrations/20260325_add_store_id_to_templates.sql:5: NOTICE:  relation "public.cost_sheet_templates" does not exist, skipping
psql:/home/z/my-project/Costpro/supabase/migrations/20260325_add_store_id_to_templates.sql:6: NOTICE:  relation "public.cost_sheet_templates" does not exist, skipping
psql:/home/z/my-project/Costpro/supabase/migrations/20260325_add_store_id_to_templates.sql:7: NOTICE:  relation "public.cost_sheet_templates" does not exist, skipping
psql:/home/z/my-project/Costpro/supabase/migrations/20260325_add_store_id_to_templates.sql:8: NOTICE:  relation "public.cost_sheet_templates" does not exist, skipping
psql:/home/z/my-project/Costpro/supabase/migrations/20260325_add_store_id_to_templates.sql:9: NOTICE:  relation "public.cost_sheet_templates" does not exist, skipping
psql:/home/z/my-project/Costpro/supabase/migrations/20260325_add_store_id_to_templates.sql:10: NOTICE:  relation "public.cost_sheet_templates" does not exist, skipping
psql:/home/z/my-project/Costpro/supabase/migrations/20260325_add_store_id_to_templates.sql:11: NOTICE:  relation "public.cost_sheet_templates" does not exist, skipping
psql:/home/z/my-project/Costpro/supabase/migrations/20260325_add_store_id_to_templates.sql:12: NOTICE:  relation "public.cost_sheet_templates" does not exist, skipping
psql:/home/z/my-project/Costpro/supabase/migrations/20260325_add_store_id_to_templates.sql:13: NOTICE:  relation "public.cost_sheet_templates" does not exist, skipping
psql:/home/z/my-project/Costpro/supabase/migrations/20260325_add_store_id_to_templates.sql:33: ERROR:  relation "public.cost_sheet_templates" does not exist
psql:/home/z/my-project/Costpro/supabase/migrations/20260325_add_store_id_to_templates.sql:40: ERROR:  relation "public.cost_sheet_templates" does not exist
psql:/home/z/my-project/Costpro/supabase/migrations/20260325_add_store_id_to_templates.sql:47: ERROR:  relation "public.cost_sheet_templates" does not exist
psql:/home/z/my-project/Costpro/supabase/migrations/20260325_add_store_id_to_templates.sql:54: ERROR:  relation "public.cost_sheet_templates" does not exist
═══ 20260326_multi_tenant_hardening.sql ═══
psql:/home/z/my-project/Costpro/supabase/migrations/20260326_multi_tenant_hardening.sql:6: ERROR:  relation "public.user_usage" does not exist
psql:/home/z/my-project/Costpro/supabase/migrations/20260326_multi_tenant_hardening.sql:7: ERROR:  relation "public.pick3_user_plays" does not exist
psql:/home/z/my-project/Costpro/supabase/migrations/20260326_multi_tenant_hardening.sql:9: NOTICE:  relation "public.user_usage" does not exist, skipping
psql:/home/z/my-project/Costpro/supabase/migrations/20260326_multi_tenant_hardening.sql:15: ERROR:  relation "public.user_usage" does not exist
psql:/home/z/my-project/Costpro/supabase/migrations/20260326_multi_tenant_hardening.sql:17: NOTICE:  relation "public.pick3_user_plays" does not exist, skipping
psql:/home/z/my-project/Costpro/supabase/migrations/20260326_multi_tenant_hardening.sql:23: ERROR:  relation "public.pick3_user_plays" does not exist
psql:/home/z/my-project/Costpro/supabase/migrations/20260326_multi_tenant_hardening.sql:26: NOTICE:  relation "public.cost_sheets" does not exist, skipping
psql:/home/z/my-project/Costpro/supabase/migrations/20260326_multi_tenant_hardening.sql:42: ERROR:  relation "public.cost_sheets" does not exist
psql:/home/z/my-project/Costpro/supabase/migrations/20260326_multi_tenant_hardening.sql:44: NOTICE:  relation "public.cost_sheets" does not exist, skipping
psql:/home/z/my-project/Costpro/supabase/migrations/20260326_multi_tenant_hardening.sql:50: ERROR:  relation "public.cost_sheets" does not exist
psql:/home/z/my-project/Costpro/supabase/migrations/20260326_multi_tenant_hardening.sql:55: NOTICE:  function public.stress_create_sale(uuid,uuid,text,pg_catalog.numeric,pg_catalog.numeric,text,pg_catalog.numeric,jsonb,uuid) does not exist, skipping
psql:/home/z/my-project/Costpro/supabase/migrations/20260326_multi_tenant_hardening.sql:56: NOTICE:  function public.stress_register_reception(uuid,text,date,text,jsonb,uuid) does not exist, skipping
psql:/home/z/my-project/Costpro/supabase/migrations/20260326_multi_tenant_hardening.sql:57: NOTICE:  function public.stress_create_transfer(uuid,uuid,jsonb,text,uuid) does not exist, skipping
psql:/home/z/my-project/Costpro/supabase/migrations/20260326_multi_tenant_hardening.sql:183: ERROR:  type user_role does not exist
psql:/home/z/my-project/Costpro/supabase/migrations/20260326_multi_tenant_hardening.sql:224: NOTICE:  relation "public.pick3_history" does not exist, skipping
psql:/home/z/my-project/Costpro/supabase/migrations/20260326_multi_tenant_hardening.sql:225: ERROR:  relation "public.pick3_history" does not exist
psql:/home/z/my-project/Costpro/supabase/migrations/20260326_multi_tenant_hardening.sql:227: NOTICE:  relation "public.tenants" does not exist, skipping
psql:/home/z/my-project/Costpro/supabase/migrations/20260326_multi_tenant_hardening.sql:228: ERROR:  relation "public.tenants" does not exist
psql:/home/z/my-project/Costpro/supabase/migrations/20260326_multi_tenant_hardening.sql:230: NOTICE:  relation "public.system_config" does not exist, skipping
psql:/home/z/my-project/Costpro/supabase/migrations/20260326_multi_tenant_hardening.sql:231: ERROR:  relation "public.system_config" does not exist
psql:/home/z/my-project/Costpro/supabase/migrations/20260326_multi_tenant_hardening.sql:234: NOTICE:  relation "public.sales" does not exist, skipping
psql:/home/z/my-project/Costpro/supabase/migrations/20260326_multi_tenant_hardening.sql:236: ERROR:  relation "public.sales" does not exist
psql:/home/z/my-project/Costpro/supabase/migrations/20260326_multi_tenant_hardening.sql:238: NOTICE:  relation "public.inventory_movements" does not exist, skipping
psql:/home/z/my-project/Costpro/supabase/migrations/20260326_multi_tenant_hardening.sql:240: ERROR:  relation "public.inventory_movements" does not exist
psql:/home/z/my-project/Costpro/supabase/migrations/20260326_multi_tenant_hardening.sql:242: NOTICE:  relation "public.sale_items" does not exist, skipping
psql:/home/z/my-project/Costpro/supabase/migrations/20260326_multi_tenant_hardening.sql:244: ERROR:  relation "public.sale_items" does not exist
═══ 20260329180000_harden_pick3_schema.sql ═══
psql:/home/z/my-project/Costpro/supabase/migrations/20260329180000_harden_pick3_schema.sql:5: ERROR:  relation "public.pick3_history" does not exist
psql:/home/z/my-project/Costpro/supabase/migrations/20260329180000_harden_pick3_schema.sql:16: ERROR:  relation "public.pick3_history" does not exist
CONTEXT:  SQL statement "ALTER TABLE public.pick3_history
        ADD CONSTRAINT pick3_history_date_time_unique UNIQUE (draw_date, draw_time)"
PL/pgSQL function inline_code_block line 6 at SQL statement
psql:/home/z/my-project/Costpro/supabase/migrations/20260329180000_harden_pick3_schema.sql:18: ERROR:  relation "public.pick3_history" does not exist
psql:/home/z/my-project/Costpro/supabase/migrations/20260329180000_harden_pick3_schema.sql:19: ERROR:  relation "public.pick3_history" does not exist
psql:/home/z/my-project/Costpro/supabase/migrations/20260329180000_harden_pick3_schema.sql:20: ERROR:  relation "public.pick3_history" does not exist
═══ 20260527094858_harden_tenant_isolation_products_stores_tenants.sql ═══
psql:/home/z/my-project/Costpro/supabase/migrations/20260527094858_harden_tenant_isolation_products_stores_tenants.sql:63: ERROR:  relation "public.products" does not exist
psql:/home/z/my-project/Costpro/supabase/migrations/20260527094858_harden_tenant_isolation_products_stores_tenants.sql:65: ERROR:  current transaction is aborted, commands ignored until end of transaction block
psql:/home/z/my-project/Costpro/supabase/migrations/20260527094858_harden_tenant_isolation_products_stores_tenants.sql:66: ERROR:  current transaction is aborted, commands ignored until end of transaction block
psql:/home/z/my-project/Costpro/supabase/migrations/20260527094858_harden_tenant_isolation_products_stores_tenants.sql:67: ERROR:  current transaction is aborted, commands ignored until end of transaction block
psql:/home/z/my-project/Costpro/supabase/migrations/20260527094858_harden_tenant_isolation_products_stores_tenants.sql:68: ERROR:  current transaction is aborted, commands ignored until end of transaction block
psql:/home/z/my-project/Costpro/supabase/migrations/20260527094858_harden_tenant_isolation_products_stores_tenants.sql:69: ERROR:  current transaction is aborted, commands ignored until end of transaction block
psql:/home/z/my-project/Costpro/supabase/migrations/20260527094858_harden_tenant_isolation_products_stores_tenants.sql:70: ERROR:  current transaction is aborted, commands ignored until end of transaction block
psql:/home/z/my-project/Costpro/supabase/migrations/20260527094858_harden_tenant_isolation_products_stores_tenants.sql:71: ERROR:  current transaction is aborted, commands ignored until end of transaction block
psql:/home/z/my-project/Costpro/supabase/migrations/20260527094858_harden_tenant_isolation_products_stores_tenants.sql:72: ERROR:  current transaction is aborted, commands ignored until end of transaction block
psql:/home/z/my-project/Costpro/supabase/migrations/20260527094858_harden_tenant_isolation_products_stores_tenants.sql:88: ERROR:  current transaction is aborted, commands ignored until end of transaction block
psql:/home/z/my-project/Costpro/supabase/migrations/20260527094858_harden_tenant_isolation_products_stores_tenants.sql:104: ERROR:  current transaction is aborted, commands ignored until end of transaction block
psql:/home/z/my-project/Costpro/supabase/migrations/20260527094858_harden_tenant_isolation_products_stores_tenants.sql:131: ERROR:  current transaction is aborted, commands ignored until end of transaction block
psql:/home/z/my-project/Costpro/supabase/migrations/20260527094858_harden_tenant_isolation_products_stores_tenants.sql:147: ERROR:  current transaction is aborted, commands ignored until end of transaction block
psql:/home/z/my-project/Costpro/supabase/migrations/20260527094858_harden_tenant_isolation_products_stores_tenants.sql:256: ERROR:  current transaction is aborted, commands ignored until end of transaction block
psql:/home/z/my-project/Costpro/supabase/migrations/20260527094858_harden_tenant_isolation_products_stores_tenants.sql:366: ERROR:  current transaction is aborted, commands ignored until end of transaction block
psql:/home/z/my-project/Costpro/supabase/migrations/20260527094858_harden_tenant_isolation_products_stores_tenants.sql:433: ERROR:  current transaction is aborted, commands ignored until end of transaction block
psql:/home/z/my-project/Costpro/supabase/migrations/20260527094858_harden_tenant_isolation_products_stores_tenants.sql:486: ERROR:  current transaction is aborted, commands ignored until end of transaction block
psql:/home/z/my-project/Costpro/supabase/migrations/20260527094858_harden_tenant_isolation_products_stores_tenants.sql:488: ERROR:  current transaction is aborted, commands ignored until end of transaction block
psql:/home/z/my-project/Costpro/supabase/migrations/20260527094858_harden_tenant_isolation_products_stores_tenants.sql:489: ERROR:  current transaction is aborted, commands ignored until end of transaction block
psql:/home/z/my-project/Costpro/supabase/migrations/20260527094858_harden_tenant_isolation_products_stores_tenants.sql:490: ERROR:  current transaction is aborted, commands ignored until end of transaction block
psql:/home/z/my-project/Costpro/supabase/migrations/20260527094858_harden_tenant_isolation_products_stores_tenants.sql:491: ERROR:  current transaction is aborted, commands ignored until end of transaction block
psql:/home/z/my-project/Costpro/supabase/migrations/20260527094858_harden_tenant_isolation_products_stores_tenants.sql:493: ERROR:  current transaction is aborted, commands ignored until end of transaction block
psql:/home/z/my-project/Costpro/supabase/migrations/20260527094858_harden_tenant_isolation_products_stores_tenants.sql:494: ERROR:  current transaction is aborted, commands ignored until end of transaction block
psql:/home/z/my-project/Costpro/supabase/migrations/20260527094858_harden_tenant_isolation_products_stores_tenants.sql:495: ERROR:  current transaction is aborted, commands ignored until end of transaction block
psql:/home/z/my-project/Costpro/supabase/migrations/20260527094858_harden_tenant_isolation_products_stores_tenants.sql:496: ERROR:  current transaction is aborted, commands ignored until end of transaction block
psql:/home/z/my-project/Costpro/supabase/migrations/20260527094858_harden_tenant_isolation_products_stores_tenants.sql:497: ERROR:  current transaction is aborted, commands ignored until end of transaction block
psql:/home/z/my-project/Costpro/supabase/migrations/20260527094858_harden_tenant_isolation_products_stores_tenants.sql:498: ERROR:  current transaction is aborted, commands ignored until end of transaction block
psql:/home/z/my-project/Costpro/supabase/migrations/20260527094858_harden_tenant_isolation_products_stores_tenants.sql:499: ERROR:  current transaction is aborted, commands ignored until end of transaction block
psql:/home/z/my-project/Costpro/supabase/migrations/20260527094858_harden_tenant_isolation_products_stores_tenants.sql:500: ERROR:  current transaction is aborted, commands ignored until end of transaction block
psql:/home/z/my-project/Costpro/supabase/migrations/20260527094858_harden_tenant_isolation_products_stores_tenants.sql:506: ERROR:  current transaction is aborted, commands ignored until end of transaction block
psql:/home/z/my-project/Costpro/supabase/migrations/20260527094858_harden_tenant_isolation_products_stores_tenants.sql:508: ERROR:  current transaction is aborted, commands ignored until end of transaction block
psql:/home/z/my-project/Costpro/supabase/migrations/20260527094858_harden_tenant_isolation_products_stores_tenants.sql:509: ERROR:  current transaction is aborted, commands ignored until end of transaction block
psql:/home/z/my-project/Costpro/supabase/migrations/20260527094858_harden_tenant_isolation_products_stores_tenants.sql:510: ERROR:  current transaction is aborted, commands ignored until end of transaction block
psql:/home/z/my-project/Costpro/supabase/migrations/20260527094858_harden_tenant_isolation_products_stores_tenants.sql:511: ERROR:  current transaction is aborted, commands ignored until end of transaction block
psql:/home/z/my-project/Costpro/supabase/migrations/20260527094858_harden_tenant_isolation_products_stores_tenants.sql:512: ERROR:  current transaction is aborted, commands ignored until end of transaction block
psql:/home/z/my-project/Costpro/supabase/migrations/20260527094858_harden_tenant_isolation_products_stores_tenants.sql:513: ERROR:  current transaction is aborted, commands ignored until end of transaction block
psql:/home/z/my-project/Costpro/supabase/migrations/20260527094858_harden_tenant_isolation_products_stores_tenants.sql:514: ERROR:  current transaction is aborted, commands ignored until end of transaction block
psql:/home/z/my-project/Costpro/supabase/migrations/20260527094858_harden_tenant_isolation_products_stores_tenants.sql:515: ERROR:  current transaction is aborted, commands ignored until end of transaction block
psql:/home/z/my-project/Costpro/supabase/migrations/20260527094858_harden_tenant_isolation_products_stores_tenants.sql:516: ERROR:  current transaction is aborted, commands ignored until end of transaction block
psql:/home/z/my-project/Costpro/supabase/migrations/20260527094858_harden_tenant_isolation_products_stores_tenants.sql:517: ERROR:  current transaction is aborted, commands ignored until end of transaction block
psql:/home/z/my-project/Costpro/supabase/migrations/20260527094858_harden_tenant_isolation_products_stores_tenants.sql:518: ERROR:  current transaction is aborted, commands ignored until end of transaction block
psql:/home/z/my-project/Costpro/supabase/migrations/20260527094858_harden_tenant_isolation_products_stores_tenants.sql:540: ERROR:  current transaction is aborted, commands ignored until end of transaction block
psql:/home/z/my-project/Costpro/supabase/migrations/20260527094858_harden_tenant_isolation_products_stores_tenants.sql:558: ERROR:  current transaction is aborted, commands ignored until end of transaction block
psql:/home/z/my-project/Costpro/supabase/migrations/20260527094858_harden_tenant_isolation_products_stores_tenants.sql:590: ERROR:  current transaction is aborted, commands ignored until end of transaction block
psql:/home/z/my-project/Costpro/supabase/migrations/20260527094858_harden_tenant_isolation_products_stores_tenants.sql:596: ERROR:  current transaction is aborted, commands ignored until end of transaction block
psql:/home/z/my-project/Costpro/supabase/migrations/20260527094858_harden_tenant_isolation_products_stores_tenants.sql:601: ERROR:  current transaction is aborted, commands ignored until end of transaction block
psql:/home/z/my-project/Costpro/supabase/migrations/20260527094858_harden_tenant_isolation_products_stores_tenants.sql:603: ERROR:  current transaction is aborted, commands ignored until end of transaction block
psql:/home/z/my-project/Costpro/supabase/migrations/20260527094858_harden_tenant_isolation_products_stores_tenants.sql:604: ERROR:  current transaction is aborted, commands ignored until end of transaction block
psql:/home/z/my-project/Costpro/supabase/migrations/20260527094858_harden_tenant_isolation_products_stores_tenants.sql:605: ERROR:  current transaction is aborted, commands ignored until end of transaction block
psql:/home/z/my-project/Costpro/supabase/migrations/20260527094858_harden_tenant_isolation_products_stores_tenants.sql:607: ERROR:  current transaction is aborted, commands ignored until end of transaction block
psql:/home/z/my-project/Costpro/supabase/migrations/20260527094858_harden_tenant_isolation_products_stores_tenants.sql:608: ERROR:  current transaction is aborted, commands ignored until end of transaction block
psql:/home/z/my-project/Costpro/supabase/migrations/20260527094858_harden_tenant_isolation_products_stores_tenants.sql:609: ERROR:  current transaction is aborted, commands ignored until end of transaction block
psql:/home/z/my-project/Costpro/supabase/migrations/20260527094858_harden_tenant_isolation_products_stores_tenants.sql:632: ERROR:  current transaction is aborted, commands ignored until end of transaction block
psql:/home/z/my-project/Costpro/supabase/migrations/20260527094858_harden_tenant_isolation_products_stores_tenants.sql:659: ERROR:  current transaction is aborted, commands ignored until end of transaction block
psql:/home/z/my-project/Costpro/supabase/migrations/20260527094858_harden_tenant_isolation_products_stores_tenants.sql:661: ERROR:  current transaction is aborted, commands ignored until end of transaction block
═══ 20260527101800_cleanup_remaining_broad_rls_products_stores.sql ═══
psql:/home/z/my-project/Costpro/supabase/migrations/20260527101800_cleanup_remaining_broad_rls_products_stores.sql:9: NOTICE:  relation "public.products" does not exist, skipping
psql:/home/z/my-project/Costpro/supabase/migrations/20260527101800_cleanup_remaining_broad_rls_products_stores.sql:13: NOTICE:  relation "public.stores" does not exist, skipping
psql:/home/z/my-project/Costpro/supabase/migrations/20260527101800_cleanup_remaining_broad_rls_products_stores.sql:14: NOTICE:  relation "public.stores" does not exist, skipping
═══ 20260612000000_create_ofertas.sql ═══
psql:/home/z/my-project/Costpro/supabase/migrations/20260612000000_create_ofertas.sql:30: ERROR:  relation "public.stores" does not exist
psql:/home/z/my-project/Costpro/supabase/migrations/20260612000000_create_ofertas.sql:33: ERROR:  relation "public.ofertas" does not exist
psql:/home/z/my-project/Costpro/supabase/migrations/20260612000000_create_ofertas.sql:34: ERROR:  relation "public.ofertas" does not exist
psql:/home/z/my-project/Costpro/supabase/migrations/20260612000000_create_ofertas.sql:35: ERROR:  relation "public.ofertas" does not exist
psql:/home/z/my-project/Costpro/supabase/migrations/20260612000000_create_ofertas.sql:38: ERROR:  relation "public.ofertas" does not exist
psql:/home/z/my-project/Costpro/supabase/migrations/20260612000000_create_ofertas.sql:41: NOTICE:  relation "public.ofertas" does not exist, skipping
psql:/home/z/my-project/Costpro/supabase/migrations/20260612000000_create_ofertas.sql:52: ERROR:  relation "public.ofertas" does not exist
psql:/home/z/my-project/Costpro/supabase/migrations/20260612000000_create_ofertas.sql:55: NOTICE:  relation "public.ofertas" does not exist, skipping
psql:/home/z/my-project/Costpro/supabase/migrations/20260612000000_create_ofertas.sql:66: ERROR:  relation "public.ofertas" does not exist
psql:/home/z/my-project/Costpro/supabase/migrations/20260612000000_create_ofertas.sql:69: NOTICE:  relation "public.ofertas" does not exist, skipping
psql:/home/z/my-project/Costpro/supabase/migrations/20260612000000_create_ofertas.sql:80: ERROR:  relation "public.ofertas" does not exist
psql:/home/z/my-project/Costpro/supabase/migrations/20260612000000_create_ofertas.sql:83: NOTICE:  relation "public.ofertas" does not exist, skipping
psql:/home/z/my-project/Costpro/supabase/migrations/20260612000000_create_ofertas.sql:94: ERROR:  relation "public.ofertas" does not exist
psql:/home/z/my-project/Costpro/supabase/migrations/20260612000000_create_ofertas.sql:105: NOTICE:  relation "public.ofertas" does not exist, skipping
psql:/home/z/my-project/Costpro/supabase/migrations/20260612000000_create_ofertas.sql:109: ERROR:  relation "public.ofertas" does not exist
═══ 20260612000001_alter_ofertas_add_fields.sql ═══
psql:/home/z/my-project/Costpro/supabase/migrations/20260612000001_alter_ofertas_add_fields.sql:5: ERROR:  relation "public.ofertas" does not exist
psql:/home/z/my-project/Costpro/supabase/migrations/20260612000001_alter_ofertas_add_fields.sql:6: ERROR:  relation "public.ofertas" does not exist
psql:/home/z/my-project/Costpro/supabase/migrations/20260612000001_alter_ofertas_add_fields.sql:7: ERROR:  relation "public.ofertas" does not exist
psql:/home/z/my-project/Costpro/supabase/migrations/20260612000001_alter_ofertas_add_fields.sql:8: ERROR:  relation "public.ofertas" does not exist
psql:/home/z/my-project/Costpro/supabase/migrations/20260612000001_alter_ofertas_add_fields.sql:9: ERROR:  relation "public.ofertas" does not exist
psql:/home/z/my-project/Costpro/supabase/migrations/20260612000001_alter_ofertas_add_fields.sql:10: ERROR:  relation "public.ofertas" does not exist
psql:/home/z/my-project/Costpro/supabase/migrations/20260612000001_alter_ofertas_add_fields.sql:11: ERROR:  relation "public.ofertas" does not exist
psql:/home/z/my-project/Costpro/supabase/migrations/20260612000001_alter_ofertas_add_fields.sql:12: ERROR:  relation "public.ofertas" does not exist
psql:/home/z/my-project/Costpro/supabase/migrations/20260612000001_alter_ofertas_add_fields.sql:15: ERROR:  relation "public.ofertas" does not exist
LINE 1: UPDATE public.ofertas SET total = subtotal WHERE total = 0 A...
               ^
═══ 20260613000001_alter_stores_add_oferta_fields.sql ═══
psql:/home/z/my-project/Costpro/supabase/migrations/20260613000001_alter_stores_add_oferta_fields.sql:14: ERROR:  relation "stores" does not exist
psql:/home/z/my-project/Costpro/supabase/migrations/20260613000001_alter_stores_add_oferta_fields.sql:17: ERROR:  relation "stores" does not exist
psql:/home/z/my-project/Costpro/supabase/migrations/20260613000001_alter_stores_add_oferta_fields.sql:18: ERROR:  relation "stores" does not exist
psql:/home/z/my-project/Costpro/supabase/migrations/20260613000001_alter_stores_add_oferta_fields.sql:19: ERROR:  relation "stores" does not exist
psql:/home/z/my-project/Costpro/supabase/migrations/20260613000001_alter_stores_add_oferta_fields.sql:20: ERROR:  relation "stores" does not exist
psql:/home/z/my-project/Costpro/supabase/migrations/20260613000001_alter_stores_add_oferta_fields.sql:21: ERROR:  relation "stores" does not exist
psql:/home/z/my-project/Costpro/supabase/migrations/20260613000001_alter_stores_add_oferta_fields.sql:22: ERROR:  relation "stores" does not exist
═══ 20260614000001_add_stores_rls_policies.sql ═══
psql:/home/z/my-project/Costpro/supabase/migrations/20260614000001_add_stores_rls_policies.sql:24: ERROR:  relation "public.stores" does not exist
psql:/home/z/my-project/Costpro/supabase/migrations/20260614000001_add_stores_rls_policies.sql:25: ERROR:  relation "public.user_store_memberships" does not exist
psql:/home/z/my-project/Costpro/supabase/migrations/20260614000001_add_stores_rls_policies.sql:55: ERROR:  relation "public.profiles" does not exist
LINE 9:     SELECT 1 FROM public.profiles
                          ^
psql:/home/z/my-project/Costpro/supabase/migrations/20260614000001_add_stores_rls_policies.sql:58: ERROR:  function public.is_global_admin() does not exist
psql:/home/z/my-project/Costpro/supabase/migrations/20260614000001_add_stores_rls_policies.sql:77: ERROR:  relation "public.user_store_memberships" does not exist
LINE 9:     SELECT 1 FROM public.user_store_memberships
                          ^
psql:/home/z/my-project/Costpro/supabase/migrations/20260614000001_add_stores_rls_policies.sql:80: ERROR:  function public.is_store_member(uuid) does not exist
psql:/home/z/my-project/Costpro/supabase/migrations/20260614000001_add_stores_rls_policies.sql:101: ERROR:  relation "public.user_store_memberships" does not exist
LINE 9:     SELECT 1 FROM public.user_store_memberships
                          ^
psql:/home/z/my-project/Costpro/supabase/migrations/20260614000001_add_stores_rls_policies.sql:104: ERROR:  function public.has_store_role(uuid, text[]) does not exist
psql:/home/z/my-project/Costpro/supabase/migrations/20260614000001_add_stores_rls_policies.sql:117: NOTICE:  relation "public.stores" does not exist, skipping
psql:/home/z/my-project/Costpro/supabase/migrations/20260614000001_add_stores_rls_policies.sql:126: ERROR:  relation "public.stores" does not exist
psql:/home/z/my-project/Costpro/supabase/migrations/20260614000001_add_stores_rls_policies.sql:136: NOTICE:  relation "public.stores" does not exist, skipping
psql:/home/z/my-project/Costpro/supabase/migrations/20260614000001_add_stores_rls_policies.sql:139: ERROR:  relation "public.stores" does not exist
psql:/home/z/my-project/Costpro/supabase/migrations/20260614000001_add_stores_rls_policies.sql:148: NOTICE:  relation "public.stores" does not exist, skipping
psql:/home/z/my-project/Costpro/supabase/migrations/20260614000001_add_stores_rls_policies.sql:157: ERROR:  relation "public.stores" does not exist
psql:/home/z/my-project/Costpro/supabase/migrations/20260614000001_add_stores_rls_policies.sql:170: NOTICE:  relation "public.stores" does not exist, skipping
psql:/home/z/my-project/Costpro/supabase/migrations/20260614000001_add_stores_rls_policies.sql:180: ERROR:  relation "public.stores" does not exist
psql:/home/z/my-project/Costpro/supabase/migrations/20260614000001_add_stores_rls_policies.sql:189: NOTICE:  relation "public.stores" does not exist, skipping
psql:/home/z/my-project/Costpro/supabase/migrations/20260614000001_add_stores_rls_policies.sql:195: ERROR:  relation "public.stores" does not exist
psql:/home/z/my-project/Costpro/supabase/migrations/20260614000001_add_stores_rls_policies.sql:213: NOTICE:  relation "public.user_store_memberships" does not exist, skipping
psql:/home/z/my-project/Costpro/supabase/migrations/20260614000001_add_stores_rls_policies.sql:225: ERROR:  relation "public.user_store_memberships" does not exist
psql:/home/z/my-project/Costpro/supabase/migrations/20260614000001_add_stores_rls_policies.sql:240: NOTICE:  relation "public.user_store_memberships" does not exist, skipping
psql:/home/z/my-project/Costpro/supabase/migrations/20260614000001_add_stores_rls_policies.sql:246: ERROR:  relation "public.user_store_memberships" does not exist
psql:/home/z/my-project/Costpro/supabase/migrations/20260614000001_add_stores_rls_policies.sql:254: NOTICE:  relation "public.user_store_memberships" does not exist, skipping
psql:/home/z/my-project/Costpro/supabase/migrations/20260614000001_add_stores_rls_policies.sql:264: ERROR:  relation "public.user_store_memberships" does not exist
psql:/home/z/my-project/Costpro/supabase/migrations/20260614000001_add_stores_rls_policies.sql:273: NOTICE:  relation "public.user_store_memberships" does not exist, skipping
psql:/home/z/my-project/Costpro/supabase/migrations/20260614000001_add_stores_rls_policies.sql:279: ERROR:  relation "public.user_store_memberships" does not exist
psql:/home/z/my-project/Costpro/supabase/migrations/20260614000001_add_stores_rls_policies.sql:292: ERROR:  relation "public.user_store_memberships" does not exist
psql:/home/z/my-project/Costpro/supabase/migrations/20260614000001_add_stores_rls_policies.sql:297: ERROR:  relation "public.profiles" does not exist
═══ 20260614000003_create_batch_store_kpis.sql ═══
psql:/home/z/my-project/Costpro/supabase/migrations/20260614000003_create_batch_store_kpis.sql:2: NOTICE:  function get_batch_store_daily_kpis(uuid[],date) does not exist, skipping
═══ 20260614000004_optimize_batch_kpi_rpc.sql ═══
psql:/home/z/my-project/Costpro/supabase/migrations/20260614000004_optimize_batch_kpi_rpc.sql:23: ERROR:  relation "transactions" does not exist
psql:/home/z/my-project/Costpro/supabase/migrations/20260614000004_optimize_batch_kpi_rpc.sql:28: ERROR:  relation "products" does not exist
psql:/home/z/my-project/Costpro/supabase/migrations/20260614000004_optimize_batch_kpi_rpc.sql:33: ERROR:  relation "products" does not exist
psql:/home/z/my-project/Costpro/supabase/migrations/20260614000004_optimize_batch_kpi_rpc.sql:38: ERROR:  relation "transfers" does not exist
psql:/home/z/my-project/Costpro/supabase/migrations/20260614000004_optimize_batch_kpi_rpc.sql:43: ERROR:  relation "transfers" does not exist
psql:/home/z/my-project/Costpro/supabase/migrations/20260614000004_optimize_batch_kpi_rpc.sql:48: ERROR:  relation "receipts" does not exist
═══ 20260615000001_create_store_cost_templates.sql ═══
psql:/home/z/my-project/Costpro/supabase/migrations/20260615000001_create_store_cost_templates.sql:26: ERROR:  relation "public.stores" does not exist
psql:/home/z/my-project/Costpro/supabase/migrations/20260615000001_create_store_cost_templates.sql:29: ERROR:  relation "public.store_cost_templates" does not exist
psql:/home/z/my-project/Costpro/supabase/migrations/20260615000001_create_store_cost_templates.sql:30: ERROR:  relation "public.store_cost_templates" does not exist
psql:/home/z/my-project/Costpro/supabase/migrations/20260615000001_create_store_cost_templates.sql:31: ERROR:  relation "public.store_cost_templates" does not exist
psql:/home/z/my-project/Costpro/supabase/migrations/20260615000001_create_store_cost_templates.sql:34: ERROR:  relation "public.store_cost_templates" does not exist
psql:/home/z/my-project/Costpro/supabase/migrations/20260615000001_create_store_cost_templates.sql:37: NOTICE:  relation "public.store_cost_templates" does not exist, skipping
psql:/home/z/my-project/Costpro/supabase/migrations/20260615000001_create_store_cost_templates.sql:43: ERROR:  relation "public.store_cost_templates" does not exist
psql:/home/z/my-project/Costpro/supabase/migrations/20260615000001_create_store_cost_templates.sql:46: NOTICE:  relation "public.store_cost_templates" does not exist, skipping
psql:/home/z/my-project/Costpro/supabase/migrations/20260615000001_create_store_cost_templates.sql:52: ERROR:  relation "public.store_cost_templates" does not exist
psql:/home/z/my-project/Costpro/supabase/migrations/20260615000001_create_store_cost_templates.sql:55: NOTICE:  relation "public.store_cost_templates" does not exist, skipping
psql:/home/z/my-project/Costpro/supabase/migrations/20260615000001_create_store_cost_templates.sql:65: ERROR:  relation "public.store_cost_templates" does not exist
psql:/home/z/my-project/Costpro/supabase/migrations/20260615000001_create_store_cost_templates.sql:68: NOTICE:  relation "public.store_cost_templates" does not exist, skipping
psql:/home/z/my-project/Costpro/supabase/migrations/20260615000001_create_store_cost_templates.sql:74: ERROR:  relation "public.store_cost_templates" does not exist
psql:/home/z/my-project/Costpro/supabase/migrations/20260615000001_create_store_cost_templates.sql:77: NOTICE:  relation "public.store_cost_templates" does not exist, skipping
psql:/home/z/my-project/Costpro/supabase/migrations/20260615000001_create_store_cost_templates.sql:81: ERROR:  relation "public.store_cost_templates" does not exist
═══ 20260615000002_create_product_cost_sheets_and_alter_products.sql ═══
psql:/home/z/my-project/Costpro/supabase/migrations/20260615000002_create_product_cost_sheets_and_alter_products.sql:26: ERROR:  relation "public.products" does not exist
psql:/home/z/my-project/Costpro/supabase/migrations/20260615000002_create_product_cost_sheets_and_alter_products.sql:29: ERROR:  relation "public.product_cost_sheets" does not exist
psql:/home/z/my-project/Costpro/supabase/migrations/20260615000002_create_product_cost_sheets_and_alter_products.sql:30: ERROR:  relation "public.product_cost_sheets" does not exist
psql:/home/z/my-project/Costpro/supabase/migrations/20260615000002_create_product_cost_sheets_and_alter_products.sql:31: ERROR:  relation "public.product_cost_sheets" does not exist
psql:/home/z/my-project/Costpro/supabase/migrations/20260615000002_create_product_cost_sheets_and_alter_products.sql:32: ERROR:  relation "public.product_cost_sheets" does not exist
psql:/home/z/my-project/Costpro/supabase/migrations/20260615000002_create_product_cost_sheets_and_alter_products.sql:35: ERROR:  relation "public.product_cost_sheets" does not exist
psql:/home/z/my-project/Costpro/supabase/migrations/20260615000002_create_product_cost_sheets_and_alter_products.sql:38: NOTICE:  relation "public.product_cost_sheets" does not exist, skipping
psql:/home/z/my-project/Costpro/supabase/migrations/20260615000002_create_product_cost_sheets_and_alter_products.sql:44: ERROR:  relation "public.product_cost_sheets" does not exist
psql:/home/z/my-project/Costpro/supabase/migrations/20260615000002_create_product_cost_sheets_and_alter_products.sql:47: NOTICE:  relation "public.product_cost_sheets" does not exist, skipping
psql:/home/z/my-project/Costpro/supabase/migrations/20260615000002_create_product_cost_sheets_and_alter_products.sql:53: ERROR:  relation "public.product_cost_sheets" does not exist
psql:/home/z/my-project/Costpro/supabase/migrations/20260615000002_create_product_cost_sheets_and_alter_products.sql:56: NOTICE:  relation "public.product_cost_sheets" does not exist, skipping
psql:/home/z/my-project/Costpro/supabase/migrations/20260615000002_create_product_cost_sheets_and_alter_products.sql:66: ERROR:  relation "public.product_cost_sheets" does not exist
psql:/home/z/my-project/Costpro/supabase/migrations/20260615000002_create_product_cost_sheets_and_alter_products.sql:69: NOTICE:  relation "public.product_cost_sheets" does not exist, skipping
psql:/home/z/my-project/Costpro/supabase/migrations/20260615000002_create_product_cost_sheets_and_alter_products.sql:74: ERROR:  relation "public.product_cost_sheets" does not exist
psql:/home/z/my-project/Costpro/supabase/migrations/20260615000002_create_product_cost_sheets_and_alter_products.sql:77: NOTICE:  relation "public.product_cost_sheets" does not exist, skipping
psql:/home/z/my-project/Costpro/supabase/migrations/20260615000002_create_product_cost_sheets_and_alter_products.sql:81: ERROR:  relation "public.product_cost_sheets" does not exist
psql:/home/z/my-project/Costpro/supabase/migrations/20260615000002_create_product_cost_sheets_and_alter_products.sql:87: ERROR:  relation "public.products" does not exist
psql:/home/z/my-project/Costpro/supabase/migrations/20260615000002_create_product_cost_sheets_and_alter_products.sql:91: ERROR:  relation "public.products" does not exist
psql:/home/z/my-project/Costpro/supabase/migrations/20260615000002_create_product_cost_sheets_and_alter_products.sql:94: ERROR:  relation "public.products" does not exist
psql:/home/z/my-project/Costpro/supabase/migrations/20260615000002_create_product_cost_sheets_and_alter_products.sql:95: ERROR:  relation "public.products" does not exist
═══ 20260615000003_add_unique_index_product_cost_sheets.sql ═══
psql:/home/z/my-project/Costpro/supabase/migrations/20260615000003_add_unique_index_product_cost_sheets.sql:16: ERROR:  relation "public.product_cost_sheets" does not exist
psql:/home/z/my-project/Costpro/supabase/migrations/20260615000003_add_unique_index_product_cost_sheets.sql:19: ERROR:  relation "public.idx_product_cost_sheets_unique_active" does not exist
═══ 20260615000004_create_fc_automation_support_tables.sql ═══
psql:/home/z/my-project/Costpro/supabase/migrations/20260615000004_create_fc_automation_support_tables.sql:28: ERROR:  relation "public.products" does not exist
psql:/home/z/my-project/Costpro/supabase/migrations/20260615000004_create_fc_automation_support_tables.sql:31: ERROR:  relation "public.fc_generation_log" does not exist
psql:/home/z/my-project/Costpro/supabase/migrations/20260615000004_create_fc_automation_support_tables.sql:32: ERROR:  relation "public.fc_generation_log" does not exist
psql:/home/z/my-project/Costpro/supabase/migrations/20260615000004_create_fc_automation_support_tables.sql:33: ERROR:  relation "public.fc_generation_log" does not exist
psql:/home/z/my-project/Costpro/supabase/migrations/20260615000004_create_fc_automation_support_tables.sql:34: ERROR:  relation "public.fc_generation_log" does not exist
psql:/home/z/my-project/Costpro/supabase/migrations/20260615000004_create_fc_automation_support_tables.sql:37: ERROR:  relation "public.fc_generation_log" does not exist
psql:/home/z/my-project/Costpro/supabase/migrations/20260615000004_create_fc_automation_support_tables.sql:40: NOTICE:  relation "public.fc_generation_log" does not exist, skipping
psql:/home/z/my-project/Costpro/supabase/migrations/20260615000004_create_fc_automation_support_tables.sql:46: ERROR:  relation "public.fc_generation_log" does not exist
psql:/home/z/my-project/Costpro/supabase/migrations/20260615000004_create_fc_automation_support_tables.sql:49: NOTICE:  relation "public.fc_generation_log" does not exist, skipping
psql:/home/z/my-project/Costpro/supabase/migrations/20260615000004_create_fc_automation_support_tables.sql:55: ERROR:  relation "public.fc_generation_log" does not exist
psql:/home/z/my-project/Costpro/supabase/migrations/20260615000004_create_fc_automation_support_tables.sql:58: NOTICE:  relation "public.fc_generation_log" does not exist, skipping
psql:/home/z/my-project/Costpro/supabase/migrations/20260615000004_create_fc_automation_support_tables.sql:61: ERROR:  relation "public.fc_generation_log" does not exist
psql:/home/z/my-project/Costpro/supabase/migrations/20260615000004_create_fc_automation_support_tables.sql:81: ERROR:  relation "public.stores" does not exist
psql:/home/z/my-project/Costpro/supabase/migrations/20260615000004_create_fc_automation_support_tables.sql:84: ERROR:  relation "public.fc_pdf_cache" does not exist
psql:/home/z/my-project/Costpro/supabase/migrations/20260615000004_create_fc_automation_support_tables.sql:85: ERROR:  relation "public.fc_pdf_cache" does not exist
psql:/home/z/my-project/Costpro/supabase/migrations/20260615000004_create_fc_automation_support_tables.sql:86: ERROR:  relation "public.fc_pdf_cache" does not exist
psql:/home/z/my-project/Costpro/supabase/migrations/20260615000004_create_fc_automation_support_tables.sql:89: NOTICE:  relation "public.fc_pdf_cache" does not exist, skipping
psql:/home/z/my-project/Costpro/supabase/migrations/20260615000004_create_fc_automation_support_tables.sql:93: ERROR:  relation "public.fc_pdf_cache" does not exist
psql:/home/z/my-project/Costpro/supabase/migrations/20260615000004_create_fc_automation_support_tables.sql:96: ERROR:  relation "public.fc_pdf_cache" does not exist
psql:/home/z/my-project/Costpro/supabase/migrations/20260615000004_create_fc_automation_support_tables.sql:99: NOTICE:  relation "public.fc_pdf_cache" does not exist, skipping
psql:/home/z/my-project/Costpro/supabase/migrations/20260615000004_create_fc_automation_support_tables.sql:105: ERROR:  relation "public.fc_pdf_cache" does not exist
psql:/home/z/my-project/Costpro/supabase/migrations/20260615000004_create_fc_automation_support_tables.sql:108: NOTICE:  relation "public.fc_pdf_cache" does not exist, skipping
psql:/home/z/my-project/Costpro/supabase/migrations/20260615000004_create_fc_automation_support_tables.sql:114: ERROR:  relation "public.fc_pdf_cache" does not exist
psql:/home/z/my-project/Costpro/supabase/migrations/20260615000004_create_fc_automation_support_tables.sql:116: NOTICE:  relation "public.fc_pdf_cache" does not exist, skipping
psql:/home/z/my-project/Costpro/supabase/migrations/20260615000004_create_fc_automation_support_tables.sql:126: ERROR:  relation "public.fc_pdf_cache" does not exist
psql:/home/z/my-project/Costpro/supabase/migrations/20260615000004_create_fc_automation_support_tables.sql:128: NOTICE:  relation "public.fc_pdf_cache" does not exist, skipping
psql:/home/z/my-project/Costpro/supabase/migrations/20260615000004_create_fc_automation_support_tables.sql:131: ERROR:  relation "public.fc_pdf_cache" does not exist
psql:/home/z/my-project/Costpro/supabase/migrations/20260615000004_create_fc_automation_support_tables.sql:152: ERROR:  relation "public.stores" does not exist
psql:/home/z/my-project/Costpro/supabase/migrations/20260615000004_create_fc_automation_support_tables.sql:155: ERROR:  relation "public.fc_automation_config" does not exist
psql:/home/z/my-project/Costpro/supabase/migrations/20260615000004_create_fc_automation_support_tables.sql:158: NOTICE:  relation "public.fc_automation_config" does not exist, skipping
psql:/home/z/my-project/Costpro/supabase/migrations/20260615000004_create_fc_automation_support_tables.sql:162: ERROR:  relation "public.fc_automation_config" does not exist
psql:/home/z/my-project/Costpro/supabase/migrations/20260615000004_create_fc_automation_support_tables.sql:165: ERROR:  relation "public.fc_automation_config" does not exist
psql:/home/z/my-project/Costpro/supabase/migrations/20260615000004_create_fc_automation_support_tables.sql:168: NOTICE:  relation "public.fc_automation_config" does not exist, skipping
psql:/home/z/my-project/Costpro/supabase/migrations/20260615000004_create_fc_automation_support_tables.sql:174: ERROR:  relation "public.fc_automation_config" does not exist
psql:/home/z/my-project/Costpro/supabase/migrations/20260615000004_create_fc_automation_support_tables.sql:177: NOTICE:  relation "public.fc_automation_config" does not exist, skipping
psql:/home/z/my-project/Costpro/supabase/migrations/20260615000004_create_fc_automation_support_tables.sql:183: ERROR:  relation "public.fc_automation_config" does not exist
psql:/home/z/my-project/Costpro/supabase/migrations/20260615000004_create_fc_automation_support_tables.sql:185: NOTICE:  relation "public.fc_automation_config" does not exist, skipping
psql:/home/z/my-project/Costpro/supabase/migrations/20260615000004_create_fc_automation_support_tables.sql:195: ERROR:  relation "public.fc_automation_config" does not exist
psql:/home/z/my-project/Costpro/supabase/migrations/20260615000004_create_fc_automation_support_tables.sql:197: NOTICE:  relation "public.fc_automation_config" does not exist, skipping
psql:/home/z/my-project/Costpro/supabase/migrations/20260615000004_create_fc_automation_support_tables.sql:200: ERROR:  relation "public.fc_automation_config" does not exist
═══ 20260616000002_audit_logs_rls.sql ═══
psql:/home/z/my-project/Costpro/supabase/migrations/20260616000002_audit_logs_rls.sql:6: NOTICE:  relation "audit_logs" does not exist, skipping
psql:/home/z/my-project/Costpro/supabase/migrations/20260616000002_audit_logs_rls.sql:9: NOTICE:  relation "public.audit_logs" does not exist, skipping
psql:/home/z/my-project/Costpro/supabase/migrations/20260616000002_audit_logs_rls.sql:15: ERROR:  relation "public.audit_logs" does not exist
psql:/home/z/my-project/Costpro/supabase/migrations/20260616000002_audit_logs_rls.sql:18: NOTICE:  relation "public.audit_logs" does not exist, skipping
psql:/home/z/my-project/Costpro/supabase/migrations/20260616000002_audit_logs_rls.sql:21: ERROR:  relation "public.audit_logs" does not exist
psql:/home/z/my-project/Costpro/supabase/migrations/20260616000002_audit_logs_rls.sql:24: ERROR:  relation "public.audit_logs" does not exist
═══ 20260617000001_add_fulltext_search_products.sql ═══
psql:/home/z/my-project/Costpro/supabase/migrations/20260617000001_add_fulltext_search_products.sql:16: ERROR:  relation "public.products" does not exist
psql:/home/z/my-project/Costpro/supabase/migrations/20260617000001_add_fulltext_search_products.sql:20: ERROR:  relation "public.products" does not exist
═══ 20260618000001_add_customer_to_transactions.README.md ═══
psql:/home/z/my-project/Costpro/supabase/migrations/20260618000001_add_customer_to_transactions.README.md:41: ERROR:  syntax error at or near "#"
LINE 1: # Migration: Agregar customer_id y customer_name a transacti...
        ^
psql:/home/z/my-project/Costpro/supabase/migrations/20260618000001_add_customer_to_transactions.README.md:56: ERROR:  syntax error at or near "}"
LINE 1: }
        ^
psql:/home/z/my-project/Costpro/supabase/migrations/20260618000001_add_customer_to_transactions.README.md:59: ERROR:  relation "transactions" does not exist
psql:/home/z/my-project/Costpro/supabase/migrations/20260618000001_add_customer_to_transactions.README.md:60: ERROR:  relation "transactions" does not exist
psql:/home/z/my-project/Costpro/supabase/migrations/20260618000001_add_customer_to_transactions.README.md:63: ERROR:  relation "transactions" does not exist
psql:/home/z/my-project/Costpro/supabase/migrations/20260618000001_add_customer_to_transactions.README.md:91: ERROR:  syntax error at or near "```"
LINE 1: ```
        ^
═══ 20260618000001_add_customer_to_transactions.sql ═══
psql:/home/z/my-project/Costpro/supabase/migrations/20260618000001_add_customer_to_transactions.sql:8: ERROR:  relation "transactions" does not exist
psql:/home/z/my-project/Costpro/supabase/migrations/20260618000001_add_customer_to_transactions.sql:11: ERROR:  relation "transactions" does not exist
psql:/home/z/my-project/Costpro/supabase/migrations/20260618000001_add_customer_to_transactions.sql:12: ERROR:  relation "transactions" does not exist
psql:/home/z/my-project/Costpro/supabase/migrations/20260618000001_add_customer_to_transactions.sql:15: ERROR:  relation "transactions" does not exist
═══ 20260619000002_quick_wins_financial_audit.sql ═══
psql:/home/z/my-project/Costpro/supabase/migrations/20260619000002_quick_wins_financial_audit.sql:59: NOTICE:  relation "public.audit_logs" does not exist, skipping
psql:/home/z/my-project/Costpro/supabase/migrations/20260619000002_quick_wins_financial_audit.sql:62: ERROR:  relation "public.audit_logs" does not exist
═══ 20260619000005_versionar_m2_m3_m5.sql ═══
psql:/home/z/my-project/Costpro/supabase/migrations/20260619000005_versionar_m2_m3_m5.sql:15: ERROR:  relation "public.cash_movements" does not exist
psql:/home/z/my-project/Costpro/supabase/migrations/20260619000005_versionar_m2_m3_m5.sql:16: ERROR:  relation "public.cash_movements" does not exist
psql:/home/z/my-project/Costpro/supabase/migrations/20260619000005_versionar_m2_m3_m5.sql:19: ERROR:  relation "public.products" does not exist
psql:/home/z/my-project/Costpro/supabase/migrations/20260619000005_versionar_m2_m3_m5.sql:20: ERROR:  relation "public.transactions" does not exist
psql:/home/z/my-project/Costpro/supabase/migrations/20260619000005_versionar_m2_m3_m5.sql:21: ERROR:  relation "public.receipts" does not exist
psql:/home/z/my-project/Costpro/supabase/migrations/20260619000005_versionar_m2_m3_m5.sql:22: ERROR:  relation "public.stock_movements" does not exist
psql:/home/z/my-project/Costpro/supabase/migrations/20260619000005_versionar_m2_m3_m5.sql:23: ERROR:  relation "public.cash_closures" does not exist
psql:/home/z/my-project/Costpro/supabase/migrations/20260619000005_versionar_m2_m3_m5.sql:24: ERROR:  relation "public.inventory_adjustments" does not exist
psql:/home/z/my-project/Costpro/supabase/migrations/20260619000005_versionar_m2_m3_m5.sql:25: ERROR:  relation "public.transfers" does not exist
psql:/home/z/my-project/Costpro/supabase/migrations/20260619000005_versionar_m2_m3_m5.sql:26: ERROR:  relation "public.purchase_orders" does not exist
psql:/home/z/my-project/Costpro/supabase/migrations/20260619000005_versionar_m2_m3_m5.sql:27: ERROR:  relation "public.ofertas" does not exist
psql:/home/z/my-project/Costpro/supabase/migrations/20260619000005_versionar_m2_m3_m5.sql:28: ERROR:  relation "public.product_cost_sheets" does not exist
psql:/home/z/my-project/Costpro/supabase/migrations/20260619000005_versionar_m2_m3_m5.sql:29: ERROR:  relation "public.store_cost_templates" does not exist
═══ 20260619000006_rls_policies_versioned.sql ═══
psql:/home/z/my-project/Costpro/supabase/migrations/20260619000006_rls_policies_versioned.sql:4: NOTICE:  relation "public.cash_closures" does not exist, skipping
psql:/home/z/my-project/Costpro/supabase/migrations/20260619000006_rls_policies_versioned.sql:5: ERROR:  relation "public.cash_closures" does not exist
psql:/home/z/my-project/Costpro/supabase/migrations/20260619000006_rls_policies_versioned.sql:7: NOTICE:  relation "public.cash_closures" does not exist, skipping
psql:/home/z/my-project/Costpro/supabase/migrations/20260619000006_rls_policies_versioned.sql:10: ERROR:  relation "public.cash_closures" does not exist
psql:/home/z/my-project/Costpro/supabase/migrations/20260619000006_rls_policies_versioned.sql:12: NOTICE:  relation "public.cash_closures" does not exist, skipping
psql:/home/z/my-project/Costpro/supabase/migrations/20260619000006_rls_policies_versioned.sql:15: ERROR:  relation "public.cash_closures" does not exist
psql:/home/z/my-project/Costpro/supabase/migrations/20260619000006_rls_policies_versioned.sql:17: NOTICE:  relation "public.cash_closures" does not exist, skipping
psql:/home/z/my-project/Costpro/supabase/migrations/20260619000006_rls_policies_versioned.sql:20: ERROR:  relation "public.cash_closures" does not exist
psql:/home/z/my-project/Costpro/supabase/migrations/20260619000006_rls_policies_versioned.sql:22: NOTICE:  relation "public.cash_closures" does not exist, skipping
psql:/home/z/my-project/Costpro/supabase/migrations/20260619000006_rls_policies_versioned.sql:25: ERROR:  syntax error at or near ")"
LINE 3: ...AND (m.store_id = cash_closures.store_id))))) WITH CHECK ();
                                                                     ^
psql:/home/z/my-project/Costpro/supabase/migrations/20260619000006_rls_policies_versioned.sql:27: NOTICE:  relation "public.cash_movements" does not exist, skipping
psql:/home/z/my-project/Costpro/supabase/migrations/20260619000006_rls_policies_versioned.sql:30: ERROR:  relation "public.cash_movements" does not exist
psql:/home/z/my-project/Costpro/supabase/migrations/20260619000006_rls_policies_versioned.sql:32: NOTICE:  relation "public.cash_movements" does not exist, skipping
psql:/home/z/my-project/Costpro/supabase/migrations/20260619000006_rls_policies_versioned.sql:35: ERROR:  relation "public.cash_movements" does not exist
psql:/home/z/my-project/Costpro/supabase/migrations/20260619000006_rls_policies_versioned.sql:37: NOTICE:  relation "public.cash_movements" does not exist, skipping
psql:/home/z/my-project/Costpro/supabase/migrations/20260619000006_rls_policies_versioned.sql:40: ERROR:  relation "public.cash_movements" does not exist
psql:/home/z/my-project/Costpro/supabase/migrations/20260619000006_rls_policies_versioned.sql:42: NOTICE:  relation "public.cash_movements" does not exist, skipping
psql:/home/z/my-project/Costpro/supabase/migrations/20260619000006_rls_policies_versioned.sql:45: ERROR:  relation "public.cash_movements" does not exist
psql:/home/z/my-project/Costpro/supabase/migrations/20260619000006_rls_policies_versioned.sql:47: NOTICE:  policy "cash_sessions_insert" for relation "public.cash_sessions" does not exist, skipping
psql:/home/z/my-project/Costpro/supabase/migrations/20260619000006_rls_policies_versioned.sql:50: ERROR:  relation "user_store_memberships" does not exist
psql:/home/z/my-project/Costpro/supabase/migrations/20260619000006_rls_policies_versioned.sql:52: NOTICE:  policy "cash_sessions_select" for relation "public.cash_sessions" does not exist, skipping
psql:/home/z/my-project/Costpro/supabase/migrations/20260619000006_rls_policies_versioned.sql:55: ERROR:  relation "user_store_memberships" does not exist
psql:/home/z/my-project/Costpro/supabase/migrations/20260619000006_rls_policies_versioned.sql:57: NOTICE:  policy "cash_sessions_update" for relation "public.cash_sessions" does not exist, skipping
psql:/home/z/my-project/Costpro/supabase/migrations/20260619000006_rls_policies_versioned.sql:60: ERROR:  syntax error at or near ")"
LINE 3: ...AND (m.store_id = cash_sessions.store_id))))) WITH CHECK ();
                                                                     ^
psql:/home/z/my-project/Costpro/supabase/migrations/20260619000006_rls_policies_versioned.sql:62: NOTICE:  relation "public.inventory_adjustments" does not exist, skipping
psql:/home/z/my-project/Costpro/supabase/migrations/20260619000006_rls_policies_versioned.sql:63: ERROR:  relation "public.inventory_adjustments" does not exist
psql:/home/z/my-project/Costpro/supabase/migrations/20260619000006_rls_policies_versioned.sql:65: NOTICE:  relation "public.inventory_adjustments" does not exist, skipping
psql:/home/z/my-project/Costpro/supabase/migrations/20260619000006_rls_policies_versioned.sql:68: ERROR:  relation "public.inventory_adjustments" does not exist
psql:/home/z/my-project/Costpro/supabase/migrations/20260619000006_rls_policies_versioned.sql:70: NOTICE:  relation "public.inventory_adjustments" does not exist, skipping
psql:/home/z/my-project/Costpro/supabase/migrations/20260619000006_rls_policies_versioned.sql:73: ERROR:  relation "public.inventory_adjustments" does not exist
psql:/home/z/my-project/Costpro/supabase/migrations/20260619000006_rls_policies_versioned.sql:75: NOTICE:  relation "public.inventory_adjustments" does not exist, skipping
psql:/home/z/my-project/Costpro/supabase/migrations/20260619000006_rls_policies_versioned.sql:78: ERROR:  relation "public.inventory_adjustments" does not exist
psql:/home/z/my-project/Costpro/supabase/migrations/20260619000006_rls_policies_versioned.sql:80: NOTICE:  relation "public.inventory_adjustments" does not exist, skipping
psql:/home/z/my-project/Costpro/supabase/migrations/20260619000006_rls_policies_versioned.sql:83: ERROR:  syntax error at or near ")"
LINE 3: ...tore_id = inventory_adjustments.store_id))))) WITH CHECK ();
                                                                     ^
psql:/home/z/my-project/Costpro/supabase/migrations/20260619000006_rls_policies_versioned.sql:85: NOTICE:  relation "public.ofertas" does not exist, skipping
psql:/home/z/my-project/Costpro/supabase/migrations/20260619000006_rls_policies_versioned.sql:90: ERROR:  relation "public.ofertas" does not exist
psql:/home/z/my-project/Costpro/supabase/migrations/20260619000006_rls_policies_versioned.sql:92: NOTICE:  relation "public.ofertas" does not exist, skipping
psql:/home/z/my-project/Costpro/supabase/migrations/20260619000006_rls_policies_versioned.sql:97: ERROR:  relation "public.ofertas" does not exist
psql:/home/z/my-project/Costpro/supabase/migrations/20260619000006_rls_policies_versioned.sql:99: NOTICE:  relation "public.ofertas" does not exist, skipping
psql:/home/z/my-project/Costpro/supabase/migrations/20260619000006_rls_policies_versioned.sql:104: ERROR:  syntax error at or near ")"
LINE 5: ...AND (profiles.role = 'admin'::user_role)))))) WITH CHECK ();
                                                                     ^
psql:/home/z/my-project/Costpro/supabase/migrations/20260619000006_rls_policies_versioned.sql:106: NOTICE:  relation "public.ofertas" does not exist, skipping
psql:/home/z/my-project/Costpro/supabase/migrations/20260619000006_rls_policies_versioned.sql:111: ERROR:  relation "public.ofertas" does not exist
psql:/home/z/my-project/Costpro/supabase/migrations/20260619000006_rls_policies_versioned.sql:113: NOTICE:  relation "public.ofertas" does not exist, skipping
psql:/home/z/my-project/Costpro/supabase/migrations/20260619000006_rls_policies_versioned.sql:116: ERROR:  relation "public.ofertas" does not exist
psql:/home/z/my-project/Costpro/supabase/migrations/20260619000006_rls_policies_versioned.sql:118: NOTICE:  relation "public.product_cost_sheets" does not exist, skipping
psql:/home/z/my-project/Costpro/supabase/migrations/20260619000006_rls_policies_versioned.sql:119: ERROR:  relation "public.product_cost_sheets" does not exist
psql:/home/z/my-project/Costpro/supabase/migrations/20260619000006_rls_policies_versioned.sql:121: NOTICE:  relation "public.product_cost_sheets" does not exist, skipping
psql:/home/z/my-project/Costpro/supabase/migrations/20260619000006_rls_policies_versioned.sql:122: ERROR:  relation "public.product_cost_sheets" does not exist
psql:/home/z/my-project/Costpro/supabase/migrations/20260619000006_rls_policies_versioned.sql:124: NOTICE:  relation "public.product_cost_sheets" does not exist, skipping
psql:/home/z/my-project/Costpro/supabase/migrations/20260619000006_rls_policies_versioned.sql:125: ERROR:  relation "public.product_cost_sheets" does not exist
psql:/home/z/my-project/Costpro/supabase/migrations/20260619000006_rls_policies_versioned.sql:127: NOTICE:  relation "public.product_cost_sheets" does not exist, skipping
psql:/home/z/my-project/Costpro/supabase/migrations/20260619000006_rls_policies_versioned.sql:130: ERROR:  relation "public.product_cost_sheets" does not exist
psql:/home/z/my-project/Costpro/supabase/migrations/20260619000006_rls_policies_versioned.sql:132: NOTICE:  relation "public.product_cost_sheets" does not exist, skipping
psql:/home/z/my-project/Costpro/supabase/migrations/20260619000006_rls_policies_versioned.sql:133: ERROR:  relation "public.product_cost_sheets" does not exist
psql:/home/z/my-project/Costpro/supabase/migrations/20260619000006_rls_policies_versioned.sql:135: NOTICE:  relation "public.products" does not exist, skipping
psql:/home/z/my-project/Costpro/supabase/migrations/20260619000006_rls_policies_versioned.sql:136: ERROR:  relation "public.products" does not exist
psql:/home/z/my-project/Costpro/supabase/migrations/20260619000006_rls_policies_versioned.sql:138: NOTICE:  relation "public.products" does not exist, skipping
psql:/home/z/my-project/Costpro/supabase/migrations/20260619000006_rls_policies_versioned.sql:141: ERROR:  relation "public.products" does not exist
psql:/home/z/my-project/Costpro/supabase/migrations/20260619000006_rls_policies_versioned.sql:143: NOTICE:  relation "public.products" does not exist, skipping
psql:/home/z/my-project/Costpro/supabase/migrations/20260619000006_rls_policies_versioned.sql:146: ERROR:  relation "public.products" does not exist
psql:/home/z/my-project/Costpro/supabase/migrations/20260619000006_rls_policies_versioned.sql:148: NOTICE:  relation "public.products" does not exist, skipping
psql:/home/z/my-project/Costpro/supabase/migrations/20260619000006_rls_policies_versioned.sql:151: ERROR:  relation "public.products" does not exist
psql:/home/z/my-project/Costpro/supabase/migrations/20260619000006_rls_policies_versioned.sql:153: NOTICE:  relation "public.products" does not exist, skipping
psql:/home/z/my-project/Costpro/supabase/migrations/20260619000006_rls_policies_versioned.sql:156: ERROR:  relation "public.products" does not exist
psql:/home/z/my-project/Costpro/supabase/migrations/20260619000006_rls_policies_versioned.sql:158: NOTICE:  relation "public.products" does not exist, skipping
psql:/home/z/my-project/Costpro/supabase/migrations/20260619000006_rls_policies_versioned.sql:161: ERROR:  relation "public.products" does not exist
psql:/home/z/my-project/Costpro/supabase/migrations/20260619000006_rls_policies_versioned.sql:163: NOTICE:  relation "public.products" does not exist, skipping
psql:/home/z/my-project/Costpro/supabase/migrations/20260619000006_rls_policies_versioned.sql:166: ERROR:  relation "public.products" does not exist
psql:/home/z/my-project/Costpro/supabase/migrations/20260619000006_rls_policies_versioned.sql:168: NOTICE:  relation "public.products" does not exist, skipping
psql:/home/z/my-project/Costpro/supabase/migrations/20260619000006_rls_policies_versioned.sql:171: ERROR:  syntax error at or near ")"
LINE 3: ...tus) AND (m.store_id = products.store_id))))) WITH CHECK ();
                                                                     ^
psql:/home/z/my-project/Costpro/supabase/migrations/20260619000006_rls_policies_versioned.sql:173: NOTICE:  relation "public.products" does not exist, skipping
psql:/home/z/my-project/Costpro/supabase/migrations/20260619000006_rls_policies_versioned.sql:178: ERROR:  relation "public.products" does not exist
psql:/home/z/my-project/Costpro/supabase/migrations/20260619000006_rls_policies_versioned.sql:180: NOTICE:  relation "public.purchase_orders" does not exist, skipping
psql:/home/z/my-project/Costpro/supabase/migrations/20260619000006_rls_policies_versioned.sql:181: ERROR:  relation "public.purchase_orders" does not exist
psql:/home/z/my-project/Costpro/supabase/migrations/20260619000006_rls_policies_versioned.sql:183: NOTICE:  relation "public.purchase_orders" does not exist, skipping
psql:/home/z/my-project/Costpro/supabase/migrations/20260619000006_rls_policies_versioned.sql:188: ERROR:  relation "public.purchase_orders" does not exist
psql:/home/z/my-project/Costpro/supabase/migrations/20260619000006_rls_policies_versioned.sql:190: NOTICE:  relation "public.purchase_orders" does not exist, skipping
psql:/home/z/my-project/Costpro/supabase/migrations/20260619000006_rls_policies_versioned.sql:195: ERROR:  relation "public.purchase_orders" does not exist
psql:/home/z/my-project/Costpro/supabase/migrations/20260619000006_rls_policies_versioned.sql:197: NOTICE:  relation "public.purchase_orders" does not exist, skipping
psql:/home/z/my-project/Costpro/supabase/migrations/20260619000006_rls_policies_versioned.sql:202: ERROR:  relation "public.purchase_orders" does not exist
psql:/home/z/my-project/Costpro/supabase/migrations/20260619000006_rls_policies_versioned.sql:204: NOTICE:  relation "public.purchase_orders" does not exist, skipping
psql:/home/z/my-project/Costpro/supabase/migrations/20260619000006_rls_policies_versioned.sql:209: ERROR:  relation "public.purchase_orders" does not exist
psql:/home/z/my-project/Costpro/supabase/migrations/20260619000006_rls_policies_versioned.sql:211: NOTICE:  relation "public.purchase_orders" does not exist, skipping
psql:/home/z/my-project/Costpro/supabase/migrations/20260619000006_rls_policies_versioned.sql:216: ERROR:  syntax error at or near ")"
LINE 5: ...AND (profiles.role = 'admin'::user_role)))))) WITH CHECK ();
                                                                     ^
psql:/home/z/my-project/Costpro/supabase/migrations/20260619000006_rls_policies_versioned.sql:218: NOTICE:  relation "public.purchase_orders" does not exist, skipping
psql:/home/z/my-project/Costpro/supabase/migrations/20260619000006_rls_policies_versioned.sql:223: ERROR:  syntax error at or near ")"
LINE 5: ...AND (profiles.role = 'admin'::user_role)))))) WITH CHECK ();
                                                                     ^
psql:/home/z/my-project/Costpro/supabase/migrations/20260619000006_rls_policies_versioned.sql:225: NOTICE:  relation "public.purchase_orders" does not exist, skipping
psql:/home/z/my-project/Costpro/supabase/migrations/20260619000006_rls_policies_versioned.sql:228: ERROR:  relation "public.purchase_orders" does not exist
psql:/home/z/my-project/Costpro/supabase/migrations/20260619000006_rls_policies_versioned.sql:230: NOTICE:  relation "public.receipts" does not exist, skipping
psql:/home/z/my-project/Costpro/supabase/migrations/20260619000006_rls_policies_versioned.sql:231: ERROR:  relation "public.receipts" does not exist
psql:/home/z/my-project/Costpro/supabase/migrations/20260619000006_rls_policies_versioned.sql:233: NOTICE:  relation "public.receipts" does not exist, skipping
psql:/home/z/my-project/Costpro/supabase/migrations/20260619000006_rls_policies_versioned.sql:236: ERROR:  relation "public.receipts" does not exist
psql:/home/z/my-project/Costpro/supabase/migrations/20260619000006_rls_policies_versioned.sql:238: NOTICE:  relation "public.receipts" does not exist, skipping
psql:/home/z/my-project/Costpro/supabase/migrations/20260619000006_rls_policies_versioned.sql:241: ERROR:  relation "public.receipts" does not exist
psql:/home/z/my-project/Costpro/supabase/migrations/20260619000006_rls_policies_versioned.sql:243: NOTICE:  relation "public.receipts" does not exist, skipping
psql:/home/z/my-project/Costpro/supabase/migrations/20260619000006_rls_policies_versioned.sql:244: ERROR:  relation "public.receipts" does not exist
psql:/home/z/my-project/Costpro/supabase/migrations/20260619000006_rls_policies_versioned.sql:246: NOTICE:  relation "public.receipts" does not exist, skipping
psql:/home/z/my-project/Costpro/supabase/migrations/20260619000006_rls_policies_versioned.sql:249: ERROR:  relation "public.receipts" does not exist
psql:/home/z/my-project/Costpro/supabase/migrations/20260619000006_rls_policies_versioned.sql:251: NOTICE:  relation "public.receipts" does not exist, skipping
psql:/home/z/my-project/Costpro/supabase/migrations/20260619000006_rls_policies_versioned.sql:254: ERROR:  syntax error at or near ")"
LINE 3: ...tus) AND (m.store_id = receipts.store_id))))) WITH CHECK ();
                                                                     ^
psql:/home/z/my-project/Costpro/supabase/migrations/20260619000006_rls_policies_versioned.sql:256: NOTICE:  relation "public.stock_movements" does not exist, skipping
psql:/home/z/my-project/Costpro/supabase/migrations/20260619000006_rls_policies_versioned.sql:257: ERROR:  relation "public.stock_movements" does not exist
psql:/home/z/my-project/Costpro/supabase/migrations/20260619000006_rls_policies_versioned.sql:259: NOTICE:  relation "public.stock_movements" does not exist, skipping
psql:/home/z/my-project/Costpro/supabase/migrations/20260619000006_rls_policies_versioned.sql:260: ERROR:  relation "public.stock_movements" does not exist
psql:/home/z/my-project/Costpro/supabase/migrations/20260619000006_rls_policies_versioned.sql:262: NOTICE:  relation "public.stock_movements" does not exist, skipping
psql:/home/z/my-project/Costpro/supabase/migrations/20260619000006_rls_policies_versioned.sql:265: ERROR:  relation "public.stock_movements" does not exist
psql:/home/z/my-project/Costpro/supabase/migrations/20260619000006_rls_policies_versioned.sql:267: NOTICE:  relation "public.stock_movements" does not exist, skipping
psql:/home/z/my-project/Costpro/supabase/migrations/20260619000006_rls_policies_versioned.sql:270: ERROR:  relation "public.stock_movements" does not exist
psql:/home/z/my-project/Costpro/supabase/migrations/20260619000006_rls_policies_versioned.sql:272: NOTICE:  relation "public.stock_movements" does not exist, skipping
psql:/home/z/my-project/Costpro/supabase/migrations/20260619000006_rls_policies_versioned.sql:275: ERROR:  relation "public.stock_movements" does not exist
psql:/home/z/my-project/Costpro/supabase/migrations/20260619000006_rls_policies_versioned.sql:277: NOTICE:  relation "public.stock_movements" does not exist, skipping
psql:/home/z/my-project/Costpro/supabase/migrations/20260619000006_rls_policies_versioned.sql:280: ERROR:  syntax error at or near ")"
LINE 3: ...D (m.store_id = stock_movements.store_id))))) WITH CHECK ();
                                                                     ^
psql:/home/z/my-project/Costpro/supabase/migrations/20260619000006_rls_policies_versioned.sql:282: NOTICE:  relation "public.store_cost_templates" does not exist, skipping
psql:/home/z/my-project/Costpro/supabase/migrations/20260619000006_rls_policies_versioned.sql:283: ERROR:  relation "public.store_cost_templates" does not exist
psql:/home/z/my-project/Costpro/supabase/migrations/20260619000006_rls_policies_versioned.sql:285: NOTICE:  relation "public.store_cost_templates" does not exist, skipping
psql:/home/z/my-project/Costpro/supabase/migrations/20260619000006_rls_policies_versioned.sql:286: ERROR:  relation "public.store_cost_templates" does not exist
psql:/home/z/my-project/Costpro/supabase/migrations/20260619000006_rls_policies_versioned.sql:288: NOTICE:  relation "public.store_cost_templates" does not exist, skipping
psql:/home/z/my-project/Costpro/supabase/migrations/20260619000006_rls_policies_versioned.sql:289: ERROR:  relation "public.store_cost_templates" does not exist
psql:/home/z/my-project/Costpro/supabase/migrations/20260619000006_rls_policies_versioned.sql:291: NOTICE:  relation "public.store_cost_templates" does not exist, skipping
psql:/home/z/my-project/Costpro/supabase/migrations/20260619000006_rls_policies_versioned.sql:294: ERROR:  relation "public.store_cost_templates" does not exist
psql:/home/z/my-project/Costpro/supabase/migrations/20260619000006_rls_policies_versioned.sql:296: NOTICE:  relation "public.store_cost_templates" does not exist, skipping
psql:/home/z/my-project/Costpro/supabase/migrations/20260619000006_rls_policies_versioned.sql:297: ERROR:  relation "public.store_cost_templates" does not exist
psql:/home/z/my-project/Costpro/supabase/migrations/20260619000006_rls_policies_versioned.sql:299: NOTICE:  relation "public.transactions" does not exist, skipping
psql:/home/z/my-project/Costpro/supabase/migrations/20260619000006_rls_policies_versioned.sql:300: ERROR:  relation "public.transactions" does not exist
psql:/home/z/my-project/Costpro/supabase/migrations/20260619000006_rls_policies_versioned.sql:302: NOTICE:  relation "public.transactions" does not exist, skipping
psql:/home/z/my-project/Costpro/supabase/migrations/20260619000006_rls_policies_versioned.sql:303: ERROR:  relation "public.transactions" does not exist
psql:/home/z/my-project/Costpro/supabase/migrations/20260619000006_rls_policies_versioned.sql:305: NOTICE:  relation "public.transactions" does not exist, skipping
psql:/home/z/my-project/Costpro/supabase/migrations/20260619000006_rls_policies_versioned.sql:306: ERROR:  relation "public.transactions" does not exist
psql:/home/z/my-project/Costpro/supabase/migrations/20260619000006_rls_policies_versioned.sql:308: NOTICE:  relation "public.transactions" does not exist, skipping
psql:/home/z/my-project/Costpro/supabase/migrations/20260619000006_rls_policies_versioned.sql:311: ERROR:  relation "public.transactions" does not exist
psql:/home/z/my-project/Costpro/supabase/migrations/20260619000006_rls_policies_versioned.sql:313: NOTICE:  relation "public.transactions" does not exist, skipping
psql:/home/z/my-project/Costpro/supabase/migrations/20260619000006_rls_policies_versioned.sql:316: ERROR:  relation "public.transactions" does not exist
psql:/home/z/my-project/Costpro/supabase/migrations/20260619000006_rls_policies_versioned.sql:318: NOTICE:  relation "public.transactions" does not exist, skipping
psql:/home/z/my-project/Costpro/supabase/migrations/20260619000006_rls_policies_versioned.sql:321: ERROR:  relation "public.transactions" does not exist
psql:/home/z/my-project/Costpro/supabase/migrations/20260619000006_rls_policies_versioned.sql:323: NOTICE:  relation "public.transactions" does not exist, skipping
psql:/home/z/my-project/Costpro/supabase/migrations/20260619000006_rls_policies_versioned.sql:326: ERROR:  syntax error at or near ")"
LINE 3: ... AND (m.store_id = transactions.store_id))))) WITH CHECK ();
                                                                     ^
psql:/home/z/my-project/Costpro/supabase/migrations/20260619000006_rls_policies_versioned.sql:328: NOTICE:  relation "public.transfers" does not exist, skipping
psql:/home/z/my-project/Costpro/supabase/migrations/20260619000006_rls_policies_versioned.sql:329: ERROR:  relation "public.transfers" does not exist
psql:/home/z/my-project/Costpro/supabase/migrations/20260619000006_rls_policies_versioned.sql:331: NOTICE:  relation "public.transfers" does not exist, skipping
psql:/home/z/my-project/Costpro/supabase/migrations/20260619000006_rls_policies_versioned.sql:334: ERROR:  relation "public.transfers" does not exist
═══ 20260620000001_store_analytics_advanced.sql ═══
psql:/home/z/my-project/Costpro/supabase/migrations/20260620000001_store_analytics_advanced.sql:17: NOTICE:  function public.get_store_analytics_advanced(uuid,pg_catalog.int4) does not exist, skipping
psql:/home/z/my-project/Costpro/supabase/migrations/20260620000001_store_analytics_advanced.sql:18: NOTICE:  function public.get_store_analytics_advanced(uuid,date,date,pg_catalog.int4) does not exist, skipping
═══ 20260622000001_global_operation_date_policy.sql ═══
psql:/home/z/my-project/Costpro/supabase/migrations/20260622000001_global_operation_date_policy.sql:58: ERROR:  relation "public.transactions" does not exist
LINE 4: FROM public.transactions WHERE status = 'completed'
             ^
psql:/home/z/my-project/Costpro/supabase/migrations/20260622000001_global_operation_date_policy.sql:67: NOTICE:  function public.get_global_max_operation_date() does not exist, skipping
psql:/home/z/my-project/Costpro/supabase/migrations/20260622000001_global_operation_date_policy.sql:75: ERROR:  relation "v_global_operation_dates" does not exist
LINE 7:   SELECT MAX(operation_date) FROM v_global_operation_dates;
                                          ^
psql:/home/z/my-project/Costpro/supabase/migrations/20260622000001_global_operation_date_policy.sql:77: ERROR:  function public.get_global_max_operation_date() does not exist
psql:/home/z/my-project/Costpro/supabase/migrations/20260622000001_global_operation_date_policy.sql:80: ERROR:  function public.get_global_max_operation_date() does not exist
psql:/home/z/my-project/Costpro/supabase/migrations/20260622000001_global_operation_date_policy.sql:89: NOTICE:  function public.validate_operation_date(pg_catalog.timestamptz) does not exist, skipping
psql:/home/z/my-project/Costpro/supabase/migrations/20260622000001_global_operation_date_policy.sql:131: NOTICE:  function public.create_sale(uuid,uuid,pg_catalog.numeric,jsonb,pg_catalog.numeric,text,pg_catalog.numeric,text,pg_catalog.numeric,jsonb,uuid) does not exist, skipping
psql:/home/z/my-project/Costpro/supabase/migrations/20260622000001_global_operation_date_policy.sql:238: ERROR:  function public.get_global_max_operation_date() does not exist
LINE 3:   public.get_global_max_operation_date() AS max_date,
          ^
HINT:  No function matches the given name and argument types. You might need to add explicit type casts.
═══ 20260622000002_extend_global_date_policy.sql ═══
psql:/home/z/my-project/Costpro/supabase/migrations/20260622000002_extend_global_date_policy.sql:23: NOTICE:  function public.register_stock_movement(uuid,uuid,pg_catalog.numeric,text,text,uuid,uuid,uuid,pg_catalog.numeric,text) does not exist, skipping
psql:/home/z/my-project/Costpro/supabase/migrations/20260622000002_extend_global_date_policy.sql:131: NOTICE:  function public.create_transfer(uuid,uuid,jsonb,text,uuid) does not exist, skipping
psql:/home/z/my-project/Costpro/supabase/migrations/20260622000002_extend_global_date_policy.sql:346: NOTICE:  function public.process_stock_adjustment(uuid,uuid,pg_catalog.numeric,text,uuid) does not exist, skipping
psql:/home/z/my-project/Costpro/supabase/migrations/20260622000002_extend_global_date_policy.sql:390: NOTICE:  function public.register_reception(uuid,text,pg_catalog.timestamptz,text,jsonb) does not exist, skipping
═══ 20260622000003_perform_adjustment_op_date.sql ═══
psql:/home/z/my-project/Costpro/supabase/migrations/20260622000003_perform_adjustment_op_date.sql:11: NOTICE:  function public.perform_inventory_adjustment(uuid,uuid,pg_catalog.numeric,text,uuid,pg_catalog.numeric) does not exist, skipping
═══ 20260622000004_void_rpcs_op_date.sql ═══
psql:/home/z/my-project/Costpro/supabase/migrations/20260622000004_void_rpcs_op_date.sql:18: NOTICE:  function public.void_transaction(uuid,text,uuid) does not exist, skipping
psql:/home/z/my-project/Costpro/supabase/migrations/20260622000004_void_rpcs_op_date.sql:75: NOTICE:  function public.void_transaction(uuid,text) does not exist, skipping
psql:/home/z/my-project/Costpro/supabase/migrations/20260622000004_void_rpcs_op_date.sql:237: ERROR:  relation "public.transactions" does not exist
LINE 5: FROM public.transactions
             ^
═══ 20260623000001_refactor_per_store_policy.sql ═══
psql:/home/z/my-project/Costpro/supabase/migrations/20260623000001_refactor_per_store_policy.sql:19: NOTICE:  function public.get_global_max_operation_date() does not exist, skipping
psql:/home/z/my-project/Costpro/supabase/migrations/20260623000001_refactor_per_store_policy.sql:20: NOTICE:  function public.get_global_max_operation_date(uuid) does not exist, skipping
psql:/home/z/my-project/Costpro/supabase/migrations/20260623000001_refactor_per_store_policy.sql:33: ERROR:  relation "v_global_operation_dates" does not exist
LINE 10:   FROM v_global_operation_dates
                ^
psql:/home/z/my-project/Costpro/supabase/migrations/20260623000001_refactor_per_store_policy.sql:35: ERROR:  function public.get_global_max_operation_date(uuid) does not exist
psql:/home/z/my-project/Costpro/supabase/migrations/20260623000001_refactor_per_store_policy.sql:38: ERROR:  function public.get_global_max_operation_date(uuid) does not exist
psql:/home/z/my-project/Costpro/supabase/migrations/20260623000001_refactor_per_store_policy.sql:48: NOTICE:  function public.validate_operation_date(pg_catalog.timestamptz,uuid) does not exist, skipping
psql:/home/z/my-project/Costpro/supabase/migrations/20260623000001_refactor_per_store_policy.sql:94: NOTICE:  function public.validate_transfer_operation_date(pg_catalog.timestamptz,uuid,uuid) does not exist, skipping
═══ 20260623000003_fix_confirm_reception_date.sql ═══
psql:/home/z/my-project/Costpro/supabase/migrations/20260623000003_fix_confirm_reception_date.sql:95: ERROR:  relation "stock_movements" does not exist
LINE 1: UPDATE stock_movements sm
               ^
psql:/home/z/my-project/Costpro/supabase/migrations/20260623000003_fix_confirm_reception_date.sql:107: ERROR:  relation "stock_movements" does not exist
LINE 6: FROM stock_movements
             ^
═══ 20260624000001_inteligencia_cambiaria.sql ═══
psql:/home/z/my-project/Costpro/supabase/migrations/20260624000001_inteligencia_cambiaria.sql:114: ERROR:  function pg_catalog.extract(unknown, integer) does not exist
LINE 32: ...HEN (POWER(ev.rate::FLOAT / sv.rate::FLOAT, 1.0 / EXTRACT(EP...
                                                              ^
HINT:  No function matches the given name and argument types. You might need to add explicit type casts.
═══ 20260624000002_inteligencia_cambiaria_segments.sql ═══
psql:/home/z/my-project/Costpro/supabase/migrations/20260624000002_inteligencia_cambiaria_segments.sql:12: NOTICE:  constraint "exchange_rates_rate_date_currency_source_seg_key" of relation "exchange_rates" does not exist, skipping
═══ 20260625000001_servicios_recibidos.sql ═══
psql:/home/z/my-project/Costpro/supabase/migrations/20260625000001_servicios_recibidos.sql:15: ERROR:  relation "stores" does not exist
psql:/home/z/my-project/Costpro/supabase/migrations/20260625000001_servicios_recibidos.sql:16: ERROR:  relation "service_types" does not exist
psql:/home/z/my-project/Costpro/supabase/migrations/20260625000001_servicios_recibidos.sql:37: ERROR:  relation "stores" does not exist
psql:/home/z/my-project/Costpro/supabase/migrations/20260625000001_servicios_recibidos.sql:38: ERROR:  relation "received_services" does not exist
psql:/home/z/my-project/Costpro/supabase/migrations/20260625000001_servicios_recibidos.sql:39: ERROR:  relation "received_services" does not exist
psql:/home/z/my-project/Costpro/supabase/migrations/20260625000001_servicios_recibidos.sql:40: ERROR:  relation "received_services" does not exist
psql:/home/z/my-project/Costpro/supabase/migrations/20260625000001_servicios_recibidos.sql:51: ERROR:  relation "received_services" does not exist
psql:/home/z/my-project/Costpro/supabase/migrations/20260625000001_servicios_recibidos.sql:52: ERROR:  relation "service_reception_links" does not exist
psql:/home/z/my-project/Costpro/supabase/migrations/20260625000001_servicios_recibidos.sql:53: ERROR:  relation "service_reception_links" does not exist
psql:/home/z/my-project/Costpro/supabase/migrations/20260625000001_servicios_recibidos.sql:65: ERROR:  relation "received_services" does not exist
psql:/home/z/my-project/Costpro/supabase/migrations/20260625000001_servicios_recibidos.sql:66: ERROR:  relation "service_cost_distributions" does not exist
psql:/home/z/my-project/Costpro/supabase/migrations/20260625000001_servicios_recibidos.sql:67: ERROR:  relation "service_cost_distributions" does not exist
psql:/home/z/my-project/Costpro/supabase/migrations/20260625000001_servicios_recibidos.sql:68: ERROR:  relation "service_cost_distributions" does not exist
psql:/home/z/my-project/Costpro/supabase/migrations/20260625000001_servicios_recibidos.sql:82: ERROR:  relation "service_types" does not exist
psql:/home/z/my-project/Costpro/supabase/migrations/20260625000001_servicios_recibidos.sql:83: ERROR:  relation "received_services" does not exist
psql:/home/z/my-project/Costpro/supabase/migrations/20260625000001_servicios_recibidos.sql:84: ERROR:  relation "service_reception_links" does not exist
psql:/home/z/my-project/Costpro/supabase/migrations/20260625000001_servicios_recibidos.sql:85: ERROR:  relation "service_cost_distributions" does not exist
psql:/home/z/my-project/Costpro/supabase/migrations/20260625000001_servicios_recibidos.sql:88: ERROR:  relation "service_types" does not exist
psql:/home/z/my-project/Costpro/supabase/migrations/20260625000001_servicios_recibidos.sql:89: ERROR:  relation "service_types" does not exist
psql:/home/z/my-project/Costpro/supabase/migrations/20260625000001_servicios_recibidos.sql:91: ERROR:  relation "received_services" does not exist
psql:/home/z/my-project/Costpro/supabase/migrations/20260625000001_servicios_recibidos.sql:92: ERROR:  relation "received_services" does not exist
psql:/home/z/my-project/Costpro/supabase/migrations/20260625000001_servicios_recibidos.sql:94: ERROR:  relation "service_reception_links" does not exist
psql:/home/z/my-project/Costpro/supabase/migrations/20260625000001_servicios_recibidos.sql:95: ERROR:  relation "service_reception_links" does not exist
psql:/home/z/my-project/Costpro/supabase/migrations/20260625000001_servicios_recibidos.sql:97: ERROR:  relation "service_cost_distributions" does not exist
psql:/home/z/my-project/Costpro/supabase/migrations/20260625000001_servicios_recibidos.sql:98: ERROR:  relation "service_cost_distributions" does not exist
psql:/home/z/my-project/Costpro/supabase/migrations/20260625000001_servicios_recibidos.sql:169: ERROR:  relation "received_services" does not exist
CONTEXT:  compilation of PL/pgSQL function "calculate_service_distribution" near line 3
psql:/home/z/my-project/Costpro/supabase/migrations/20260625000001_servicios_recibidos.sql:205: ERROR:  relation "receipt_items" does not exist
LINE 25:   FROM receipt_items ri
                ^
═══ 20260626000001_usage_tracking.sql ═══
psql:/home/z/my-project/Costpro/supabase/migrations/20260626000001_usage_tracking.sql:303: ERROR:  relation "profiles" does not exist
psql:/home/z/my-project/Costpro/supabase/migrations/20260626000001_usage_tracking.sql:317: ERROR:  relation "profiles" does not exist
psql:/home/z/my-project/Costpro/supabase/migrations/20260626000001_usage_tracking.sql:331: ERROR:  relation "profiles" does not exist
psql:/home/z/my-project/Costpro/supabase/migrations/20260626000001_usage_tracking.sql:343: ERROR:  relation "profiles" does not exist
psql:/home/z/my-project/Costpro/supabase/migrations/20260626000001_usage_tracking.sql:357: ERROR:  relation "profiles" does not exist
═══ 20260626000002_workers_commissions.sql ═══
psql:/home/z/my-project/Costpro/supabase/migrations/20260626000002_workers_commissions.sql:39: ERROR:  relation "public.stores" does not exist
psql:/home/z/my-project/Costpro/supabase/migrations/20260626000002_workers_commissions.sql:43: ERROR:  relation "public.workers" does not exist
psql:/home/z/my-project/Costpro/supabase/migrations/20260626000002_workers_commissions.sql:45: ERROR:  relation "public.workers" does not exist
psql:/home/z/my-project/Costpro/supabase/migrations/20260626000002_workers_commissions.sql:47: ERROR:  relation "public.workers" does not exist
psql:/home/z/my-project/Costpro/supabase/migrations/20260626000002_workers_commissions.sql:86: ERROR:  relation "public.stores" does not exist
psql:/home/z/my-project/Costpro/supabase/migrations/20260626000002_workers_commissions.sql:89: ERROR:  relation "public.commission_rules" does not exist
psql:/home/z/my-project/Costpro/supabase/migrations/20260626000002_workers_commissions.sql:91: ERROR:  relation "public.commission_rules" does not exist
psql:/home/z/my-project/Costpro/supabase/migrations/20260626000002_workers_commissions.sql:105: ERROR:  relation "public.commission_rules" does not exist
psql:/home/z/my-project/Costpro/supabase/migrations/20260626000002_workers_commissions.sql:108: ERROR:  relation "public.commission_rule_versions" does not exist
psql:/home/z/my-project/Costpro/supabase/migrations/20260626000002_workers_commissions.sql:137: ERROR:  relation "public.stores" does not exist
psql:/home/z/my-project/Costpro/supabase/migrations/20260626000002_workers_commissions.sql:140: ERROR:  relation "public.sales_transactions" does not exist
psql:/home/z/my-project/Costpro/supabase/migrations/20260626000002_workers_commissions.sql:142: ERROR:  relation "public.sales_transactions" does not exist
psql:/home/z/my-project/Costpro/supabase/migrations/20260626000002_workers_commissions.sql:144: ERROR:  relation "public.sales_transactions" does not exist
psql:/home/z/my-project/Costpro/supabase/migrations/20260626000002_workers_commissions.sql:183: ERROR:  relation "public.stores" does not exist
psql:/home/z/my-project/Costpro/supabase/migrations/20260626000002_workers_commissions.sql:188: ERROR:  relation "public.commission_payments" does not exist
psql:/home/z/my-project/Costpro/supabase/migrations/20260626000002_workers_commissions.sql:191: ERROR:  relation "public.commission_payments" does not exist
psql:/home/z/my-project/Costpro/supabase/migrations/20260626000002_workers_commissions.sql:193: ERROR:  relation "public.commission_payments" does not exist
psql:/home/z/my-project/Costpro/supabase/migrations/20260626000002_workers_commissions.sql:199: ERROR:  relation "public.workers" does not exist
psql:/home/z/my-project/Costpro/supabase/migrations/20260626000002_workers_commissions.sql:200: ERROR:  relation "public.commission_rules" does not exist
psql:/home/z/my-project/Costpro/supabase/migrations/20260626000002_workers_commissions.sql:201: ERROR:  relation "public.commission_rule_versions" does not exist
psql:/home/z/my-project/Costpro/supabase/migrations/20260626000002_workers_commissions.sql:202: ERROR:  relation "public.sales_transactions" does not exist
psql:/home/z/my-project/Costpro/supabase/migrations/20260626000002_workers_commissions.sql:203: ERROR:  relation "public.commission_payments" does not exist
psql:/home/z/my-project/Costpro/supabase/migrations/20260626000002_workers_commissions.sql:218: ERROR:  relation "public.workers" does not exist
psql:/home/z/my-project/Costpro/supabase/migrations/20260626000002_workers_commissions.sql:228: ERROR:  relation "public.workers" does not exist
psql:/home/z/my-project/Costpro/supabase/migrations/20260626000002_workers_commissions.sql:238: ERROR:  relation "public.workers" does not exist
psql:/home/z/my-project/Costpro/supabase/migrations/20260626000002_workers_commissions.sql:248: ERROR:  relation "public.workers" does not exist
psql:/home/z/my-project/Costpro/supabase/migrations/20260626000002_workers_commissions.sql:250: ERROR:  relation "public.workers" does not exist
psql:/home/z/my-project/Costpro/supabase/migrations/20260626000002_workers_commissions.sql:256: ERROR:  relation "public.commission_rules" does not exist
psql:/home/z/my-project/Costpro/supabase/migrations/20260626000002_workers_commissions.sql:259: ERROR:  relation "public.commission_rules" does not exist
psql:/home/z/my-project/Costpro/supabase/migrations/20260626000002_workers_commissions.sql:262: ERROR:  relation "public.commission_rules" does not exist
psql:/home/z/my-project/Costpro/supabase/migrations/20260626000002_workers_commissions.sql:265: ERROR:  relation "public.commission_rules" does not exist
psql:/home/z/my-project/Costpro/supabase/migrations/20260626000002_workers_commissions.sql:267: ERROR:  relation "public.commission_rules" does not exist
psql:/home/z/my-project/Costpro/supabase/migrations/20260626000002_workers_commissions.sql:272: ERROR:  relation "public.commission_rule_versions" does not exist
psql:/home/z/my-project/Costpro/supabase/migrations/20260626000002_workers_commissions.sql:274: ERROR:  relation "public.commission_rule_versions" does not exist
psql:/home/z/my-project/Costpro/supabase/migrations/20260626000002_workers_commissions.sql:279: ERROR:  relation "public.sales_transactions" does not exist
psql:/home/z/my-project/Costpro/supabase/migrations/20260626000002_workers_commissions.sql:282: ERROR:  relation "public.sales_transactions" does not exist
psql:/home/z/my-project/Costpro/supabase/migrations/20260626000002_workers_commissions.sql:285: ERROR:  relation "public.sales_transactions" does not exist
psql:/home/z/my-project/Costpro/supabase/migrations/20260626000002_workers_commissions.sql:288: ERROR:  relation "public.sales_transactions" does not exist
psql:/home/z/my-project/Costpro/supabase/migrations/20260626000002_workers_commissions.sql:290: ERROR:  relation "public.sales_transactions" does not exist
psql:/home/z/my-project/Costpro/supabase/migrations/20260626000002_workers_commissions.sql:295: ERROR:  relation "public.commission_payments" does not exist
psql:/home/z/my-project/Costpro/supabase/migrations/20260626000002_workers_commissions.sql:298: ERROR:  relation "public.commission_payments" does not exist
psql:/home/z/my-project/Costpro/supabase/migrations/20260626000002_workers_commissions.sql:301: ERROR:  relation "public.commission_payments" does not exist
psql:/home/z/my-project/Costpro/supabase/migrations/20260626000002_workers_commissions.sql:304: ERROR:  relation "public.commission_payments" does not exist
psql:/home/z/my-project/Costpro/supabase/migrations/20260626000002_workers_commissions.sql:306: ERROR:  relation "public.commission_payments" does not exist
psql:/home/z/my-project/Costpro/supabase/migrations/20260626000002_workers_commissions.sql:319: NOTICE:  relation "public.workers" does not exist, skipping
psql:/home/z/my-project/Costpro/supabase/migrations/20260626000002_workers_commissions.sql:321: ERROR:  relation "public.workers" does not exist
psql:/home/z/my-project/Costpro/supabase/migrations/20260626000002_workers_commissions.sql:323: NOTICE:  relation "public.commission_rules" does not exist, skipping
psql:/home/z/my-project/Costpro/supabase/migrations/20260626000002_workers_commissions.sql:325: ERROR:  relation "public.commission_rules" does not exist
psql:/home/z/my-project/Costpro/supabase/migrations/20260626000002_workers_commissions.sql:327: NOTICE:  relation "public.sales_transactions" does not exist, skipping
psql:/home/z/my-project/Costpro/supabase/migrations/20260626000002_workers_commissions.sql:329: ERROR:  relation "public.sales_transactions" does not exist
psql:/home/z/my-project/Costpro/supabase/migrations/20260626000002_workers_commissions.sql:331: NOTICE:  relation "public.commission_payments" does not exist, skipping
psql:/home/z/my-project/Costpro/supabase/migrations/20260626000002_workers_commissions.sql:333: ERROR:  relation "public.commission_payments" does not exist
psql:/home/z/my-project/Costpro/supabase/migrations/20260626000002_workers_commissions.sql:372: NOTICE:  relation "public.commission_rules" does not exist, skipping
psql:/home/z/my-project/Costpro/supabase/migrations/20260626000002_workers_commissions.sql:375: ERROR:  relation "public.commission_rules" does not exist
psql:/home/z/my-project/Costpro/supabase/migrations/20260626000002_workers_commissions.sql:456: ERROR:  relation "public.workers" does not exist
psql:/home/z/my-project/Costpro/supabase/migrations/20260626000002_workers_commissions.sql:457: ERROR:  relation "public.commission_rules" does not exist
psql:/home/z/my-project/Costpro/supabase/migrations/20260626000002_workers_commissions.sql:458: ERROR:  relation "public.commission_rule_versions" does not exist
psql:/home/z/my-project/Costpro/supabase/migrations/20260626000002_workers_commissions.sql:459: ERROR:  relation "public.sales_transactions" does not exist
psql:/home/z/my-project/Costpro/supabase/migrations/20260626000002_workers_commissions.sql:460: ERROR:  relation "public.commission_payments" does not exist
═══ 20260626000003_workers_rls_admin_bypass.sql ═══
psql:/home/z/my-project/Costpro/supabase/migrations/20260626000003_workers_rls_admin_bypass.sql:13: NOTICE:  relation "public.workers" does not exist, skipping
psql:/home/z/my-project/Costpro/supabase/migrations/20260626000003_workers_rls_admin_bypass.sql:14: NOTICE:  relation "public.workers" does not exist, skipping
psql:/home/z/my-project/Costpro/supabase/migrations/20260626000003_workers_rls_admin_bypass.sql:15: NOTICE:  relation "public.workers" does not exist, skipping
psql:/home/z/my-project/Costpro/supabase/migrations/20260626000003_workers_rls_admin_bypass.sql:16: NOTICE:  relation "public.workers" does not exist, skipping
psql:/home/z/my-project/Costpro/supabase/migrations/20260626000003_workers_rls_admin_bypass.sql:26: ERROR:  relation "public.workers" does not exist
psql:/home/z/my-project/Costpro/supabase/migrations/20260626000003_workers_rls_admin_bypass.sql:37: ERROR:  relation "public.workers" does not exist
psql:/home/z/my-project/Costpro/supabase/migrations/20260626000003_workers_rls_admin_bypass.sql:48: ERROR:  relation "public.workers" does not exist
psql:/home/z/my-project/Costpro/supabase/migrations/20260626000003_workers_rls_admin_bypass.sql:53: ERROR:  relation "public.workers" does not exist
psql:/home/z/my-project/Costpro/supabase/migrations/20260626000003_workers_rls_admin_bypass.sql:56: NOTICE:  relation "public.commission_rules" does not exist, skipping
psql:/home/z/my-project/Costpro/supabase/migrations/20260626000003_workers_rls_admin_bypass.sql:57: NOTICE:  relation "public.commission_rules" does not exist, skipping
psql:/home/z/my-project/Costpro/supabase/migrations/20260626000003_workers_rls_admin_bypass.sql:58: NOTICE:  relation "public.commission_rules" does not exist, skipping
psql:/home/z/my-project/Costpro/supabase/migrations/20260626000003_workers_rls_admin_bypass.sql:59: NOTICE:  relation "public.commission_rules" does not exist, skipping
psql:/home/z/my-project/Costpro/supabase/migrations/20260626000003_workers_rls_admin_bypass.sql:66: ERROR:  relation "public.commission_rules" does not exist
psql:/home/z/my-project/Costpro/supabase/migrations/20260626000003_workers_rls_admin_bypass.sql:72: ERROR:  relation "public.commission_rules" does not exist
psql:/home/z/my-project/Costpro/supabase/migrations/20260626000003_workers_rls_admin_bypass.sql:78: ERROR:  relation "public.commission_rules" does not exist
psql:/home/z/my-project/Costpro/supabase/migrations/20260626000003_workers_rls_admin_bypass.sql:83: ERROR:  relation "public.commission_rules" does not exist
psql:/home/z/my-project/Costpro/supabase/migrations/20260626000003_workers_rls_admin_bypass.sql:86: NOTICE:  relation "public.sales_transactions" does not exist, skipping
psql:/home/z/my-project/Costpro/supabase/migrations/20260626000003_workers_rls_admin_bypass.sql:87: NOTICE:  relation "public.sales_transactions" does not exist, skipping
psql:/home/z/my-project/Costpro/supabase/migrations/20260626000003_workers_rls_admin_bypass.sql:88: NOTICE:  relation "public.sales_transactions" does not exist, skipping
psql:/home/z/my-project/Costpro/supabase/migrations/20260626000003_workers_rls_admin_bypass.sql:89: NOTICE:  relation "public.sales_transactions" does not exist, skipping
psql:/home/z/my-project/Costpro/supabase/migrations/20260626000003_workers_rls_admin_bypass.sql:96: ERROR:  relation "public.sales_transactions" does not exist
psql:/home/z/my-project/Costpro/supabase/migrations/20260626000003_workers_rls_admin_bypass.sql:102: ERROR:  relation "public.sales_transactions" does not exist
psql:/home/z/my-project/Costpro/supabase/migrations/20260626000003_workers_rls_admin_bypass.sql:108: ERROR:  relation "public.sales_transactions" does not exist
psql:/home/z/my-project/Costpro/supabase/migrations/20260626000003_workers_rls_admin_bypass.sql:113: ERROR:  relation "public.sales_transactions" does not exist
psql:/home/z/my-project/Costpro/supabase/migrations/20260626000003_workers_rls_admin_bypass.sql:116: NOTICE:  relation "public.commission_payments" does not exist, skipping
psql:/home/z/my-project/Costpro/supabase/migrations/20260626000003_workers_rls_admin_bypass.sql:117: NOTICE:  relation "public.commission_payments" does not exist, skipping
psql:/home/z/my-project/Costpro/supabase/migrations/20260626000003_workers_rls_admin_bypass.sql:118: NOTICE:  relation "public.commission_payments" does not exist, skipping
psql:/home/z/my-project/Costpro/supabase/migrations/20260626000003_workers_rls_admin_bypass.sql:119: NOTICE:  relation "public.commission_payments" does not exist, skipping
psql:/home/z/my-project/Costpro/supabase/migrations/20260626000003_workers_rls_admin_bypass.sql:126: ERROR:  relation "public.commission_payments" does not exist
psql:/home/z/my-project/Costpro/supabase/migrations/20260626000003_workers_rls_admin_bypass.sql:132: ERROR:  relation "public.commission_payments" does not exist
psql:/home/z/my-project/Costpro/supabase/migrations/20260626000003_workers_rls_admin_bypass.sql:138: ERROR:  relation "public.commission_payments" does not exist
psql:/home/z/my-project/Costpro/supabase/migrations/20260626000003_workers_rls_admin_bypass.sql:143: ERROR:  relation "public.commission_payments" does not exist
psql:/home/z/my-project/Costpro/supabase/migrations/20260626000003_workers_rls_admin_bypass.sql:146: NOTICE:  relation "public.commission_rule_versions" does not exist, skipping
psql:/home/z/my-project/Costpro/supabase/migrations/20260626000003_workers_rls_admin_bypass.sql:157: ERROR:  relation "public.commission_rule_versions" does not exist
═══ 20260626000004_qa_critical_fixes.sql ═══
psql:/home/z/my-project/Costpro/supabase/migrations/20260626000004_qa_critical_fixes.sql:98: ERROR:  relation "public.cash_closures" does not exist
═══ 20260626000005_qa_batch2_rpc_fixes.sql ═══
psql:/home/z/my-project/Costpro/supabase/migrations/20260626000005_qa_batch2_rpc_fixes.sql:212: ERROR:  relation "public.cash_closures" does not exist
psql:/home/z/my-project/Costpro/supabase/migrations/20260626000005_qa_batch2_rpc_fixes.sql:213: ERROR:  relation "public.cash_closures" does not exist
═══ 20260627000003_prevent_negative_stock.sql ═══
psql:/home/z/my-project/Costpro/supabase/migrations/20260627000003_prevent_negative_stock.sql:16: ERROR:  relation "public.products" does not exist
CONTEXT:  SQL statement "ALTER TABLE public.products
    ADD CONSTRAINT products_stock_current_non_negative
    CHECK (stock_current >= 0)"
PL/pgSQL function inline_code_block line 6 at SQL statement
psql:/home/z/my-project/Costpro/supabase/migrations/20260627000003_prevent_negative_stock.sql:28: ERROR:  relation "public.inventory" does not exist
CONTEXT:  SQL statement "ALTER TABLE public.inventory
    ADD CONSTRAINT inventory_quantity_non_negative
    CHECK (quantity >= 0)"
PL/pgSQL function inline_code_block line 6 at SQL statement
psql:/home/z/my-project/Costpro/supabase/migrations/20260627000003_prevent_negative_stock.sql:40: ERROR:  relation "public.transaction_items" does not exist
CONTEXT:  SQL statement "ALTER TABLE public.transaction_items
    ADD CONSTRAINT transaction_items_quantity_positive
    CHECK (quantity > 0)"
PL/pgSQL function inline_code_block line 6 at SQL statement
psql:/home/z/my-project/Costpro/supabase/migrations/20260627000003_prevent_negative_stock.sql:53: ERROR:  relation "public.receipt_items" does not exist
CONTEXT:  SQL statement "ALTER TABLE public.receipt_items
    ADD CONSTRAINT receipt_items_quantity_positive
    CHECK (quantity > 0)"
PL/pgSQL function inline_code_block line 6 at SQL statement
psql:/home/z/my-project/Costpro/supabase/migrations/20260627000003_prevent_negative_stock.sql:67: ERROR:  relation "public.stock_movements" does not exist
CONTEXT:  SQL statement "ALTER TABLE public.stock_movements
    ADD CONSTRAINT stock_movements_balance_non_negative
    CHECK (balance_after IS NULL OR balance_after = 0 OR balance_after >= 0)"
PL/pgSQL function inline_code_block line 6 at SQL statement
═══ 20260628000001_store_archiving.sql ═══
psql:/home/z/my-project/Costpro/supabase/migrations/20260628000001_store_archiving.sql:15: ERROR:  relation "public.stores" does not exist
CONTEXT:  SQL statement "ALTER TABLE public.stores ADD COLUMN is_archived BOOLEAN NOT NULL DEFAULT false"
PL/pgSQL function inline_code_block line 7 at SQL statement
psql:/home/z/my-project/Costpro/supabase/migrations/20260628000001_store_archiving.sql:26: ERROR:  relation "public.stores" does not exist
CONTEXT:  SQL statement "ALTER TABLE public.stores ADD COLUMN archived_at TIMESTAMPTZ"
PL/pgSQL function inline_code_block line 7 at SQL statement
psql:/home/z/my-project/Costpro/supabase/migrations/20260628000001_store_archiving.sql:42: ERROR:  relation "public.stores" does not exist
CONTEXT:  SQL statement "ALTER TABLE public.stores
      ADD COLUMN archived_by UUID REFERENCES auth.users(id) ON DELETE SET NULL"
PL/pgSQL function inline_code_block line 7 at SQL statement
psql:/home/z/my-project/Costpro/supabase/migrations/20260628000001_store_archiving.sql:60: ERROR:  relation "public.stores" does not exist
LINE 1: UPDATE public.stores
               ^
QUERY:  UPDATE public.stores
    SET archived_by = NULL
    WHERE archived_by IS NOT NULL
      AND NOT EXISTS (SELECT 1 FROM auth.users WHERE id = stores.archived_by::uuid)
CONTEXT:  PL/pgSQL function inline_code_block line 7 at SQL statement
psql:/home/z/my-project/Costpro/supabase/migrations/20260628000001_store_archiving.sql:63: ERROR:  relation "public.stores" does not exist
psql:/home/z/my-project/Costpro/supabase/migrations/20260628000001_store_archiving.sql:66: ERROR:  relation "public.stores" does not exist
psql:/home/z/my-project/Costpro/supabase/migrations/20260628000001_store_archiving.sql:67: ERROR:  relation "public.stores" does not exist
psql:/home/z/my-project/Costpro/supabase/migrations/20260628000001_store_archiving.sql:68: ERROR:  relation "public.stores" does not exist
═══ 20260628120000_archived_by_fk_constraint.sql ═══
psql:/home/z/my-project/Costpro/supabase/migrations/20260628120000_archived_by_fk_constraint.sql:19: ERROR:  relation "public.stores" does not exist
LINE 1: UPDATE public.stores
               ^
psql:/home/z/my-project/Costpro/supabase/migrations/20260628120000_archived_by_fk_constraint.sql:34: ERROR:  relation "public.stores" does not exist
CONTEXT:  SQL statement "ALTER TABLE public.stores
      ADD CONSTRAINT stores_archived_by_fkey
      FOREIGN KEY (archived_by)
      REFERENCES auth.users(id)
      ON DELETE SET NULL"
PL/pgSQL function inline_code_block line 7 at SQL statement
psql:/home/z/my-project/Costpro/supabase/migrations/20260628120000_archived_by_fk_constraint.sql:38: ERROR:  relation "public.stores" does not exist
═══ 20260628130000_normalize_legacy_slugs.sql ═══
psql:/home/z/my-project/Costpro/supabase/migrations/20260628130000_normalize_legacy_slugs.sql:35: ERROR:  relation "public.stores" does not exist
LINE 3:     FROM public.stores
                 ^
QUERY:  WITH normalized AS (
    SELECT REPLACE(slug, '_', '-') AS new_slug
    FROM public.stores
    WHERE slug IS NOT NULL AND position('_' in slug) > 0
  ),
  existing AS (
    SELECT slug FROM public.stores WHERE slug IS NOT NULL
  )
  SELECT COUNT(*)                        FROM normalized n
  JOIN existing e ON n.new_slug = e.slug
CONTEXT:  PL/pgSQL function inline_code_block line 6 at SQL statement
psql:/home/z/my-project/Costpro/supabase/migrations/20260628130000_normalize_legacy_slugs.sql:41: ERROR:  relation "public.stores" does not exist
LINE 1: UPDATE public.stores
               ^
psql:/home/z/my-project/Costpro/supabase/migrations/20260628130000_normalize_legacy_slugs.sql:55: ERROR:  relation "public.stores" does not exist
LINE 1: SELECT COUNT(*)                  FROM public.stores
                                              ^
QUERY:  SELECT COUNT(*)                  FROM public.stores
  WHERE slug IS NOT NULL AND position('_' in slug) > 0
CONTEXT:  PL/pgSQL function inline_code_block line 5 at SQL statement
═══ 20260629000001_costeo_dinamico_infraestructura.sql ═══
psql:/home/z/my-project/Costpro/supabase/migrations/20260629000001_costeo_dinamico_infraestructura.sql:22: ERROR:  relation "public.receipt_items" does not exist
CONTEXT:  SQL statement "ALTER TABLE public.receipt_items
      ADD COLUMN moneda_recepcion TEXT NOT NULL DEFAULT 'CUP'"
PL/pgSQL function inline_code_block line 7 at SQL statement
psql:/home/z/my-project/Costpro/supabase/migrations/20260629000001_costeo_dinamico_infraestructura.sql:33: ERROR:  relation "public.receipt_items" does not exist
CONTEXT:  SQL statement "ALTER TABLE public.receipt_items
      ADD COLUMN tasa_cambio_recepcion NUMERIC(12,4) NOT NULL DEFAULT 1.0"
PL/pgSQL function inline_code_block line 7 at SQL statement
psql:/home/z/my-project/Costpro/supabase/migrations/20260629000001_costeo_dinamico_infraestructura.sql:36: ERROR:  relation "public.receipt_items" does not exist
psql:/home/z/my-project/Costpro/supabase/migrations/20260629000001_costeo_dinamico_infraestructura.sql:38: ERROR:  relation "public.receipt_items" does not exist
psql:/home/z/my-project/Costpro/supabase/migrations/20260629000001_costeo_dinamico_infraestructura.sql:56: ERROR:  relation "public.receipt_items" does not exist
psql:/home/z/my-project/Costpro/supabase/migrations/20260629000001_costeo_dinamico_infraestructura.sql:59: ERROR:  relation "public.receipt_tasa_audit" does not exist
psql:/home/z/my-project/Costpro/supabase/migrations/20260629000001_costeo_dinamico_infraestructura.sql:61: ERROR:  relation "public.receipt_tasa_audit" does not exist
psql:/home/z/my-project/Costpro/supabase/migrations/20260629000001_costeo_dinamico_infraestructura.sql:64: ERROR:  relation "public.receipt_tasa_audit" does not exist
psql:/home/z/my-project/Costpro/supabase/migrations/20260629000001_costeo_dinamico_infraestructura.sql:82: ERROR:  relation "public.commission_payments" does not exist
psql:/home/z/my-project/Costpro/supabase/migrations/20260629000001_costeo_dinamico_infraestructura.sql:85: ERROR:  relation "public.commission_reception_links" does not exist
psql:/home/z/my-project/Costpro/supabase/migrations/20260629000001_costeo_dinamico_infraestructura.sql:87: ERROR:  relation "public.commission_reception_links" does not exist
psql:/home/z/my-project/Costpro/supabase/migrations/20260629000001_costeo_dinamico_infraestructura.sql:89: ERROR:  relation "public.commission_reception_links" does not exist
psql:/home/z/my-project/Costpro/supabase/migrations/20260629000001_costeo_dinamico_infraestructura.sql:94: ERROR:  relation "public.commission_reception_links" does not exist
psql:/home/z/my-project/Costpro/supabase/migrations/20260629000001_costeo_dinamico_infraestructura.sql:97: ERROR:  relation "public.commission_reception_links" does not exist
psql:/home/z/my-project/Costpro/supabase/migrations/20260629000001_costeo_dinamico_infraestructura.sql:99: ERROR:  relation "public.commission_reception_links" does not exist
psql:/home/z/my-project/Costpro/supabase/migrations/20260629000001_costeo_dinamico_infraestructura.sql:121: ERROR:  relation "public.stores" does not exist
psql:/home/z/my-project/Costpro/supabase/migrations/20260629000001_costeo_dinamico_infraestructura.sql:124: ERROR:  relation "public.price_commit_log" does not exist
psql:/home/z/my-project/Costpro/supabase/migrations/20260629000001_costeo_dinamico_infraestructura.sql:126: ERROR:  relation "public.price_commit_log" does not exist
psql:/home/z/my-project/Costpro/supabase/migrations/20260629000001_costeo_dinamico_infraestructura.sql:129: ERROR:  relation "public.price_commit_log" does not exist
psql:/home/z/my-project/Costpro/supabase/migrations/20260629000001_costeo_dinamico_infraestructura.sql:135: ERROR:  relation "public.receipt_tasa_audit" does not exist
psql:/home/z/my-project/Costpro/supabase/migrations/20260629000001_costeo_dinamico_infraestructura.sql:136: ERROR:  relation "public.commission_reception_links" does not exist
psql:/home/z/my-project/Costpro/supabase/migrations/20260629000001_costeo_dinamico_infraestructura.sql:137: ERROR:  relation "public.price_commit_log" does not exist
psql:/home/z/my-project/Costpro/supabase/migrations/20260629000001_costeo_dinamico_infraestructura.sql:152: ERROR:  relation "public.receipt_tasa_audit" does not exist
psql:/home/z/my-project/Costpro/supabase/migrations/20260629000001_costeo_dinamico_infraestructura.sql:157: ERROR:  relation "public.receipt_tasa_audit" does not exist
psql:/home/z/my-project/Costpro/supabase/migrations/20260629000001_costeo_dinamico_infraestructura.sql:165: ERROR:  relation "public.commission_reception_links" does not exist
psql:/home/z/my-project/Costpro/supabase/migrations/20260629000001_costeo_dinamico_infraestructura.sql:169: ERROR:  relation "public.commission_reception_links" does not exist
psql:/home/z/my-project/Costpro/supabase/migrations/20260629000001_costeo_dinamico_infraestructura.sql:173: ERROR:  relation "public.commission_reception_links" does not exist
psql:/home/z/my-project/Costpro/supabase/migrations/20260629000001_costeo_dinamico_infraestructura.sql:181: ERROR:  relation "public.price_commit_log" does not exist
psql:/home/z/my-project/Costpro/supabase/migrations/20260629000001_costeo_dinamico_infraestructura.sql:185: ERROR:  relation "public.price_commit_log" does not exist
psql:/home/z/my-project/Costpro/supabase/migrations/20260629000001_costeo_dinamico_infraestructura.sql:189: ERROR:  relation "public.price_commit_log" does not exist
═══ 20260629000002_update_rpc_register_reception_with_currency.sql ═══
psql:/home/z/my-project/Costpro/supabase/migrations/20260629000002_update_rpc_register_reception_with_currency.sql:100: ERROR:  function name "public.register_reception" is not unique
HINT:  Specify the argument list to select the function unambiguously.
═══ 20260629000003_fix_rls_commission_reception_links.sql ═══
psql:/home/z/my-project/Costpro/supabase/migrations/20260629000003_fix_rls_commission_reception_links.sql:10: NOTICE:  relation "public.commission_reception_links" does not exist, skipping
psql:/home/z/my-project/Costpro/supabase/migrations/20260629000003_fix_rls_commission_reception_links.sql:12: NOTICE:  relation "public.commission_reception_links" does not exist, skipping
psql:/home/z/my-project/Costpro/supabase/migrations/20260629000003_fix_rls_commission_reception_links.sql:14: NOTICE:  relation "public.commission_reception_links" does not exist, skipping
psql:/home/z/my-project/Costpro/supabase/migrations/20260629000003_fix_rls_commission_reception_links.sql:26: ERROR:  relation "public.commission_reception_links" does not exist
psql:/home/z/my-project/Costpro/supabase/migrations/20260629000003_fix_rls_commission_reception_links.sql:37: ERROR:  relation "public.commission_reception_links" does not exist
psql:/home/z/my-project/Costpro/supabase/migrations/20260629000003_fix_rls_commission_reception_links.sql:48: ERROR:  relation "public.commission_reception_links" does not exist
═══ 20260630120000_create_get_low_stock_count_rpc.sql ═══
psql:/home/z/my-project/Costpro/supabase/migrations/20260630120000_create_get_low_stock_count_rpc.sql:47: ERROR:  relation "public.products" does not exist
LINE 8:   FROM public.products
               ^
psql:/home/z/my-project/Costpro/supabase/migrations/20260630120000_create_get_low_stock_count_rpc.sql:52: ERROR:  function public.get_low_stock_count(uuid) does not exist
psql:/home/z/my-project/Costpro/supabase/migrations/20260630120000_create_get_low_stock_count_rpc.sql:57: ERROR:  function public.get_low_stock_count(uuid) does not exist
═══ 20260630190000_fix_v_global_operation_dates_security_invoker.sql ═══
psql:/home/z/my-project/Costpro/supabase/migrations/20260630190000_fix_v_global_operation_dates_security_invoker.sql:66: ERROR:  relation "public.transactions" does not exist
LINE 6: FROM public.transactions
             ^
psql:/home/z/my-project/Costpro/supabase/migrations/20260630190000_fix_v_global_operation_dates_security_invoker.sql:73: ERROR:  relation "public.v_global_operation_dates" does not exist
═══ 20260701000001_create_saved_analytics_views.sql ═══
psql:/home/z/my-project/Costpro/supabase/migrations/20260701000001_create_saved_analytics_views.sql:18: ERROR:  relation "public.stores" does not exist
psql:/home/z/my-project/Costpro/supabase/migrations/20260701000001_create_saved_analytics_views.sql:20: ERROR:  relation "public.saved_analytics_views" does not exist
psql:/home/z/my-project/Costpro/supabase/migrations/20260701000001_create_saved_analytics_views.sql:21: ERROR:  relation "public.saved_analytics_views" does not exist
psql:/home/z/my-project/Costpro/supabase/migrations/20260701000001_create_saved_analytics_views.sql:22: ERROR:  relation "public.saved_analytics_views" does not exist
psql:/home/z/my-project/Costpro/supabase/migrations/20260701000001_create_saved_analytics_views.sql:24: ERROR:  relation "public.saved_analytics_views" does not exist
psql:/home/z/my-project/Costpro/supabase/migrations/20260701000001_create_saved_analytics_views.sql:33: ERROR:  relation "public.saved_analytics_views" does not exist
psql:/home/z/my-project/Costpro/supabase/migrations/20260701000001_create_saved_analytics_views.sql:36: ERROR:  relation "public.saved_analytics_views" does not exist
psql:/home/z/my-project/Costpro/supabase/migrations/20260701000001_create_saved_analytics_views.sql:39: ERROR:  relation "public.saved_analytics_views" does not exist
psql:/home/z/my-project/Costpro/supabase/migrations/20260701000001_create_saved_analytics_views.sql:42: ERROR:  relation "public.saved_analytics_views" does not exist
psql:/home/z/my-project/Costpro/supabase/migrations/20260701000001_create_saved_analytics_views.sql:47: ERROR:  relation "public.saved_analytics_views" does not exist
═══ 20260702000001_create_whatsapp_module.sql ═══
psql:/home/z/my-project/Costpro/supabase/migrations/20260702000001_create_whatsapp_module.sql:31: ERROR:  relation "public.stores" does not exist
psql:/home/z/my-project/Costpro/supabase/migrations/20260702000001_create_whatsapp_module.sql:33: ERROR:  relation "public.whatsapp_configs" does not exist
psql:/home/z/my-project/Costpro/supabase/migrations/20260702000001_create_whatsapp_module.sql:50: ERROR:  relation "public.stores" does not exist
psql:/home/z/my-project/Costpro/supabase/migrations/20260702000001_create_whatsapp_module.sql:52: ERROR:  relation "public.whatsapp_contacts" does not exist
psql:/home/z/my-project/Costpro/supabase/migrations/20260702000001_create_whatsapp_module.sql:68: ERROR:  relation "public.stores" does not exist
psql:/home/z/my-project/Costpro/supabase/migrations/20260702000001_create_whatsapp_module.sql:70: ERROR:  relation "public.whatsapp_messages" does not exist
psql:/home/z/my-project/Costpro/supabase/migrations/20260702000001_create_whatsapp_module.sql:71: ERROR:  relation "public.whatsapp_messages" does not exist
psql:/home/z/my-project/Costpro/supabase/migrations/20260702000001_create_whatsapp_module.sql:72: ERROR:  relation "public.whatsapp_messages" does not exist
psql:/home/z/my-project/Costpro/supabase/migrations/20260702000001_create_whatsapp_module.sql:87: ERROR:  relation "public.stores" does not exist
psql:/home/z/my-project/Costpro/supabase/migrations/20260702000001_create_whatsapp_module.sql:89: ERROR:  relation "public.whatsapp_invitations" does not exist
psql:/home/z/my-project/Costpro/supabase/migrations/20260702000001_create_whatsapp_module.sql:90: ERROR:  relation "public.whatsapp_invitations" does not exist
psql:/home/z/my-project/Costpro/supabase/migrations/20260702000001_create_whatsapp_module.sql:105: ERROR:  relation "public.stores" does not exist
psql:/home/z/my-project/Costpro/supabase/migrations/20260702000001_create_whatsapp_module.sql:107: ERROR:  relation "public.whatsapp_risk_state" does not exist
psql:/home/z/my-project/Costpro/supabase/migrations/20260702000001_create_whatsapp_module.sql:113: ERROR:  relation "public.whatsapp_configs" does not exist
psql:/home/z/my-project/Costpro/supabase/migrations/20260702000001_create_whatsapp_module.sql:114: ERROR:  relation "public.whatsapp_contacts" does not exist
psql:/home/z/my-project/Costpro/supabase/migrations/20260702000001_create_whatsapp_module.sql:115: ERROR:  relation "public.whatsapp_messages" does not exist
psql:/home/z/my-project/Costpro/supabase/migrations/20260702000001_create_whatsapp_module.sql:116: ERROR:  relation "public.whatsapp_invitations" does not exist
psql:/home/z/my-project/Costpro/supabase/migrations/20260702000001_create_whatsapp_module.sql:117: ERROR:  relation "public.whatsapp_risk_state" does not exist
psql:/home/z/my-project/Costpro/supabase/migrations/20260702000001_create_whatsapp_module.sql:124: ERROR:  relation "public.whatsapp_configs" does not exist
psql:/home/z/my-project/Costpro/supabase/migrations/20260702000001_create_whatsapp_module.sql:130: ERROR:  relation "public.whatsapp_contacts" does not exist
psql:/home/z/my-project/Costpro/supabase/migrations/20260702000001_create_whatsapp_module.sql:136: ERROR:  relation "public.whatsapp_messages" does not exist
psql:/home/z/my-project/Costpro/supabase/migrations/20260702000001_create_whatsapp_module.sql:142: ERROR:  relation "public.whatsapp_invitations" does not exist
psql:/home/z/my-project/Costpro/supabase/migrations/20260702000001_create_whatsapp_module.sql:148: ERROR:  relation "public.whatsapp_risk_state" does not exist
psql:/home/z/my-project/Costpro/supabase/migrations/20260702000001_create_whatsapp_module.sql:161: ERROR:  relation "public.whatsapp_configs" does not exist
psql:/home/z/my-project/Costpro/supabase/migrations/20260702000001_create_whatsapp_module.sql:173: ERROR:  relation "public.whatsapp_contacts" does not exist
psql:/home/z/my-project/Costpro/supabase/migrations/20260702000001_create_whatsapp_module.sql:185: ERROR:  relation "public.whatsapp_messages" does not exist
psql:/home/z/my-project/Costpro/supabase/migrations/20260702000001_create_whatsapp_module.sql:197: ERROR:  relation "public.whatsapp_invitations" does not exist
psql:/home/z/my-project/Costpro/supabase/migrations/20260702000001_create_whatsapp_module.sql:209: ERROR:  relation "public.whatsapp_risk_state" does not exist
psql:/home/z/my-project/Costpro/supabase/migrations/20260702000001_create_whatsapp_module.sql:211: ERROR:  relation "public.whatsapp_configs" does not exist
psql:/home/z/my-project/Costpro/supabase/migrations/20260702000001_create_whatsapp_module.sql:212: ERROR:  relation "public.whatsapp_contacts" does not exist
psql:/home/z/my-project/Costpro/supabase/migrations/20260702000001_create_whatsapp_module.sql:213: ERROR:  relation "public.whatsapp_messages" does not exist
psql:/home/z/my-project/Costpro/supabase/migrations/20260702000001_create_whatsapp_module.sql:214: ERROR:  relation "public.whatsapp_invitations" does not exist
psql:/home/z/my-project/Costpro/supabase/migrations/20260702000001_create_whatsapp_module.sql:215: ERROR:  relation "public.whatsapp_risk_state" does not exist
═══ 20260702000001_fix_wac_currency_conversion.sql ═══
psql:/home/z/my-project/Costpro/supabase/migrations/20260702000001_fix_wac_currency_conversion.sql:261: ERROR:  function name "public.register_reception" is not unique
HINT:  Specify the argument list to select the function unambiguously.
psql:/home/z/my-project/Costpro/supabase/migrations/20260702000001_fix_wac_currency_conversion.sql:404: ERROR:  function name "public.perform_inventory_adjustment" is not unique
HINT:  Specify the argument list to select the function unambiguously.
psql:/home/z/my-project/Costpro/supabase/migrations/20260702000001_fix_wac_currency_conversion.sql:406: ERROR:  function name "public.create_transfer" is not unique
HINT:  Specify the argument list to select the function unambiguously.
═══ 20260702000002_backfill_wac_currency_conversion.sql ═══
psql:/home/z/my-project/Costpro/supabase/migrations/20260702000002_backfill_wac_currency_conversion.sql:66: ERROR:  relation "products" does not exist
LINE 36: FROM products p
              ^
═══ 20260702000003_multi_currency_sales.sql ═══
psql:/home/z/my-project/Costpro/supabase/migrations/20260702000003_multi_currency_sales.sql:17: ERROR:  relation "public.products" does not exist
psql:/home/z/my-project/Costpro/supabase/migrations/20260702000003_multi_currency_sales.sql:22: ERROR:  relation "public.transactions" does not exist
psql:/home/z/my-project/Costpro/supabase/migrations/20260702000003_multi_currency_sales.sql:23: ERROR:  current transaction is aborted, commands ignored until end of transaction block
psql:/home/z/my-project/Costpro/supabase/migrations/20260702000003_multi_currency_sales.sql:28: ERROR:  relation "public.transaction_items" does not exist
psql:/home/z/my-project/Costpro/supabase/migrations/20260702000003_multi_currency_sales.sql:29: ERROR:  current transaction is aborted, commands ignored until end of transaction block
psql:/home/z/my-project/Costpro/supabase/migrations/20260702000003_multi_currency_sales.sql:34: ERROR:  relation "public.transaction_items" does not exist
LINE 1: UPDATE public.transaction_items SET price_at_sale_cup = pric...
               ^
psql:/home/z/my-project/Costpro/supabase/migrations/20260702000003_multi_currency_sales.sql:38: ERROR:  relation "public.transactions" does not exist
psql:/home/z/my-project/Costpro/supabase/migrations/20260702000003_multi_currency_sales.sql:39: ERROR:  relation "public.products" does not exist
psql:/home/z/my-project/Costpro/supabase/migrations/20260702000003_multi_currency_sales.sql:42: ERROR:  relation "public.products" does not exist
psql:/home/z/my-project/Costpro/supabase/migrations/20260702000003_multi_currency_sales.sql:43: ERROR:  relation "public.transactions" does not exist
psql:/home/z/my-project/Costpro/supabase/migrations/20260702000003_multi_currency_sales.sql:44: ERROR:  relation "public.transactions" does not exist
psql:/home/z/my-project/Costpro/supabase/migrations/20260702000003_multi_currency_sales.sql:45: ERROR:  relation "public.transaction_items" does not exist
psql:/home/z/my-project/Costpro/supabase/migrations/20260702000003_multi_currency_sales.sql:46: ERROR:  relation "public.transaction_items" does not exist
═══ 20260702000009_add_variant_id_receipt_items.sql ═══
psql:/home/z/my-project/Costpro/supabase/migrations/20260702000009_add_variant_id_receipt_items.sql:7: ERROR:  relation "public.receipt_items" does not exist
psql:/home/z/my-project/Costpro/supabase/migrations/20260702000009_add_variant_id_receipt_items.sql:10: ERROR:  relation "public.receipt_items" does not exist
psql:/home/z/my-project/Costpro/supabase/migrations/20260702000009_add_variant_id_receipt_items.sql:12: ERROR:  relation "public.receipt_items" does not exist
═══ 20260702000011_fix_variants_reception_and_void.sql ═══
psql:/home/z/my-project/Costpro/supabase/migrations/20260702000011_fix_variants_reception_and_void.sql:19: ERROR:  type "public.movement_type" does not exist
CONTEXT:  SQL statement "ALTER TYPE public.movement_type ADD VALUE 'sale_void'"
PL/pgSQL function inline_code_block line 8 at SQL statement
═══ 20260703000001_create_telegram_module.sql ═══
psql:/home/z/my-project/Costpro/supabase/migrations/20260703000001_create_telegram_module.sql:49: ERROR:  relation "public.stores" does not exist
psql:/home/z/my-project/Costpro/supabase/migrations/20260703000001_create_telegram_module.sql:51: ERROR:  relation "public.telegram_configs" does not exist
psql:/home/z/my-project/Costpro/supabase/migrations/20260703000001_create_telegram_module.sql:52: ERROR:  relation "public.telegram_configs" does not exist
psql:/home/z/my-project/Costpro/supabase/migrations/20260703000001_create_telegram_module.sql:68: ERROR:  relation "public.stores" does not exist
psql:/home/z/my-project/Costpro/supabase/migrations/20260703000001_create_telegram_module.sql:70: ERROR:  relation "public.telegram_contacts" does not exist
psql:/home/z/my-project/Costpro/supabase/migrations/20260703000001_create_telegram_module.sql:71: ERROR:  relation "public.telegram_contacts" does not exist
psql:/home/z/my-project/Costpro/supabase/migrations/20260703000001_create_telegram_module.sql:92: ERROR:  relation "public.stores" does not exist
psql:/home/z/my-project/Costpro/supabase/migrations/20260703000001_create_telegram_module.sql:94: ERROR:  relation "public.telegram_messages" does not exist
psql:/home/z/my-project/Costpro/supabase/migrations/20260703000001_create_telegram_module.sql:95: ERROR:  relation "public.telegram_messages" does not exist
psql:/home/z/my-project/Costpro/supabase/migrations/20260703000001_create_telegram_module.sql:96: ERROR:  relation "public.telegram_messages" does not exist
psql:/home/z/my-project/Costpro/supabase/migrations/20260703000001_create_telegram_module.sql:126: ERROR:  relation "public.stores" does not exist
psql:/home/z/my-project/Costpro/supabase/migrations/20260703000001_create_telegram_module.sql:128: ERROR:  relation "public.telegram_invitations" does not exist
psql:/home/z/my-project/Costpro/supabase/migrations/20260703000001_create_telegram_module.sql:129: ERROR:  relation "public.telegram_invitations" does not exist
psql:/home/z/my-project/Costpro/supabase/migrations/20260703000001_create_telegram_module.sql:130: ERROR:  relation "public.telegram_invitations" does not exist
psql:/home/z/my-project/Costpro/supabase/migrations/20260703000001_create_telegram_module.sql:140: ERROR:  relation "public.telegram_configs" does not exist
psql:/home/z/my-project/Costpro/supabase/migrations/20260703000001_create_telegram_module.sql:141: ERROR:  relation "public.telegram_contacts" does not exist
psql:/home/z/my-project/Costpro/supabase/migrations/20260703000001_create_telegram_module.sql:142: ERROR:  relation "public.telegram_messages" does not exist
psql:/home/z/my-project/Costpro/supabase/migrations/20260703000001_create_telegram_module.sql:143: ERROR:  relation "public.telegram_invitations" does not exist
psql:/home/z/my-project/Costpro/supabase/migrations/20260703000001_create_telegram_module.sql:150: ERROR:  relation "public.telegram_configs" does not exist
psql:/home/z/my-project/Costpro/supabase/migrations/20260703000001_create_telegram_module.sql:156: ERROR:  relation "public.telegram_contacts" does not exist
psql:/home/z/my-project/Costpro/supabase/migrations/20260703000001_create_telegram_module.sql:162: ERROR:  relation "public.telegram_messages" does not exist
psql:/home/z/my-project/Costpro/supabase/migrations/20260703000001_create_telegram_module.sql:168: ERROR:  relation "public.telegram_invitations" does not exist
psql:/home/z/my-project/Costpro/supabase/migrations/20260703000001_create_telegram_module.sql:181: ERROR:  relation "public.telegram_configs" does not exist
psql:/home/z/my-project/Costpro/supabase/migrations/20260703000001_create_telegram_module.sql:193: ERROR:  relation "public.telegram_contacts" does not exist
psql:/home/z/my-project/Costpro/supabase/migrations/20260703000001_create_telegram_module.sql:205: ERROR:  relation "public.telegram_messages" does not exist
psql:/home/z/my-project/Costpro/supabase/migrations/20260703000001_create_telegram_module.sql:217: ERROR:  relation "public.telegram_invitations" does not exist
psql:/home/z/my-project/Costpro/supabase/migrations/20260703000001_create_telegram_module.sql:220: ERROR:  relation "public.telegram_configs" does not exist
psql:/home/z/my-project/Costpro/supabase/migrations/20260703000001_create_telegram_module.sql:221: ERROR:  relation "public.telegram_contacts" does not exist
psql:/home/z/my-project/Costpro/supabase/migrations/20260703000001_create_telegram_module.sql:222: ERROR:  relation "public.telegram_messages" does not exist
psql:/home/z/my-project/Costpro/supabase/migrations/20260703000001_create_telegram_module.sql:223: ERROR:  relation "public.telegram_invitations" does not exist
═══ 20260703000002_telegram_multimedia.sql ═══
psql:/home/z/my-project/Costpro/supabase/migrations/20260703000002_telegram_multimedia.sql:32: ERROR:  relation "public.telegram_messages" does not exist
psql:/home/z/my-project/Costpro/supabase/migrations/20260703000002_telegram_multimedia.sql:37: ERROR:  relation "public.telegram_messages" does not exist
psql:/home/z/my-project/Costpro/supabase/migrations/20260703000002_telegram_multimedia.sql:39: ERROR:  relation "public.telegram_messages" does not exist
psql:/home/z/my-project/Costpro/supabase/migrations/20260703000002_telegram_multimedia.sql:40: ERROR:  relation "public.telegram_messages" does not exist
psql:/home/z/my-project/Costpro/supabase/migrations/20260703000002_telegram_multimedia.sql:41: ERROR:  relation "public.telegram_messages" does not exist
psql:/home/z/my-project/Costpro/supabase/migrations/20260703000002_telegram_multimedia.sql:42: ERROR:  relation "public.telegram_messages" does not exist
═══ 20260703000003_receipt_items_tasa_validation.sql ═══
psql:/home/z/my-project/Costpro/supabase/migrations/20260703000003_receipt_items_tasa_validation.sql:75: ERROR:  relation "public.receipt_items" does not exist
LINE 2:     FROM public.receipt_items
                 ^
QUERY:  SELECT id, moneda_recepcion, tasa_cambio_recepcion
    FROM public.receipt_items
    WHERE moneda_recepcion <> 'CUP'
      AND COALESCE(tasa_cambio_recepcion, 1.0) <= 1.5
CONTEXT:  PL/pgSQL function inline_code_block line 6 at FOR over SELECT rows
psql:/home/z/my-project/Costpro/supabase/migrations/20260703000003_receipt_items_tasa_validation.sql:100: ERROR:  relation "public.receipt_items" does not exist
CONTEXT:  SQL statement "ALTER TABLE public.receipt_items
      ADD CONSTRAINT receipt_items_tasa_cambio_valida
      CHECK (
        moneda_recepcion = 'CUP'
        OR (tasa_cambio_recepcion IS NOT NULL AND tasa_cambio_recepcion > 1.5)
      )"
PL/pgSQL function inline_code_block line 10 at SQL statement
psql:/home/z/my-project/Costpro/supabase/migrations/20260703000003_receipt_items_tasa_validation.sql:104: ERROR:  relation "public.receipt_items" does not exist
═══ 20260703000005_user_preferences.sql ═══
psql:/home/z/my-project/Costpro/supabase/migrations/20260703000005_user_preferences.sql:41: NOTICE:  policy "Users can read own preferences" for relation "user_preferences" does not exist, skipping
psql:/home/z/my-project/Costpro/supabase/migrations/20260703000005_user_preferences.sql:45: NOTICE:  policy "Users can write own preferences" for relation "user_preferences" does not exist, skipping
psql:/home/z/my-project/Costpro/supabase/migrations/20260703000005_user_preferences.sql:67: NOTICE:  trigger "trg_user_preferences_set_updated_at" for relation "user_preferences" does not exist, skipping
═══ 20260704000001_storefront_config.sql ═══
psql:/home/z/my-project/Costpro/supabase/migrations/20260704000001_storefront_config.sql:31: ERROR:  relation "stores" does not exist
psql:/home/z/my-project/Costpro/supabase/migrations/20260704000001_storefront_config.sql:33: ERROR:  relation "stores" does not exist
psql:/home/z/my-project/Costpro/supabase/migrations/20260704000001_storefront_config.sql:34: ERROR:  relation "stores" does not exist
psql:/home/z/my-project/Costpro/supabase/migrations/20260704000001_storefront_config.sql:35: ERROR:  relation "stores" does not exist
psql:/home/z/my-project/Costpro/supabase/migrations/20260704000001_storefront_config.sql:36: ERROR:  relation "stores" does not exist
psql:/home/z/my-project/Costpro/supabase/migrations/20260704000001_storefront_config.sql:37: ERROR:  relation "stores" does not exist
psql:/home/z/my-project/Costpro/supabase/migrations/20260704000001_storefront_config.sql:38: ERROR:  relation "stores" does not exist
psql:/home/z/my-project/Costpro/supabase/migrations/20260704000001_storefront_config.sql:39: ERROR:  relation "stores" does not exist
psql:/home/z/my-project/Costpro/supabase/migrations/20260704000001_storefront_config.sql:44: ERROR:  relation "stores" does not exist
═══ 20260704000002_storefront_banner_cta.sql ═══
psql:/home/z/my-project/Costpro/supabase/migrations/20260704000002_storefront_banner_cta.sql:8: ERROR:  relation "stores" does not exist
psql:/home/z/my-project/Costpro/supabase/migrations/20260704000002_storefront_banner_cta.sql:10: ERROR:  relation "stores" does not exist
psql:/home/z/my-project/Costpro/supabase/migrations/20260704000002_storefront_banner_cta.sql:11: ERROR:  relation "stores" does not exist
═══ 20260705000000_pick3_subscriptions.sql ═══
psql:/home/z/my-project/Costpro/supabase/migrations/20260705000000_pick3_subscriptions.sql:110: NOTICE:  policy "Users can view own subscription" for relation "public.pick3_subscriptions" does not exist, skipping
psql:/home/z/my-project/Costpro/supabase/migrations/20260705000000_pick3_subscriptions.sql:115: NOTICE:  policy "Users can insert own subscription" for relation "public.pick3_subscriptions" does not exist, skipping
psql:/home/z/my-project/Costpro/supabase/migrations/20260705000000_pick3_subscriptions.sql:120: NOTICE:  policy "Users can update own subscription" for relation "public.pick3_subscriptions" does not exist, skipping
psql:/home/z/my-project/Costpro/supabase/migrations/20260705000000_pick3_subscriptions.sql:127: NOTICE:  policy "Users can view own usage" for relation "public.pick3_usage" does not exist, skipping
psql:/home/z/my-project/Costpro/supabase/migrations/20260705000000_pick3_subscriptions.sql:132: NOTICE:  policy "Users can insert own usage" for relation "public.pick3_usage" does not exist, skipping
psql:/home/z/my-project/Costpro/supabase/migrations/20260705000000_pick3_subscriptions.sql:137: NOTICE:  policy "Users can update own usage" for relation "public.pick3_usage" does not exist, skipping
psql:/home/z/my-project/Costpro/supabase/migrations/20260705000000_pick3_subscriptions.sql:155: NOTICE:  trigger "trigger_pick3_subscriptions_updated_at" for relation "public.pick3_subscriptions" does not exist, skipping
psql:/home/z/my-project/Costpro/supabase/migrations/20260705000000_pick3_subscriptions.sql:162: NOTICE:  trigger "trigger_pick3_usage_updated_at" for relation "public.pick3_usage" does not exist, skipping
═══ 20260705000001_pick3_referrals.sql ═══
psql:/home/z/my-project/Costpro/supabase/migrations/20260705000001_pick3_referrals.sql:52: NOTICE:  policy "Users can view own referrals" for relation "public.pick3_referrals" does not exist, skipping
psql:/home/z/my-project/Costpro/supabase/migrations/20260705000001_pick3_referrals.sql:58: NOTICE:  policy "Users can create own referrals" for relation "public.pick3_referrals" does not exist, skipping
psql:/home/z/my-project/Costpro/supabase/migrations/20260705000001_pick3_referrals.sql:64: NOTICE:  policy "Users can update own referrals" for relation "public.pick3_referrals" does not exist, skipping
psql:/home/z/my-project/Costpro/supabase/migrations/20260705000001_pick3_referrals.sql:72: NOTICE:  trigger "trigger_pick3_referrals_updated_at" for relation "public.pick3_referrals" does not exist, skipping
═══ 20260705000002_wallet_transfermovil.sql ═══
psql:/home/z/my-project/Costpro/supabase/migrations/20260705000002_wallet_transfermovil.sql:61: NOTICE:  policy "Users can view own wallet accounts" for relation "public.wallet_accounts" does not exist, skipping
psql:/home/z/my-project/Costpro/supabase/migrations/20260705000002_wallet_transfermovil.sql:65: NOTICE:  policy "Users can insert own wallet accounts" for relation "public.wallet_accounts" does not exist, skipping
psql:/home/z/my-project/Costpro/supabase/migrations/20260705000002_wallet_transfermovil.sql:69: NOTICE:  policy "Users can update own wallet accounts" for relation "public.wallet_accounts" does not exist, skipping
psql:/home/z/my-project/Costpro/supabase/migrations/20260705000002_wallet_transfermovil.sql:73: NOTICE:  policy "Users can view own wallet transactions" for relation "public.wallet_transactions" does not exist, skipping
psql:/home/z/my-project/Costpro/supabase/migrations/20260705000002_wallet_transfermovil.sql:77: NOTICE:  policy "Users can insert own wallet transactions" for relation "public.wallet_transactions" does not exist, skipping
psql:/home/z/my-project/Costpro/supabase/migrations/20260705000002_wallet_transfermovil.sql:81: NOTICE:  policy "Users can update own wallet transactions" for relation "public.wallet_transactions" does not exist, skipping
psql:/home/z/my-project/Costpro/supabase/migrations/20260705000002_wallet_transfermovil.sql:86: NOTICE:  trigger "trigger_wallet_accounts_updated" for relation "public.wallet_accounts" does not exist, skipping
psql:/home/z/my-project/Costpro/supabase/migrations/20260705000002_wallet_transfermovil.sql:91: NOTICE:  trigger "trigger_wallet_tx_updated" for relation "public.wallet_transactions" does not exist, skipping
═══ 20260706000001_wallet_rls_hardening.sql ═══
psql:/home/z/my-project/Costpro/supabase/migrations/20260706000001_wallet_rls_hardening.sql:20: NOTICE:  policy "Users can delete own wallet accounts" for relation "public.wallet_accounts" does not exist, skipping
psql:/home/z/my-project/Costpro/supabase/migrations/20260706000001_wallet_rls_hardening.sql:26: NOTICE:  policy "Admins can view all wallet accounts" for relation "public.wallet_accounts" does not exist, skipping
psql:/home/z/my-project/Costpro/supabase/migrations/20260706000001_wallet_rls_hardening.sql:34: ERROR:  relation "public.profiles" does not exist
psql:/home/z/my-project/Costpro/supabase/migrations/20260706000001_wallet_rls_hardening.sql:45: NOTICE:  policy "Users can delete own wallet transactions" for relation "public.wallet_transactions" does not exist, skipping
psql:/home/z/my-project/Costpro/supabase/migrations/20260706000001_wallet_rls_hardening.sql:51: NOTICE:  policy "Admins can view all wallet transactions" for relation "public.wallet_transactions" does not exist, skipping
psql:/home/z/my-project/Costpro/supabase/migrations/20260706000001_wallet_rls_hardening.sql:59: ERROR:  relation "public.profiles" does not exist
psql:/home/z/my-project/Costpro/supabase/migrations/20260706000001_wallet_rls_hardening.sql:64: ERROR:  relation "public.profiles" does not exist
psql:/home/z/my-project/Costpro/supabase/migrations/20260706000001_wallet_rls_hardening.sql:66: ERROR:  policy "Admins can view all wallet accounts" for table "wallet_accounts" does not exist
psql:/home/z/my-project/Costpro/supabase/migrations/20260706000001_wallet_rls_hardening.sql:67: ERROR:  policy "Admins can view all wallet transactions" for table "wallet_transactions" does not exist
═══ 20260707000001_add_zelle_to_create_sale.sql ═══
psql:/home/z/my-project/Costpro/supabase/migrations/20260707000001_add_zelle_to_create_sale.sql:11: ERROR:  relation "public.transactions" does not exist
psql:/home/z/my-project/Costpro/supabase/migrations/20260707000001_add_zelle_to_create_sale.sql:121: ERROR:  relation "public.transactions" does not exist
psql:/home/z/my-project/Costpro/supabase/migrations/20260707000001_add_zelle_to_create_sale.sql:122: ERROR:  function name "public.create_sale" is not unique
HINT:  Specify the argument list to select the function unambiguously.
═══ 20260710000001_store_exchange_rates.sql ═══
psql:/home/z/my-project/Costpro/supabase/migrations/20260710000001_store_exchange_rates.sql:17: ERROR:  relation "public.stores" does not exist
psql:/home/z/my-project/Costpro/supabase/migrations/20260710000001_store_exchange_rates.sql:19: ERROR:  relation "public.store_exchange_rates" does not exist
psql:/home/z/my-project/Costpro/supabase/migrations/20260710000001_store_exchange_rates.sql:21: ERROR:  relation "public.store_exchange_rates" does not exist
psql:/home/z/my-project/Costpro/supabase/migrations/20260710000001_store_exchange_rates.sql:27: ERROR:  relation "public.store_exchange_rates" does not exist
psql:/home/z/my-project/Costpro/supabase/migrations/20260710000001_store_exchange_rates.sql:34: ERROR:  relation "public.store_exchange_rates" does not exist
psql:/home/z/my-project/Costpro/supabase/migrations/20260710000001_store_exchange_rates.sql:36: ERROR:  relation "public.store_exchange_rates" does not exist
═══ 20260712000001_payment_tracking.sql ═══
psql:/home/z/my-project/Costpro/supabase/migrations/20260712000001_payment_tracking.sql:17: ERROR:  relation "receipts" does not exist
psql:/home/z/my-project/Costpro/supabase/migrations/20260712000001_payment_tracking.sql:28: ERROR:  relation "received_services" does not exist
psql:/home/z/my-project/Costpro/supabase/migrations/20260712000001_payment_tracking.sql:122: NOTICE:  trigger "trg_update_payment_status" for relation "payment_transactions" does not exist, skipping
psql:/home/z/my-project/Costpro/supabase/migrations/20260712000001_payment_tracking.sql:262: NOTICE:  relation "receipts" does not exist, skipping
psql:/home/z/my-project/Costpro/supabase/migrations/20260712000001_payment_tracking.sql:265: ERROR:  relation "receipts" does not exist
psql:/home/z/my-project/Costpro/supabase/migrations/20260712000001_payment_tracking.sql:280: NOTICE:  relation "received_services" does not exist, skipping
psql:/home/z/my-project/Costpro/supabase/migrations/20260712000001_payment_tracking.sql:283: ERROR:  relation "received_services" does not exist
psql:/home/z/my-project/Costpro/supabase/migrations/20260712000001_payment_tracking.sql:288: ERROR:  relation "receipts" does not exist
LINE 1: UPDATE receipts
               ^
psql:/home/z/my-project/Costpro/supabase/migrations/20260712000001_payment_tracking.sql:292: ERROR:  relation "received_services" does not exist
LINE 1: UPDATE received_services
               ^
═══ 20260712000001_store_reset_snapshots.sql ═══
psql:/home/z/my-project/Costpro/supabase/migrations/20260712000001_store_reset_snapshots.sql:40: ERROR:  relation "public.stores" does not exist
psql:/home/z/my-project/Costpro/supabase/migrations/20260712000001_store_reset_snapshots.sql:44: ERROR:  current transaction is aborted, commands ignored until end of transaction block
psql:/home/z/my-project/Costpro/supabase/migrations/20260712000001_store_reset_snapshots.sql:47: ERROR:  current transaction is aborted, commands ignored until end of transaction block
psql:/home/z/my-project/Costpro/supabase/migrations/20260712000001_store_reset_snapshots.sql:50: ERROR:  current transaction is aborted, commands ignored until end of transaction block
psql:/home/z/my-project/Costpro/supabase/migrations/20260712000001_store_reset_snapshots.sql:52: ERROR:  current transaction is aborted, commands ignored until end of transaction block
psql:/home/z/my-project/Costpro/supabase/migrations/20260712000001_store_reset_snapshots.sql:55: ERROR:  current transaction is aborted, commands ignored until end of transaction block
psql:/home/z/my-project/Costpro/supabase/migrations/20260712000001_store_reset_snapshots.sql:58: ERROR:  current transaction is aborted, commands ignored until end of transaction block
psql:/home/z/my-project/Costpro/supabase/migrations/20260712000001_store_reset_snapshots.sql:61: ERROR:  current transaction is aborted, commands ignored until end of transaction block
psql:/home/z/my-project/Costpro/supabase/migrations/20260712000001_store_reset_snapshots.sql:64: ERROR:  current transaction is aborted, commands ignored until end of transaction block
psql:/home/z/my-project/Costpro/supabase/migrations/20260712000001_store_reset_snapshots.sql:67: ERROR:  current transaction is aborted, commands ignored until end of transaction block
psql:/home/z/my-project/Costpro/supabase/migrations/20260712000001_store_reset_snapshots.sql:70: ERROR:  current transaction is aborted, commands ignored until end of transaction block
psql:/home/z/my-project/Costpro/supabase/migrations/20260712000001_store_reset_snapshots.sql:73: ERROR:  current transaction is aborted, commands ignored until end of transaction block
psql:/home/z/my-project/Costpro/supabase/migrations/20260712000001_store_reset_snapshots.sql:77: ERROR:  current transaction is aborted, commands ignored until end of transaction block
═══ 20260712000002_commission_payment_tracking.sql ═══
psql:/home/z/my-project/Costpro/supabase/migrations/20260712000002_commission_payment_tracking.sql:14: ERROR:  relation "commission_payments" does not exist
psql:/home/z/my-project/Costpro/supabase/migrations/20260712000002_commission_payment_tracking.sql:32: NOTICE:  relation "commission_payments" does not exist, skipping
psql:/home/z/my-project/Costpro/supabase/migrations/20260712000002_commission_payment_tracking.sql:35: ERROR:  relation "commission_payments" does not exist
psql:/home/z/my-project/Costpro/supabase/migrations/20260712000002_commission_payment_tracking.sql:158: ERROR:  relation "commission_payments" does not exist
psql:/home/z/my-project/Costpro/supabase/migrations/20260712000002_commission_payment_tracking.sql:159: ERROR:  relation "commission_payments" does not exist
psql:/home/z/my-project/Costpro/supabase/migrations/20260712000002_commission_payment_tracking.sql:160: ERROR:  relation "commission_payments" does not exist
═══ 20260712000003_fix_cash_report_rls_security.sql ═══
psql:/home/z/my-project/Costpro/supabase/migrations/20260712000003_fix_cash_report_rls_security.sql:138: ERROR:  relation "profiles" does not exist
psql:/home/z/my-project/Costpro/supabase/migrations/20260712000003_fix_cash_report_rls_security.sql:146: ERROR:  relation "profiles" does not exist
psql:/home/z/my-project/Costpro/supabase/migrations/20260712000003_fix_cash_report_rls_security.sql:154: ERROR:  relation "profiles" does not exist
═══ 20260712000004_production_orders.sql ═══
psql:/home/z/my-project/Costpro/supabase/migrations/20260712000004_production_orders.sql:46: ERROR:  relation "public.stores" does not exist
psql:/home/z/my-project/Costpro/supabase/migrations/20260712000004_production_orders.sql:48: ERROR:  relation "production_orders" does not exist
psql:/home/z/my-project/Costpro/supabase/migrations/20260712000004_production_orders.sql:49: ERROR:  relation "production_orders" does not exist
psql:/home/z/my-project/Costpro/supabase/migrations/20260712000004_production_orders.sql:50: ERROR:  relation "production_orders" does not exist
psql:/home/z/my-project/Costpro/supabase/migrations/20260712000004_production_orders.sql:51: ERROR:  relation "production_orders" does not exist
psql:/home/z/my-project/Costpro/supabase/migrations/20260712000004_production_orders.sql:71: ERROR:  relation "public.production_orders" does not exist
psql:/home/z/my-project/Costpro/supabase/migrations/20260712000004_production_orders.sql:73: ERROR:  relation "production_order_items" does not exist
psql:/home/z/my-project/Costpro/supabase/migrations/20260712000004_production_orders.sql:74: ERROR:  relation "production_order_items" does not exist
psql:/home/z/my-project/Costpro/supabase/migrations/20260712000004_production_orders.sql:91: NOTICE:  relation "production_orders" does not exist, skipping
psql:/home/z/my-project/Costpro/supabase/migrations/20260712000004_production_orders.sql:94: ERROR:  relation "production_orders" does not exist
psql:/home/z/my-project/Costpro/supabase/migrations/20260712000004_production_orders.sql:97: ERROR:  relation "production_orders" does not exist
psql:/home/z/my-project/Costpro/supabase/migrations/20260712000004_production_orders.sql:102: ERROR:  relation "production_orders" does not exist
psql:/home/z/my-project/Costpro/supabase/migrations/20260712000004_production_orders.sql:107: ERROR:  relation "production_orders" does not exist
psql:/home/z/my-project/Costpro/supabase/migrations/20260712000004_production_orders.sql:112: ERROR:  relation "production_orders" does not exist
psql:/home/z/my-project/Costpro/supabase/migrations/20260712000004_production_orders.sql:117: ERROR:  relation "production_orders" does not exist
psql:/home/z/my-project/Costpro/supabase/migrations/20260712000004_production_orders.sql:119: ERROR:  relation "production_order_items" does not exist
psql:/home/z/my-project/Costpro/supabase/migrations/20260712000004_production_orders.sql:124: ERROR:  relation "production_order_items" does not exist
psql:/home/z/my-project/Costpro/supabase/migrations/20260712000004_production_orders.sql:129: ERROR:  relation "production_order_items" does not exist
psql:/home/z/my-project/Costpro/supabase/migrations/20260712000004_production_orders.sql:134: ERROR:  relation "production_order_items" does not exist
psql:/home/z/my-project/Costpro/supabase/migrations/20260712000004_production_orders.sql:139: ERROR:  relation "production_order_items" does not exist
psql:/home/z/my-project/Costpro/supabase/migrations/20260712000004_production_orders.sql:302: ERROR:  relation "production_orders" does not exist
psql:/home/z/my-project/Costpro/supabase/migrations/20260712000004_production_orders.sql:303: ERROR:  relation "production_orders" does not exist
═══ 20260712000005_fix_production_orders_critical.sql ═══
psql:/home/z/my-project/Costpro/supabase/migrations/20260712000005_fix_production_orders_critical.sql:12: ERROR:  relation "production_orders" does not exist
psql:/home/z/my-project/Costpro/supabase/migrations/20260712000005_fix_production_orders_critical.sql:14: ERROR:  relation "production_orders" does not exist
psql:/home/z/my-project/Costpro/supabase/migrations/20260712000005_fix_production_orders_critical.sql:112: ERROR:  type "public.movement_type" does not exist
CONTEXT:  SQL statement "ALTER TYPE public.movement_type ADD VALUE 'production_out'"
PL/pgSQL function inline_code_block line 2 at SQL statement
psql:/home/z/my-project/Costpro/supabase/migrations/20260712000005_fix_production_orders_critical.sql:117: ERROR:  type "public.movement_type" does not exist
CONTEXT:  SQL statement "ALTER TYPE public.movement_type ADD VALUE 'production_in'"
PL/pgSQL function inline_code_block line 2 at SQL statement
psql:/home/z/my-project/Costpro/supabase/migrations/20260712000005_fix_production_orders_critical.sql:235: ERROR:  relation "production_orders" does not exist
CONTEXT:  compilation of PL/pgSQL function "close_service_order_as_sale" near line 3
psql:/home/z/my-project/Costpro/supabase/migrations/20260712000005_fix_production_orders_critical.sql:238: ERROR:  relation "production_orders" does not exist
═══ 20260712000006_fix_e2e_100_percent.sql ═══
psql:/home/z/my-project/Costpro/supabase/migrations/20260712000006_fix_e2e_100_percent.sql:14: ERROR:  relation "received_services" does not exist
psql:/home/z/my-project/Costpro/supabase/migrations/20260712000006_fix_e2e_100_percent.sql:21: ERROR:  relation "received_services" does not exist
psql:/home/z/my-project/Costpro/supabase/migrations/20260712000006_fix_e2e_100_percent.sql:28: ERROR:  relation "received_services" does not exist
psql:/home/z/my-project/Costpro/supabase/migrations/20260712000006_fix_e2e_100_percent.sql:32: ERROR:  relation "production_orders" does not exist
psql:/home/z/my-project/Costpro/supabase/migrations/20260712000006_fix_e2e_100_percent.sql:33: ERROR:  relation "production_orders" does not exist
═══ 20260713000001_payment_transactions_rls.sql ═══
psql:/home/z/my-project/Costpro/supabase/migrations/20260713000001_payment_transactions_rls.sql:16: NOTICE:  policy "payment_transactions_select_own_store" for relation "public.payment_transactions" does not exist, skipping
psql:/home/z/my-project/Costpro/supabase/migrations/20260713000001_payment_transactions_rls.sql:24: NOTICE:  policy "payment_transactions_insert_own_store" for relation "public.payment_transactions" does not exist, skipping
psql:/home/z/my-project/Costpro/supabase/migrations/20260713000001_payment_transactions_rls.sql:31: NOTICE:  policy "payment_transactions_update_own_store" for relation "public.payment_transactions" does not exist, skipping
psql:/home/z/my-project/Costpro/supabase/migrations/20260713000001_payment_transactions_rls.sql:39: NOTICE:  policy "payment_transactions_delete_own_store" for relation "public.payment_transactions" does not exist, skipping
═══ 20260713000002_accounts_payable_indexes.sql ═══
psql:/home/z/my-project/Costpro/supabase/migrations/20260713000002_accounts_payable_indexes.sql:17: ERROR:  relation "public.receipts" does not exist
psql:/home/z/my-project/Costpro/supabase/migrations/20260713000002_accounts_payable_indexes.sql:22: ERROR:  relation "public.received_services" does not exist
psql:/home/z/my-project/Costpro/supabase/migrations/20260713000002_accounts_payable_indexes.sql:28: ERROR:  relation "public.receipts" does not exist
psql:/home/z/my-project/Costpro/supabase/migrations/20260713000002_accounts_payable_indexes.sql:32: ERROR:  relation "public.received_services" does not exist
psql:/home/z/my-project/Costpro/supabase/migrations/20260713000002_accounts_payable_indexes.sql:38: ERROR:  relation "public.commission_payments" does not exist
psql:/home/z/my-project/Costpro/supabase/migrations/20260713000002_accounts_payable_indexes.sql:48: ERROR:  relation "public.idx_receipts_store_status_due_date" does not exist
═══ 20260713000002_rss_spanish_cuba_focus.sql ═══
psql:/home/z/my-project/Costpro/supabase/migrations/20260713000002_rss_spanish_cuba_focus.sql:57: ERROR:  INSERT has more target columns than expressions
LINE 1: ...SERT INTO public.rss_feeds (name, url, is_active, category) ...
                                                             ^
═══ 20260713000004_commission_payments_due_date.sql ═══
psql:/home/z/my-project/Costpro/supabase/migrations/20260713000004_commission_payments_due_date.sql:19: ERROR:  relation "public.commission_payments" does not exist
psql:/home/z/my-project/Costpro/supabase/migrations/20260713000004_commission_payments_due_date.sql:24: ERROR:  relation "public.commission_payments" does not exist
LINE 1: UPDATE public.commission_payments
               ^
psql:/home/z/my-project/Costpro/supabase/migrations/20260713000004_commission_payments_due_date.sql:30: ERROR:  relation "public.commission_payments" does not exist
psql:/home/z/my-project/Costpro/supabase/migrations/20260713000004_commission_payments_due_date.sql:35: ERROR:  relation "public.commission_payments" does not exist
psql:/home/z/my-project/Costpro/supabase/migrations/20260713000004_commission_payments_due_date.sql:50: NOTICE:  relation "public.commission_payments" does not exist, skipping
psql:/home/z/my-project/Costpro/supabase/migrations/20260713000004_commission_payments_due_date.sql:53: ERROR:  relation "public.commission_payments" does not exist
psql:/home/z/my-project/Costpro/supabase/migrations/20260713000004_commission_payments_due_date.sql:60: ERROR:  relation "public.commission_payments" does not exist
psql:/home/z/my-project/Costpro/supabase/migrations/20260713000004_commission_payments_due_date.sql:64: ERROR:  relation "public.commission_payments" does not exist
═══ 20260714000001_commission_no_overlap_constraint.sql ═══
psql:/home/z/my-project/Costpro/supabase/migrations/20260714000001_commission_no_overlap_constraint.sql:12: NOTICE:  extension "btree_gist" already exists, skipping
psql:/home/z/my-project/Costpro/supabase/migrations/20260714000001_commission_no_overlap_constraint.sql:21: ERROR:  relation "public.commission_payments" does not exist
psql:/home/z/my-project/Costpro/supabase/migrations/20260714000001_commission_no_overlap_constraint.sql:25: ERROR:  relation "public.commission_payments" does not exist
═══ 20260715000001_commission_advanced_rules.sql ═══
psql:/home/z/my-project/Costpro/supabase/migrations/20260715000001_commission_advanced_rules.sql:25: ERROR:  relation "public.commission_rules" does not exist
psql:/home/z/my-project/Costpro/supabase/migrations/20260715000001_commission_advanced_rules.sql:27: ERROR:  relation "public.commission_rules" does not exist
psql:/home/z/my-project/Costpro/supabase/migrations/20260715000001_commission_advanced_rules.sql:28: ERROR:  relation "public.commission_rules" does not exist
psql:/home/z/my-project/Costpro/supabase/migrations/20260715000001_commission_advanced_rules.sql:29: ERROR:  relation "public.commission_rules" does not exist
psql:/home/z/my-project/Costpro/supabase/migrations/20260715000001_commission_advanced_rules.sql:33: ERROR:  relation "public.commission_rules" does not exist
psql:/home/z/my-project/Costpro/supabase/migrations/20260715000001_commission_advanced_rules.sql:44: ERROR:  relation "public.commission_rules" does not exist
psql:/home/z/my-project/Costpro/supabase/migrations/20260715000001_commission_advanced_rules.sql:48: ERROR:  relation "public.commission_rules" does not exist
psql:/home/z/my-project/Costpro/supabase/migrations/20260715000001_commission_advanced_rules.sql:58: ERROR:  relation "public.commission_rules" does not exist
psql:/home/z/my-project/Costpro/supabase/migrations/20260715000001_commission_advanced_rules.sql:67: ERROR:  relation "public.commission_rules" does not exist
psql:/home/z/my-project/Costpro/supabase/migrations/20260715000001_commission_advanced_rules.sql:70: ERROR:  relation "public.commission_rule_products" does not exist
psql:/home/z/my-project/Costpro/supabase/migrations/20260715000001_commission_advanced_rules.sql:72: ERROR:  relation "public.commission_rule_products" does not exist
psql:/home/z/my-project/Costpro/supabase/migrations/20260715000001_commission_advanced_rules.sql:75: ERROR:  relation "public.commission_rule_products" does not exist
psql:/home/z/my-project/Costpro/supabase/migrations/20260715000001_commission_advanced_rules.sql:88: ERROR:  relation "public.commission_rule_products" does not exist
psql:/home/z/my-project/Costpro/supabase/migrations/20260715000001_commission_advanced_rules.sql:103: ERROR:  relation "public.commission_rule_products" does not exist
psql:/home/z/my-project/Costpro/supabase/migrations/20260715000001_commission_advanced_rules.sql:117: ERROR:  relation "public.commission_rule_products" does not exist
psql:/home/z/my-project/Costpro/supabase/migrations/20260715000001_commission_advanced_rules.sql:120: ERROR:  relation "public.commission_rule_products" does not exist
psql:/home/z/my-project/Costpro/supabase/migrations/20260715000001_commission_advanced_rules.sql:122: ERROR:  relation "public.commission_rule_products" does not exist
psql:/home/z/my-project/Costpro/supabase/migrations/20260715000001_commission_advanced_rules.sql:146: ERROR:  relation "public.commission_payments" does not exist
═══ 20260715000003_storage_banner_policies.sql ═══
psql:/home/z/my-project/Costpro/supabase/migrations/20260715000003_storage_banner_policies.sql:16: NOTICE:  relation "storage.objects" does not exist, skipping
psql:/home/z/my-project/Costpro/supabase/migrations/20260715000003_storage_banner_policies.sql:27: ERROR:  relation "storage.objects" does not exist
psql:/home/z/my-project/Costpro/supabase/migrations/20260715000003_storage_banner_policies.sql:31: NOTICE:  relation "storage.objects" does not exist, skipping
psql:/home/z/my-project/Costpro/supabase/migrations/20260715000003_storage_banner_policies.sql:37: ERROR:  relation "storage.objects" does not exist
psql:/home/z/my-project/Costpro/supabase/migrations/20260715000003_storage_banner_policies.sql:40: NOTICE:  relation "storage.objects" does not exist, skipping
psql:/home/z/my-project/Costpro/supabase/migrations/20260715000003_storage_banner_policies.sql:60: ERROR:  relation "storage.objects" does not exist
psql:/home/z/my-project/Costpro/supabase/migrations/20260715000003_storage_banner_policies.sql:63: NOTICE:  relation "storage.objects" does not exist, skipping
psql:/home/z/my-project/Costpro/supabase/migrations/20260715000003_storage_banner_policies.sql:74: ERROR:  relation "storage.objects" does not exist
psql:/home/z/my-project/Costpro/supabase/migrations/20260715000003_storage_banner_policies.sql:80: ERROR:  relation "storage.objects" does not exist
LINE 3:         WHERE polrelid = 'storage.objects'::regclass
                                 ^
═══ 20260715000005_fix_validate_active_store_trigger.sql ═══
psql:/home/z/my-project/Costpro/supabase/migrations/20260715000005_fix_validate_active_store_trigger.sql:85: ERROR:  type "user_role" does not exist
LINE 4:     v_role user_role;
                   ^
psql:/home/z/my-project/Costpro/supabase/migrations/20260715000005_fix_validate_active_store_trigger.sql:88: NOTICE:  relation "public.profiles" does not exist, skipping
psql:/home/z/my-project/Costpro/supabase/migrations/20260715000005_fix_validate_active_store_trigger.sql:92: ERROR:  relation "public.profiles" does not exist
═══ 20260715000006_disable_trigger_on_insert.sql ═══
psql:/home/z/my-project/Costpro/supabase/migrations/20260715000006_disable_trigger_on_insert.sql:14: NOTICE:  relation "public.profiles" does not exist, skipping
psql:/home/z/my-project/Costpro/supabase/migrations/20260715000006_disable_trigger_on_insert.sql:19: ERROR:  relation "public.profiles" does not exist
═══ 20260715000007_trigger_smart_update.sql ═══
psql:/home/z/my-project/Costpro/supabase/migrations/20260715000007_trigger_smart_update.sql:78: ERROR:  type "user_role" does not exist
LINE 4:     v_role user_role;
                   ^
psql:/home/z/my-project/Costpro/supabase/migrations/20260715000007_trigger_smart_update.sql:81: NOTICE:  relation "public.profiles" does not exist, skipping
psql:/home/z/my-project/Costpro/supabase/migrations/20260715000007_trigger_smart_update.sql:85: ERROR:  relation "public.profiles" does not exist
═══ 20260715000008_commission_rule_products_per_product_config.sql ═══
psql:/home/z/my-project/Costpro/supabase/migrations/20260715000008_commission_rule_products_per_product_config.sql:40: ERROR:  relation "public.commission_rule_products" does not exist
psql:/home/z/my-project/Costpro/supabase/migrations/20260715000008_commission_rule_products_per_product_config.sql:43: ERROR:  relation "public.commission_rule_products" does not exist
psql:/home/z/my-project/Costpro/supabase/migrations/20260715000008_commission_rule_products_per_product_config.sql:46: ERROR:  relation "public.commission_rule_products" does not exist
psql:/home/z/my-project/Costpro/supabase/migrations/20260715000008_commission_rule_products_per_product_config.sql:50: ERROR:  relation "public.commission_rule_products" does not exist
psql:/home/z/my-project/Costpro/supabase/migrations/20260715000008_commission_rule_products_per_product_config.sql:54: ERROR:  relation "public.commission_rule_products" does not exist
psql:/home/z/my-project/Costpro/supabase/migrations/20260715000008_commission_rule_products_per_product_config.sql:59: ERROR:  relation "public.commission_rule_products" does not exist
psql:/home/z/my-project/Costpro/supabase/migrations/20260715000008_commission_rule_products_per_product_config.sql:63: NOTICE:  relation "public.commission_rule_products" does not exist, skipping
psql:/home/z/my-project/Costpro/supabase/migrations/20260715000008_commission_rule_products_per_product_config.sql:88: ERROR:  relation "public.commission_rule_products" does not exist
psql:/home/z/my-project/Costpro/supabase/migrations/20260715000008_commission_rule_products_per_product_config.sql:92: ERROR:  relation "public.commission_rule_products" does not exist
psql:/home/z/my-project/Costpro/supabase/migrations/20260715000008_commission_rule_products_per_product_config.sql:94: NOTICE:  relation "public.commission_rule_products" does not exist, skipping
psql:/home/z/my-project/Costpro/supabase/migrations/20260715000008_commission_rule_products_per_product_config.sql:97: ERROR:  relation "public.commission_rule_products" does not exist
═══ 20260715000009_get_products_for_pos_add_price_currency.sql ═══
psql:/home/z/my-project/Costpro/supabase/migrations/20260715000009_get_products_for_pos_add_price_currency.sql:15: NOTICE:  function public.get_products_for_pos(uuid,text,text) does not exist, skipping
═══ 20260715000010_commission_rules_add_product_mode.sql ═══
psql:/home/z/my-project/Costpro/supabase/migrations/20260715000010_commission_rules_add_product_mode.sql:17: ERROR:  relation "public.commission_rules" does not exist
psql:/home/z/my-project/Costpro/supabase/migrations/20260715000010_commission_rules_add_product_mode.sql:20: ERROR:  relation "public.commission_rules" does not exist
psql:/home/z/my-project/Costpro/supabase/migrations/20260715000010_commission_rules_add_product_mode.sql:24: ERROR:  relation "public.commission_rules" does not exist
psql:/home/z/my-project/Costpro/supabase/migrations/20260715000010_commission_rules_add_product_mode.sql:28: ERROR:  relation "public.commission_rules" does not exist
psql:/home/z/my-project/Costpro/supabase/migrations/20260715000010_commission_rules_add_product_mode.sql:33: ERROR:  relation "public.commission_rules" does not exist
═══ 20260715000012_validate_production_order_transitions.sql ═══
psql:/home/z/my-project/Costpro/supabase/migrations/20260715000012_validate_production_order_transitions.sql:62: NOTICE:  relation "public.production_orders" does not exist, skipping
psql:/home/z/my-project/Costpro/supabase/migrations/20260715000012_validate_production_order_transitions.sql:66: ERROR:  relation "public.production_orders" does not exist
═══ 20260725000001_fix_reset_store_data_and_snapshots.sql ═══
psql:/home/z/my-project/Costpro/supabase/migrations/20260725000001_fix_reset_store_data_and_snapshots.sql:41: ERROR:  relation "public.stores" does not exist
psql:/home/z/my-project/Costpro/supabase/migrations/20260725000001_fix_reset_store_data_and_snapshots.sql:44: ERROR:  relation "public.store_reset_snapshots" does not exist
psql:/home/z/my-project/Costpro/supabase/migrations/20260725000001_fix_reset_store_data_and_snapshots.sql:47: ERROR:  relation "public.store_reset_snapshots" does not exist
psql:/home/z/my-project/Costpro/supabase/migrations/20260725000001_fix_reset_store_data_and_snapshots.sql:55: ERROR:  relation "public.store_reset_snapshots" does not exist
psql:/home/z/my-project/Costpro/supabase/migrations/20260725000001_fix_reset_store_data_and_snapshots.sql:60: ERROR:  relation "public.store_reset_snapshots" does not exist
═══ 20260726000001_v1_1_stabilization.sql ═══
psql:/home/z/my-project/Costpro/supabase/migrations/20260726000001_v1_1_stabilization.sql:104: ERROR:  relation "public.stores" does not exist
LINE 1: SELECT id                      FROM public.stores WHERE is_a...
                                            ^
QUERY:  SELECT id                      FROM public.stores WHERE is_active = true ORDER BY created_at LIMIT 1
CONTEXT:  PL/pgSQL function inline_code_block line 7 at SQL statement
psql:/home/z/my-project/Costpro/supabase/migrations/20260726000001_v1_1_stabilization.sql:107: ERROR:  relation "public.products" does not exist
psql:/home/z/my-project/Costpro/supabase/migrations/20260726000001_v1_1_stabilization.sql:126: ERROR:  relation "public.stores" does not exist
LINE 1: SELECT id                      FROM public.stores WHERE is_a...
                                            ^
QUERY:  SELECT id                      FROM public.stores WHERE is_active = true ORDER BY created_at LIMIT 1
CONTEXT:  PL/pgSQL function inline_code_block line 6 at SQL statement
psql:/home/z/my-project/Costpro/supabase/migrations/20260726000001_v1_1_stabilization.sql:128: ERROR:  relation "public.receipts" does not exist
psql:/home/z/my-project/Costpro/supabase/migrations/20260726000001_v1_1_stabilization.sql:145: ERROR:  relation "public.audit_logs" does not exist
LINE 1: UPDATE public.audit_logs
               ^
psql:/home/z/my-project/Costpro/supabase/migrations/20260726000001_v1_1_stabilization.sql:148: ERROR:  relation "public.audit_logs" does not exist
psql:/home/z/my-project/Costpro/supabase/migrations/20260726000001_v1_1_stabilization.sql:150: ERROR:  relation "public.audit_logs" does not exist
psql:/home/z/my-project/Costpro/supabase/migrations/20260726000001_v1_1_stabilization.sql:157: ERROR:  relation "public.transactions" does not exist
psql:/home/z/my-project/Costpro/supabase/migrations/20260726000001_v1_1_stabilization.sql:158: ERROR:  relation "public.stock_movements" does not exist
psql:/home/z/my-project/Costpro/supabase/migrations/20260726000001_v1_1_stabilization.sql:159: ERROR:  relation "public.receipts" does not exist
psql:/home/z/my-project/Costpro/supabase/migrations/20260726000001_v1_1_stabilization.sql:160: ERROR:  relation "public.cash_closures" does not exist
psql:/home/z/my-project/Costpro/supabase/migrations/20260726000001_v1_1_stabilization.sql:161: ERROR:  relation "public.production_orders" does not exist
psql:/home/z/my-project/Costpro/supabase/migrations/20260726000001_v1_1_stabilization.sql:162: ERROR:  relation "public.commission_payments" does not exist
psql:/home/z/my-project/Costpro/supabase/migrations/20260726000001_v1_1_stabilization.sql:163: ERROR:  relation "public.inventory_adjustments" does not exist
psql:/home/z/my-project/Costpro/supabase/migrations/20260726000001_v1_1_stabilization.sql:164: ERROR:  relation "public.sales_transactions" does not exist
psql:/home/z/my-project/Costpro/supabase/migrations/20260726000001_v1_1_stabilization.sql:165: ERROR:  relation "public.audit_logs" does not exist
psql:/home/z/my-project/Costpro/supabase/migrations/20260726000001_v1_1_stabilization.sql:168: ERROR:  relation "public.transfers" does not exist
psql:/home/z/my-project/Costpro/supabase/migrations/20260726000001_v1_1_stabilization.sql:169: ERROR:  relation "public.transfers" does not exist
psql:/home/z/my-project/Costpro/supabase/migrations/20260726000001_v1_1_stabilization.sql:178: ERROR:  function name "public.create_sale" is not unique
HINT:  Specify the argument list to select the function unambiguously.
psql:/home/z/my-project/Costpro/supabase/migrations/20260726000001_v1_1_stabilization.sql:291: ERROR:  function name "public.create_sale" is not unique
HINT:  Specify the argument list to select the function unambiguously.
psql:/home/z/my-project/Costpro/supabase/migrations/20260726000001_v1_1_stabilization.sql:292: ERROR:  function name "public.create_sale" is not unique
HINT:  Specify the argument list to select the function unambiguously.
psql:/home/z/my-project/Costpro/supabase/migrations/20260726000001_v1_1_stabilization.sql:316: ERROR:  relation "public.store_reset_snapshots" does not exist
LINE 1: DELETE FROM public.store_reset_snapshots WHERE created_at < ...
                    ^
QUERY:  DELETE FROM public.store_reset_snapshots WHERE created_at < NOW() - (p_days || ' days')::INTERVAL
CONTEXT:  PL/pgSQL function purge_old_reset_snapshots(integer) line 5 at SQL statement
═══ 20260726000002_v1_2_devolutions_customers_quotations_kardex_fiscal.sql ═══
psql:/home/z/my-project/Costpro/supabase/migrations/20260726000002_v1_2_devolutions_customers_quotations_kardex_fiscal.sql:25: ERROR:  relation "public.stores" does not exist
psql:/home/z/my-project/Costpro/supabase/migrations/20260726000002_v1_2_devolutions_customers_quotations_kardex_fiscal.sql:27: ERROR:  relation "public.customers" does not exist
psql:/home/z/my-project/Costpro/supabase/migrations/20260726000002_v1_2_devolutions_customers_quotations_kardex_fiscal.sql:28: ERROR:  relation "public.customers" does not exist
psql:/home/z/my-project/Costpro/supabase/migrations/20260726000002_v1_2_devolutions_customers_quotations_kardex_fiscal.sql:53: ERROR:  relation "public.stores" does not exist
psql:/home/z/my-project/Costpro/supabase/migrations/20260726000002_v1_2_devolutions_customers_quotations_kardex_fiscal.sql:55: ERROR:  relation "public.devolutions" does not exist
psql:/home/z/my-project/Costpro/supabase/migrations/20260726000002_v1_2_devolutions_customers_quotations_kardex_fiscal.sql:56: ERROR:  relation "public.devolutions" does not exist
psql:/home/z/my-project/Costpro/supabase/migrations/20260726000002_v1_2_devolutions_customers_quotations_kardex_fiscal.sql:57: ERROR:  relation "public.devolutions" does not exist
psql:/home/z/my-project/Costpro/supabase/migrations/20260726000002_v1_2_devolutions_customers_quotations_kardex_fiscal.sql:68: ERROR:  relation "public.devolutions" does not exist
psql:/home/z/my-project/Costpro/supabase/migrations/20260726000002_v1_2_devolutions_customers_quotations_kardex_fiscal.sql:70: ERROR:  relation "public.devolution_items" does not exist
psql:/home/z/my-project/Costpro/supabase/migrations/20260726000002_v1_2_devolutions_customers_quotations_kardex_fiscal.sql:71: ERROR:  relation "public.devolution_items" does not exist
psql:/home/z/my-project/Costpro/supabase/migrations/20260726000002_v1_2_devolutions_customers_quotations_kardex_fiscal.sql:95: ERROR:  relation "public.stores" does not exist
psql:/home/z/my-project/Costpro/supabase/migrations/20260726000002_v1_2_devolutions_customers_quotations_kardex_fiscal.sql:97: ERROR:  relation "public.quotations" does not exist
psql:/home/z/my-project/Costpro/supabase/migrations/20260726000002_v1_2_devolutions_customers_quotations_kardex_fiscal.sql:98: ERROR:  relation "public.quotations" does not exist
psql:/home/z/my-project/Costpro/supabase/migrations/20260726000002_v1_2_devolutions_customers_quotations_kardex_fiscal.sql:99: ERROR:  relation "public.quotations" does not exist
psql:/home/z/my-project/Costpro/supabase/migrations/20260726000002_v1_2_devolutions_customers_quotations_kardex_fiscal.sql:112: ERROR:  relation "public.quotations" does not exist
psql:/home/z/my-project/Costpro/supabase/migrations/20260726000002_v1_2_devolutions_customers_quotations_kardex_fiscal.sql:114: ERROR:  relation "public.quotation_items" does not exist
psql:/home/z/my-project/Costpro/supabase/migrations/20260726000002_v1_2_devolutions_customers_quotations_kardex_fiscal.sql:135: ERROR:  relation "public.stores" does not exist
psql:/home/z/my-project/Costpro/supabase/migrations/20260726000002_v1_2_devolutions_customers_quotations_kardex_fiscal.sql:137: ERROR:  relation "public.kardex_entries" does not exist
psql:/home/z/my-project/Costpro/supabase/migrations/20260726000002_v1_2_devolutions_customers_quotations_kardex_fiscal.sql:138: ERROR:  relation "public.kardex_entries" does not exist
psql:/home/z/my-project/Costpro/supabase/migrations/20260726000002_v1_2_devolutions_customers_quotations_kardex_fiscal.sql:162: ERROR:  relation "public.stores" does not exist
psql:/home/z/my-project/Costpro/supabase/migrations/20260726000002_v1_2_devolutions_customers_quotations_kardex_fiscal.sql:164: ERROR:  relation "public.fiscal_closings" does not exist
psql:/home/z/my-project/Costpro/supabase/migrations/20260726000002_v1_2_devolutions_customers_quotations_kardex_fiscal.sql:171: ERROR:  relation "public.customers" does not exist
psql:/home/z/my-project/Costpro/supabase/migrations/20260726000002_v1_2_devolutions_customers_quotations_kardex_fiscal.sql:173: ERROR:  relation "public.customers" does not exist
psql:/home/z/my-project/Costpro/supabase/migrations/20260726000002_v1_2_devolutions_customers_quotations_kardex_fiscal.sql:175: ERROR:  relation "public.customers" does not exist
psql:/home/z/my-project/Costpro/supabase/migrations/20260726000002_v1_2_devolutions_customers_quotations_kardex_fiscal.sql:177: ERROR:  relation "public.customers" does not exist
psql:/home/z/my-project/Costpro/supabase/migrations/20260726000002_v1_2_devolutions_customers_quotations_kardex_fiscal.sql:179: ERROR:  relation "public.customers" does not exist
psql:/home/z/my-project/Costpro/supabase/migrations/20260726000002_v1_2_devolutions_customers_quotations_kardex_fiscal.sql:182: ERROR:  relation "public.devolutions" does not exist
psql:/home/z/my-project/Costpro/supabase/migrations/20260726000002_v1_2_devolutions_customers_quotations_kardex_fiscal.sql:184: ERROR:  relation "public.devolutions" does not exist
psql:/home/z/my-project/Costpro/supabase/migrations/20260726000002_v1_2_devolutions_customers_quotations_kardex_fiscal.sql:186: ERROR:  relation "public.devolutions" does not exist
psql:/home/z/my-project/Costpro/supabase/migrations/20260726000002_v1_2_devolutions_customers_quotations_kardex_fiscal.sql:188: ERROR:  relation "public.devolutions" does not exist
psql:/home/z/my-project/Costpro/supabase/migrations/20260726000002_v1_2_devolutions_customers_quotations_kardex_fiscal.sql:191: ERROR:  relation "public.devolution_items" does not exist
psql:/home/z/my-project/Costpro/supabase/migrations/20260726000002_v1_2_devolutions_customers_quotations_kardex_fiscal.sql:193: ERROR:  relation "public.devolution_items" does not exist
psql:/home/z/my-project/Costpro/supabase/migrations/20260726000002_v1_2_devolutions_customers_quotations_kardex_fiscal.sql:195: ERROR:  relation "public.devolution_items" does not exist
psql:/home/z/my-project/Costpro/supabase/migrations/20260726000002_v1_2_devolutions_customers_quotations_kardex_fiscal.sql:198: ERROR:  relation "public.quotations" does not exist
psql:/home/z/my-project/Costpro/supabase/migrations/20260726000002_v1_2_devolutions_customers_quotations_kardex_fiscal.sql:200: ERROR:  relation "public.quotations" does not exist
psql:/home/z/my-project/Costpro/supabase/migrations/20260726000002_v1_2_devolutions_customers_quotations_kardex_fiscal.sql:202: ERROR:  relation "public.quotations" does not exist
psql:/home/z/my-project/Costpro/supabase/migrations/20260726000002_v1_2_devolutions_customers_quotations_kardex_fiscal.sql:204: ERROR:  relation "public.quotations" does not exist
psql:/home/z/my-project/Costpro/supabase/migrations/20260726000002_v1_2_devolutions_customers_quotations_kardex_fiscal.sql:206: ERROR:  relation "public.quotations" does not exist
psql:/home/z/my-project/Costpro/supabase/migrations/20260726000002_v1_2_devolutions_customers_quotations_kardex_fiscal.sql:209: ERROR:  relation "public.quotation_items" does not exist
psql:/home/z/my-project/Costpro/supabase/migrations/20260726000002_v1_2_devolutions_customers_quotations_kardex_fiscal.sql:211: ERROR:  relation "public.quotation_items" does not exist
psql:/home/z/my-project/Costpro/supabase/migrations/20260726000002_v1_2_devolutions_customers_quotations_kardex_fiscal.sql:213: ERROR:  relation "public.quotation_items" does not exist
psql:/home/z/my-project/Costpro/supabase/migrations/20260726000002_v1_2_devolutions_customers_quotations_kardex_fiscal.sql:216: ERROR:  relation "public.kardex_entries" does not exist
psql:/home/z/my-project/Costpro/supabase/migrations/20260726000002_v1_2_devolutions_customers_quotations_kardex_fiscal.sql:218: ERROR:  relation "public.kardex_entries" does not exist
psql:/home/z/my-project/Costpro/supabase/migrations/20260726000002_v1_2_devolutions_customers_quotations_kardex_fiscal.sql:220: ERROR:  relation "public.kardex_entries" does not exist
psql:/home/z/my-project/Costpro/supabase/migrations/20260726000002_v1_2_devolutions_customers_quotations_kardex_fiscal.sql:223: ERROR:  relation "public.fiscal_closings" does not exist
psql:/home/z/my-project/Costpro/supabase/migrations/20260726000002_v1_2_devolutions_customers_quotations_kardex_fiscal.sql:225: ERROR:  relation "public.fiscal_closings" does not exist
psql:/home/z/my-project/Costpro/supabase/migrations/20260726000002_v1_2_devolutions_customers_quotations_kardex_fiscal.sql:227: ERROR:  relation "public.fiscal_closings" does not exist
psql:/home/z/my-project/Costpro/supabase/migrations/20260726000002_v1_2_devolutions_customers_quotations_kardex_fiscal.sql:229: ERROR:  relation "public.fiscal_closings" does not exist
psql:/home/z/my-project/Costpro/supabase/migrations/20260726000002_v1_2_devolutions_customers_quotations_kardex_fiscal.sql:572: NOTICE:  relation "public.stock_movements" does not exist, skipping
psql:/home/z/my-project/Costpro/supabase/migrations/20260726000002_v1_2_devolutions_customers_quotations_kardex_fiscal.sql:576: ERROR:  relation "public.stock_movements" does not exist
═══ 20260726000003_v2_0_lots_warehouses_abc_reconciliation.sql ═══
psql:/home/z/my-project/Costpro/supabase/migrations/20260726000003_v2_0_lots_warehouses_abc_reconciliation.sql:26: ERROR:  relation "public.stores" does not exist
psql:/home/z/my-project/Costpro/supabase/migrations/20260726000003_v2_0_lots_warehouses_abc_reconciliation.sql:28: ERROR:  relation "public.product_lots" does not exist
psql:/home/z/my-project/Costpro/supabase/migrations/20260726000003_v2_0_lots_warehouses_abc_reconciliation.sql:29: ERROR:  relation "public.product_lots" does not exist
psql:/home/z/my-project/Costpro/supabase/migrations/20260726000003_v2_0_lots_warehouses_abc_reconciliation.sql:30: ERROR:  relation "public.product_lots" does not exist
psql:/home/z/my-project/Costpro/supabase/migrations/20260726000003_v2_0_lots_warehouses_abc_reconciliation.sql:39: ERROR:  relation "public.transaction_items" does not exist
psql:/home/z/my-project/Costpro/supabase/migrations/20260726000003_v2_0_lots_warehouses_abc_reconciliation.sql:41: ERROR:  relation "public.transaction_item_lots" does not exist
psql:/home/z/my-project/Costpro/supabase/migrations/20260726000003_v2_0_lots_warehouses_abc_reconciliation.sql:42: ERROR:  relation "public.transaction_item_lots" does not exist
psql:/home/z/my-project/Costpro/supabase/migrations/20260726000003_v2_0_lots_warehouses_abc_reconciliation.sql:57: ERROR:  relation "public.stores" does not exist
psql:/home/z/my-project/Costpro/supabase/migrations/20260726000003_v2_0_lots_warehouses_abc_reconciliation.sql:59: ERROR:  relation "public.warehouses" does not exist
psql:/home/z/my-project/Costpro/supabase/migrations/20260726000003_v2_0_lots_warehouses_abc_reconciliation.sql:60: ERROR:  relation "public.warehouses" does not exist
psql:/home/z/my-project/Costpro/supabase/migrations/20260726000003_v2_0_lots_warehouses_abc_reconciliation.sql:76: ERROR:  relation "public.stores" does not exist
psql:/home/z/my-project/Costpro/supabase/migrations/20260726000003_v2_0_lots_warehouses_abc_reconciliation.sql:78: ERROR:  relation "public.warehouse_stock" does not exist
psql:/home/z/my-project/Costpro/supabase/migrations/20260726000003_v2_0_lots_warehouses_abc_reconciliation.sql:79: ERROR:  relation "public.warehouse_stock" does not exist
psql:/home/z/my-project/Costpro/supabase/migrations/20260726000003_v2_0_lots_warehouses_abc_reconciliation.sql:80: ERROR:  relation "public.warehouse_stock" does not exist
psql:/home/z/my-project/Costpro/supabase/migrations/20260726000003_v2_0_lots_warehouses_abc_reconciliation.sql:98: ERROR:  relation "public.stores" does not exist
psql:/home/z/my-project/Costpro/supabase/migrations/20260726000003_v2_0_lots_warehouses_abc_reconciliation.sql:100: ERROR:  relation "public.abc_classifications" does not exist
psql:/home/z/my-project/Costpro/supabase/migrations/20260726000003_v2_0_lots_warehouses_abc_reconciliation.sql:101: ERROR:  relation "public.abc_classifications" does not exist
psql:/home/z/my-project/Costpro/supabase/migrations/20260726000003_v2_0_lots_warehouses_abc_reconciliation.sql:121: ERROR:  relation "public.stores" does not exist
psql:/home/z/my-project/Costpro/supabase/migrations/20260726000003_v2_0_lots_warehouses_abc_reconciliation.sql:123: ERROR:  relation "public.bank_statements" does not exist
psql:/home/z/my-project/Costpro/supabase/migrations/20260726000003_v2_0_lots_warehouses_abc_reconciliation.sql:138: ERROR:  relation "public.bank_statements" does not exist
psql:/home/z/my-project/Costpro/supabase/migrations/20260726000003_v2_0_lots_warehouses_abc_reconciliation.sql:140: ERROR:  relation "public.bank_statement_items" does not exist
psql:/home/z/my-project/Costpro/supabase/migrations/20260726000003_v2_0_lots_warehouses_abc_reconciliation.sql:141: ERROR:  relation "public.bank_statement_items" does not exist
psql:/home/z/my-project/Costpro/supabase/migrations/20260726000003_v2_0_lots_warehouses_abc_reconciliation.sql:148: ERROR:  relation "public.product_lots" does not exist
psql:/home/z/my-project/Costpro/supabase/migrations/20260726000003_v2_0_lots_warehouses_abc_reconciliation.sql:149: ERROR:  relation "public.product_lots" does not exist
psql:/home/z/my-project/Costpro/supabase/migrations/20260726000003_v2_0_lots_warehouses_abc_reconciliation.sql:150: ERROR:  relation "public.product_lots" does not exist
psql:/home/z/my-project/Costpro/supabase/migrations/20260726000003_v2_0_lots_warehouses_abc_reconciliation.sql:151: ERROR:  relation "public.product_lots" does not exist
psql:/home/z/my-project/Costpro/supabase/migrations/20260726000003_v2_0_lots_warehouses_abc_reconciliation.sql:152: ERROR:  relation "public.product_lots" does not exist
psql:/home/z/my-project/Costpro/supabase/migrations/20260726000003_v2_0_lots_warehouses_abc_reconciliation.sql:155: ERROR:  relation "public.transaction_item_lots" does not exist
psql:/home/z/my-project/Costpro/supabase/migrations/20260726000003_v2_0_lots_warehouses_abc_reconciliation.sql:157: ERROR:  relation "public.transaction_item_lots" does not exist
psql:/home/z/my-project/Costpro/supabase/migrations/20260726000003_v2_0_lots_warehouses_abc_reconciliation.sql:160: ERROR:  relation "public.warehouses" does not exist
psql:/home/z/my-project/Costpro/supabase/migrations/20260726000003_v2_0_lots_warehouses_abc_reconciliation.sql:161: ERROR:  relation "public.warehouses" does not exist
psql:/home/z/my-project/Costpro/supabase/migrations/20260726000003_v2_0_lots_warehouses_abc_reconciliation.sql:162: ERROR:  relation "public.warehouses" does not exist
psql:/home/z/my-project/Costpro/supabase/migrations/20260726000003_v2_0_lots_warehouses_abc_reconciliation.sql:163: ERROR:  relation "public.warehouses" does not exist
psql:/home/z/my-project/Costpro/supabase/migrations/20260726000003_v2_0_lots_warehouses_abc_reconciliation.sql:164: ERROR:  relation "public.warehouses" does not exist
psql:/home/z/my-project/Costpro/supabase/migrations/20260726000003_v2_0_lots_warehouses_abc_reconciliation.sql:167: ERROR:  relation "public.warehouse_stock" does not exist
psql:/home/z/my-project/Costpro/supabase/migrations/20260726000003_v2_0_lots_warehouses_abc_reconciliation.sql:168: ERROR:  relation "public.warehouse_stock" does not exist
psql:/home/z/my-project/Costpro/supabase/migrations/20260726000003_v2_0_lots_warehouses_abc_reconciliation.sql:169: ERROR:  relation "public.warehouse_stock" does not exist
psql:/home/z/my-project/Costpro/supabase/migrations/20260726000003_v2_0_lots_warehouses_abc_reconciliation.sql:170: ERROR:  relation "public.warehouse_stock" does not exist
psql:/home/z/my-project/Costpro/supabase/migrations/20260726000003_v2_0_lots_warehouses_abc_reconciliation.sql:171: ERROR:  relation "public.warehouse_stock" does not exist
psql:/home/z/my-project/Costpro/supabase/migrations/20260726000003_v2_0_lots_warehouses_abc_reconciliation.sql:174: ERROR:  relation "public.abc_classifications" does not exist
psql:/home/z/my-project/Costpro/supabase/migrations/20260726000003_v2_0_lots_warehouses_abc_reconciliation.sql:175: ERROR:  relation "public.abc_classifications" does not exist
psql:/home/z/my-project/Costpro/supabase/migrations/20260726000003_v2_0_lots_warehouses_abc_reconciliation.sql:176: ERROR:  relation "public.abc_classifications" does not exist
psql:/home/z/my-project/Costpro/supabase/migrations/20260726000003_v2_0_lots_warehouses_abc_reconciliation.sql:177: ERROR:  relation "public.abc_classifications" does not exist
psql:/home/z/my-project/Costpro/supabase/migrations/20260726000003_v2_0_lots_warehouses_abc_reconciliation.sql:180: ERROR:  relation "public.bank_statements" does not exist
psql:/home/z/my-project/Costpro/supabase/migrations/20260726000003_v2_0_lots_warehouses_abc_reconciliation.sql:181: ERROR:  relation "public.bank_statements" does not exist
psql:/home/z/my-project/Costpro/supabase/migrations/20260726000003_v2_0_lots_warehouses_abc_reconciliation.sql:182: ERROR:  relation "public.bank_statements" does not exist
psql:/home/z/my-project/Costpro/supabase/migrations/20260726000003_v2_0_lots_warehouses_abc_reconciliation.sql:183: ERROR:  relation "public.bank_statements" does not exist
psql:/home/z/my-project/Costpro/supabase/migrations/20260726000003_v2_0_lots_warehouses_abc_reconciliation.sql:184: ERROR:  relation "public.bank_statements" does not exist
psql:/home/z/my-project/Costpro/supabase/migrations/20260726000003_v2_0_lots_warehouses_abc_reconciliation.sql:187: ERROR:  relation "public.bank_statement_items" does not exist
psql:/home/z/my-project/Costpro/supabase/migrations/20260726000003_v2_0_lots_warehouses_abc_reconciliation.sql:189: ERROR:  relation "public.bank_statement_items" does not exist
psql:/home/z/my-project/Costpro/supabase/migrations/20260726000003_v2_0_lots_warehouses_abc_reconciliation.sql:191: ERROR:  relation "public.bank_statement_items" does not exist
psql:/home/z/my-project/Costpro/supabase/migrations/20260726000003_v2_0_lots_warehouses_abc_reconciliation.sql:193: ERROR:  relation "public.bank_statement_items" does not exist
psql:/home/z/my-project/Costpro/supabase/migrations/20260726000003_v2_0_lots_warehouses_abc_reconciliation.sql:298: ERROR:  relation "public.product_lots" does not exist
LINE 1: UPDATE public.product_lots
               ^
QUERY:  UPDATE public.product_lots
    SET status = 'expired', updated_at = now()
    WHERE expiration_date IS NOT NULL
      AND expiration_date < CURRENT_DATE
      AND status = 'active'
      AND (p_store_id IS NULL OR store_id = p_store_id)
CONTEXT:  PL/pgSQL function mark_expired_lots(uuid) line 5 at SQL statement
═══ 20260726000004_v2_1_deep_integrations.sql ═══
psql:/home/z/my-project/Costpro/supabase/migrations/20260726000004_v2_1_deep_integrations.sql:186: ERROR:  function name "public.create_sale" is not unique
HINT:  Specify the argument list to select the function unambiguously.
psql:/home/z/my-project/Costpro/supabase/migrations/20260726000004_v2_1_deep_integrations.sql:187: ERROR:  function name "public.create_sale" is not unique
HINT:  Specify the argument list to select the function unambiguously.
psql:/home/z/my-project/Costpro/supabase/migrations/20260726000004_v2_1_deep_integrations.sql:437: ERROR:  relation "public.bank_statement_items" does not exist
psql:/home/z/my-project/Costpro/supabase/migrations/20260726000004_v2_1_deep_integrations.sql:438: ERROR:  relation "public.transactions" does not exist
psql:/home/z/my-project/Costpro/supabase/migrations/20260726000004_v2_1_deep_integrations.sql:439: ERROR:  relation "public.receipts" does not exist
psql:/home/z/my-project/Costpro/supabase/migrations/20260726000004_v2_1_deep_integrations.sql:440: ERROR:  relation "public.products" does not exist
psql:/home/z/my-project/Costpro/supabase/migrations/20260726000004_v2_1_deep_integrations.sql:441: ERROR:  relation "public.product_lots" does not exist
═══ 20260726000005_v2_2_accounting_flow_reversal.sql ═══
psql:/home/z/my-project/Costpro/supabase/migrations/20260726000005_v2_2_accounting_flow_reversal.sql:27: ERROR:  relation "public.receipts" does not exist
psql:/home/z/my-project/Costpro/supabase/migrations/20260726000005_v2_2_accounting_flow_reversal.sql:29: ERROR:  relation "public.receipts" does not exist
psql:/home/z/my-project/Costpro/supabase/migrations/20260726000005_v2_2_accounting_flow_reversal.sql:32: ERROR:  relation "public.receipts" does not exist
psql:/home/z/my-project/Costpro/supabase/migrations/20260726000005_v2_2_accounting_flow_reversal.sql:33: ERROR:  relation "public.receipts" does not exist
psql:/home/z/my-project/Costpro/supabase/migrations/20260726000005_v2_2_accounting_flow_reversal.sql:34: ERROR:  relation "public.receipts" does not exist
psql:/home/z/my-project/Costpro/supabase/migrations/20260726000005_v2_2_accounting_flow_reversal.sql:35: ERROR:  relation "public.receipts" does not exist
psql:/home/z/my-project/Costpro/supabase/migrations/20260726000005_v2_2_accounting_flow_reversal.sql:36: ERROR:  relation "public.receipts" does not exist
psql:/home/z/my-project/Costpro/supabase/migrations/20260726000005_v2_2_accounting_flow_reversal.sql:37: ERROR:  relation "public.receipts" does not exist
psql:/home/z/my-project/Costpro/supabase/migrations/20260726000005_v2_2_accounting_flow_reversal.sql:42: ERROR:  relation "public.transfers" does not exist
psql:/home/z/my-project/Costpro/supabase/migrations/20260726000005_v2_2_accounting_flow_reversal.sql:43: ERROR:  relation "public.transfers" does not exist
psql:/home/z/my-project/Costpro/supabase/migrations/20260726000005_v2_2_accounting_flow_reversal.sql:44: ERROR:  relation "public.transfers" does not exist
psql:/home/z/my-project/Costpro/supabase/migrations/20260726000005_v2_2_accounting_flow_reversal.sql:45: ERROR:  relation "public.transfers" does not exist
psql:/home/z/my-project/Costpro/supabase/migrations/20260726000005_v2_2_accounting_flow_reversal.sql:46: ERROR:  relation "public.transfers" does not exist
psql:/home/z/my-project/Costpro/supabase/migrations/20260726000005_v2_2_accounting_flow_reversal.sql:49: ERROR:  type "public.transaction_status" does not exist
psql:/home/z/my-project/Costpro/supabase/migrations/20260726000005_v2_2_accounting_flow_reversal.sql:51: ERROR:  relation "public.transactions" does not exist
psql:/home/z/my-project/Costpro/supabase/migrations/20260726000005_v2_2_accounting_flow_reversal.sql:52: ERROR:  relation "public.transactions" does not exist
psql:/home/z/my-project/Costpro/supabase/migrations/20260726000005_v2_2_accounting_flow_reversal.sql:53: ERROR:  relation "public.transactions" does not exist
psql:/home/z/my-project/Costpro/supabase/migrations/20260726000005_v2_2_accounting_flow_reversal.sql:54: ERROR:  relation "public.transactions" does not exist
psql:/home/z/my-project/Costpro/supabase/migrations/20260726000005_v2_2_accounting_flow_reversal.sql:57: ERROR:  relation "public.inventory_adjustments" does not exist
psql:/home/z/my-project/Costpro/supabase/migrations/20260726000005_v2_2_accounting_flow_reversal.sql:58: ERROR:  relation "public.inventory_adjustments" does not exist
psql:/home/z/my-project/Costpro/supabase/migrations/20260726000005_v2_2_accounting_flow_reversal.sql:59: ERROR:  relation "public.inventory_adjustments" does not exist
psql:/home/z/my-project/Costpro/supabase/migrations/20260726000005_v2_2_accounting_flow_reversal.sql:60: ERROR:  relation "public.inventory_adjustments" does not exist
psql:/home/z/my-project/Costpro/supabase/migrations/20260726000005_v2_2_accounting_flow_reversal.sql:61: ERROR:  relation "public.inventory_adjustments" does not exist
psql:/home/z/my-project/Costpro/supabase/migrations/20260726000005_v2_2_accounting_flow_reversal.sql:62: ERROR:  relation "public.inventory_adjustments" does not exist
psql:/home/z/my-project/Costpro/supabase/migrations/20260726000005_v2_2_accounting_flow_reversal.sql:63: ERROR:  relation "public.inventory_adjustments" does not exist
psql:/home/z/my-project/Costpro/supabase/migrations/20260726000005_v2_2_accounting_flow_reversal.sql:65: ERROR:  relation "public.inventory_adjustments" does not exist
psql:/home/z/my-project/Costpro/supabase/migrations/20260726000005_v2_2_accounting_flow_reversal.sql:68: ERROR:  relation "public.production_orders" does not exist
psql:/home/z/my-project/Costpro/supabase/migrations/20260726000005_v2_2_accounting_flow_reversal.sql:70: ERROR:  relation "public.production_orders" does not exist
psql:/home/z/my-project/Costpro/supabase/migrations/20260726000005_v2_2_accounting_flow_reversal.sql:72: ERROR:  relation "public.production_orders" does not exist
psql:/home/z/my-project/Costpro/supabase/migrations/20260726000005_v2_2_accounting_flow_reversal.sql:73: ERROR:  relation "public.production_orders" does not exist
psql:/home/z/my-project/Costpro/supabase/migrations/20260726000005_v2_2_accounting_flow_reversal.sql:74: ERROR:  relation "public.production_orders" does not exist
psql:/home/z/my-project/Costpro/supabase/migrations/20260726000005_v2_2_accounting_flow_reversal.sql:77: ERROR:  relation "public.devolutions" does not exist
psql:/home/z/my-project/Costpro/supabase/migrations/20260726000005_v2_2_accounting_flow_reversal.sql:79: ERROR:  relation "public.devolutions" does not exist
psql:/home/z/my-project/Costpro/supabase/migrations/20260726000005_v2_2_accounting_flow_reversal.sql:81: ERROR:  relation "public.devolutions" does not exist
psql:/home/z/my-project/Costpro/supabase/migrations/20260726000005_v2_2_accounting_flow_reversal.sql:82: ERROR:  relation "public.devolutions" does not exist
psql:/home/z/my-project/Costpro/supabase/migrations/20260726000005_v2_2_accounting_flow_reversal.sql:83: ERROR:  relation "public.devolutions" does not exist
psql:/home/z/my-project/Costpro/supabase/migrations/20260726000005_v2_2_accounting_flow_reversal.sql:392: ERROR:  relation "public.transactions" does not exist
psql:/home/z/my-project/Costpro/supabase/migrations/20260726000005_v2_2_accounting_flow_reversal.sql:393: ERROR:  relation "public.receipts" does not exist
psql:/home/z/my-project/Costpro/supabase/migrations/20260726000005_v2_2_accounting_flow_reversal.sql:394: ERROR:  relation "public.transfers" does not exist
psql:/home/z/my-project/Costpro/supabase/migrations/20260726000005_v2_2_accounting_flow_reversal.sql:395: ERROR:  relation "public.inventory_adjustments" does not exist
═══ 20260726000006_v2_3_production_reversal_and_validation.sql ═══
psql:/home/z/my-project/Costpro/supabase/migrations/20260726000006_v2_3_production_reversal_and_validation.sql:285: NOTICE:  relation "public.transactions" does not exist, skipping
psql:/home/z/my-project/Costpro/supabase/migrations/20260726000006_v2_3_production_reversal_and_validation.sql:289: ERROR:  relation "public.transactions" does not exist
psql:/home/z/my-project/Costpro/supabase/migrations/20260726000006_v2_3_production_reversal_and_validation.sql:291: NOTICE:  relation "public.receipts" does not exist, skipping
psql:/home/z/my-project/Costpro/supabase/migrations/20260726000006_v2_3_production_reversal_and_validation.sql:295: ERROR:  relation "public.receipts" does not exist
psql:/home/z/my-project/Costpro/supabase/migrations/20260726000006_v2_3_production_reversal_and_validation.sql:297: NOTICE:  relation "public.transfers" does not exist, skipping
psql:/home/z/my-project/Costpro/supabase/migrations/20260726000006_v2_3_production_reversal_and_validation.sql:301: ERROR:  relation "public.transfers" does not exist
psql:/home/z/my-project/Costpro/supabase/migrations/20260726000006_v2_3_production_reversal_and_validation.sql:303: NOTICE:  relation "public.devolutions" does not exist, skipping
psql:/home/z/my-project/Costpro/supabase/migrations/20260726000006_v2_3_production_reversal_and_validation.sql:307: ERROR:  relation "public.devolutions" does not exist
psql:/home/z/my-project/Costpro/supabase/migrations/20260726000006_v2_3_production_reversal_and_validation.sql:309: NOTICE:  relation "public.inventory_adjustments" does not exist, skipping
psql:/home/z/my-project/Costpro/supabase/migrations/20260726000006_v2_3_production_reversal_and_validation.sql:313: ERROR:  relation "public.inventory_adjustments" does not exist
psql:/home/z/my-project/Costpro/supabase/migrations/20260726000006_v2_3_production_reversal_and_validation.sql:315: NOTICE:  relation "public.production_orders" does not exist, skipping
psql:/home/z/my-project/Costpro/supabase/migrations/20260726000006_v2_3_production_reversal_and_validation.sql:319: ERROR:  relation "public.production_orders" does not exist
psql:/home/z/my-project/Costpro/supabase/migrations/20260726000006_v2_3_production_reversal_and_validation.sql:325: ERROR:  relation "public.production_orders" does not exist
psql:/home/z/my-project/Costpro/supabase/migrations/20260726000006_v2_3_production_reversal_and_validation.sql:331: ERROR:  relation "public.kardex_entries" does not exist
psql:/home/z/my-project/Costpro/supabase/migrations/20260726000006_v2_3_production_reversal_and_validation.sql:369: ERROR:  relation "public.transactions" does not exist
LINE 7: FROM public.transactions
             ^
psql:/home/z/my-project/Costpro/supabase/migrations/20260726000006_v2_3_production_reversal_and_validation.sql:372: ERROR:  relation "public.v_document_state_summary" does not exist
psql:/home/z/my-project/Costpro/supabase/migrations/20260726000006_v2_3_production_reversal_and_validation.sql:374: ERROR:  relation "public.v_document_state_summary" does not exist
═══ 20260726000009_v2_3_3_drop_legacy_po_trigger.sql ═══
psql:/home/z/my-project/Costpro/supabase/migrations/20260726000009_v2_3_3_drop_legacy_po_trigger.sql:15: NOTICE:  relation "public.production_orders" does not exist, skipping
psql:/home/z/my-project/Costpro/supabase/migrations/20260726000009_v2_3_3_drop_legacy_po_trigger.sql:22: ERROR:  relation "public.production_orders" does not exist
═══ 20260726000011_v2_5_audit_fixes.sql ═══
psql:/home/z/my-project/Costpro/supabase/migrations/20260726000011_v2_5_audit_fixes.sql:103: NOTICE:  function public.perform_inventory_adjustment(uuid,uuid,pg_catalog.numeric,text,uuid,pg_catalog.numeric,pg_catalog.timestamptz) does not exist, skipping
═══ 20260726000017_v2_6_h5_get_transferable_stores.sql ═══
psql:/home/z/my-project/Costpro/supabase/migrations/20260726000017_v2_6_h5_get_transferable_stores.sql:61: ERROR:  type "public.stores" does not exist
psql:/home/z/my-project/Costpro/supabase/migrations/20260726000017_v2_6_h5_get_transferable_stores.sql:63: ERROR:  function public.get_transferable_stores(uuid, uuid) does not exist
psql:/home/z/my-project/Costpro/supabase/migrations/20260726000017_v2_6_h5_get_transferable_stores.sql:64: ERROR:  function public.get_transferable_stores(uuid, uuid) does not exist
psql:/home/z/my-project/Costpro/supabase/migrations/20260726000017_v2_6_h5_get_transferable_stores.sql:67: ERROR:  function public.get_transferable_stores(uuid, uuid) does not exist
═══ 20260726000019_v2_8_unify_roles.sql ═══
psql:/home/z/my-project/Costpro/supabase/migrations/20260726000019_v2_8_unify_roles.sql:49: ERROR:  relation "public.profiles" does not exist
LINE 1: UPDATE public.profiles p
               ^
psql:/home/z/my-project/Costpro/supabase/migrations/20260726000019_v2_8_unify_roles.sql:73: NOTICE:  relation "public.profiles" does not exist, skipping
psql:/home/z/my-project/Costpro/supabase/migrations/20260726000019_v2_8_unify_roles.sql:77: ERROR:  relation "public.profiles" does not exist
psql:/home/z/my-project/Costpro/supabase/migrations/20260726000019_v2_8_unify_roles.sql:97: ERROR:  relation "public.profiles" does not exist
LINE 15: FROM public.profiles p
              ^
psql:/home/z/my-project/Costpro/supabase/migrations/20260726000019_v2_8_unify_roles.sql:100: ERROR:  relation "public.v_profiles_unified" does not exist
psql:/home/z/my-project/Costpro/supabase/migrations/20260726000019_v2_8_unify_roles.sql:102: ERROR:  relation "public.v_profiles_unified" does not exist
psql:/home/z/my-project/Costpro/supabase/migrations/20260726000019_v2_8_unify_roles.sql:107: ERROR:  relation "public.profiles" does not exist
psql:/home/z/my-project/Costpro/supabase/migrations/20260726000019_v2_8_unify_roles.sql:108: ERROR:  relation "public.profiles" does not exist
═══ 20260726000020_v2_9_h6_physical_count.sql ═══
psql:/home/z/my-project/Costpro/supabase/migrations/20260726000020_v2_9_h6_physical_count.sql:43: ERROR:  relation "public.stores" does not exist
psql:/home/z/my-project/Costpro/supabase/migrations/20260726000020_v2_9_h6_physical_count.sql:45: ERROR:  relation "public.physical_counts" does not exist
psql:/home/z/my-project/Costpro/supabase/migrations/20260726000020_v2_9_h6_physical_count.sql:46: ERROR:  relation "public.physical_counts" does not exist
psql:/home/z/my-project/Costpro/supabase/migrations/20260726000020_v2_9_h6_physical_count.sql:71: ERROR:  relation "public.physical_counts" does not exist
psql:/home/z/my-project/Costpro/supabase/migrations/20260726000020_v2_9_h6_physical_count.sql:73: ERROR:  relation "public.physical_count_items" does not exist
psql:/home/z/my-project/Costpro/supabase/migrations/20260726000020_v2_9_h6_physical_count.sql:74: ERROR:  relation "public.physical_count_items" does not exist
psql:/home/z/my-project/Costpro/supabase/migrations/20260726000020_v2_9_h6_physical_count.sql:97: NOTICE:  relation "public.physical_counts" does not exist, skipping
psql:/home/z/my-project/Costpro/supabase/migrations/20260726000020_v2_9_h6_physical_count.sql:101: ERROR:  relation "public.physical_counts" does not exist
psql:/home/z/my-project/Costpro/supabase/migrations/20260726000020_v2_9_h6_physical_count.sql:302: ERROR:  relation "public.physical_counts" does not exist
LINE 16: FROM public.physical_counts pc
              ^
psql:/home/z/my-project/Costpro/supabase/migrations/20260726000020_v2_9_h6_physical_count.sql:304: ERROR:  relation "public.v_physical_count_summary" does not exist
psql:/home/z/my-project/Costpro/supabase/migrations/20260726000020_v2_9_h6_physical_count.sql:309: ERROR:  relation "public.physical_counts" does not exist
psql:/home/z/my-project/Costpro/supabase/migrations/20260726000020_v2_9_h6_physical_count.sql:310: ERROR:  relation "public.physical_count_items" does not exist
psql:/home/z/my-project/Costpro/supabase/migrations/20260726000020_v2_9_h6_physical_count.sql:312: NOTICE:  relation "public.physical_counts" does not exist, skipping
psql:/home/z/my-project/Costpro/supabase/migrations/20260726000020_v2_9_h6_physical_count.sql:315: ERROR:  relation "public.physical_counts" does not exist
psql:/home/z/my-project/Costpro/supabase/migrations/20260726000020_v2_9_h6_physical_count.sql:317: NOTICE:  relation "public.physical_count_items" does not exist, skipping
psql:/home/z/my-project/Costpro/supabase/migrations/20260726000020_v2_9_h6_physical_count.sql:325: ERROR:  relation "public.physical_count_items" does not exist
═══ 20260726000021_v2_10_h7_transfer_approval.sql ═══
psql:/home/z/my-project/Costpro/supabase/migrations/20260726000021_v2_10_h7_transfer_approval.sql:23: NOTICE:  table "transfer_approval_rules" does not exist, skipping
psql:/home/z/my-project/Costpro/supabase/migrations/20260726000021_v2_10_h7_transfer_approval.sql:39: ERROR:  relation "public.stores" does not exist
psql:/home/z/my-project/Costpro/supabase/migrations/20260726000021_v2_10_h7_transfer_approval.sql:41: ERROR:  relation "public.transfer_approval_rules" does not exist
psql:/home/z/my-project/Costpro/supabase/migrations/20260726000021_v2_10_h7_transfer_approval.sql:42: ERROR:  relation "public.transfer_approval_rules" does not exist
psql:/home/z/my-project/Costpro/supabase/migrations/20260726000021_v2_10_h7_transfer_approval.sql:47: ERROR:  relation "public.transfers" does not exist
psql:/home/z/my-project/Costpro/supabase/migrations/20260726000021_v2_10_h7_transfer_approval.sql:48: ERROR:  relation "public.transfers" does not exist
psql:/home/z/my-project/Costpro/supabase/migrations/20260726000021_v2_10_h7_transfer_approval.sql:49: ERROR:  relation "public.transfers" does not exist
psql:/home/z/my-project/Costpro/supabase/migrations/20260726000021_v2_10_h7_transfer_approval.sql:50: ERROR:  relation "public.transfers" does not exist
psql:/home/z/my-project/Costpro/supabase/migrations/20260726000021_v2_10_h7_transfer_approval.sql:52: ERROR:  relation "public.transfers" does not exist
psql:/home/z/my-project/Costpro/supabase/migrations/20260726000021_v2_10_h7_transfer_approval.sql:53: ERROR:  relation "public.transfers" does not exist
psql:/home/z/my-project/Costpro/supabase/migrations/20260726000021_v2_10_h7_transfer_approval.sql:54: ERROR:  relation "public.transfers" does not exist
psql:/home/z/my-project/Costpro/supabase/migrations/20260726000021_v2_10_h7_transfer_approval.sql:368: ERROR:  relation "public.transfer_approval_rules" does not exist
psql:/home/z/my-project/Costpro/supabase/migrations/20260726000021_v2_10_h7_transfer_approval.sql:370: NOTICE:  relation "public.transfer_approval_rules" does not exist, skipping
psql:/home/z/my-project/Costpro/supabase/migrations/20260726000021_v2_10_h7_transfer_approval.sql:374: ERROR:  relation "public.transfer_approval_rules" does not exist
═══ 20260726000025_v2_10_4_check_stock_nonneg.sql ═══
psql:/home/z/my-project/Costpro/supabase/migrations/20260726000025_v2_10_4_check_stock_nonneg.sql:5: ERROR:  relation "public.products" does not exist
LINE 1: UPDATE public.products SET stock_current = 0 WHERE stock_cur...
               ^
psql:/home/z/my-project/Costpro/supabase/migrations/20260726000025_v2_10_4_check_stock_nonneg.sql:18: ERROR:  relation "public.products" does not exist
LINE 4:     AND conrelid = 'public.products'::regclass
                           ^
QUERY:  NOT EXISTS (
    SELECT 1 FROM pg_constraint
    WHERE conname = 'products_stock_current_check'
    AND conrelid = 'public.products'::regclass
  )
CONTEXT:  PL/pgSQL function inline_code_block line 3 at IF
═══ 20260726000026_v2_10_5_fix_create_sale_auth.sql ═══
psql:/home/z/my-project/Costpro/supabase/migrations/20260726000026_v2_10_5_fix_create_sale_auth.sql:83: NOTICE:  function public.create_sale(uuid,uuid,pg_catalog.numeric,jsonb,pg_catalog.numeric,text,pg_catalog.numeric,text,pg_catalog.numeric,jsonb,uuid,pg_catalog.timestamptz,pg_catalog.numeric,pg_catalog.numeric,text) does not exist, skipping
═══ 20260726000028_v2_11_1_fix_voided_check.sql ═══
psql:/home/z/my-project/Costpro/supabase/migrations/20260726000028_v2_11_1_fix_voided_check.sql:4: ERROR:  relation "public.inventory_adjustments" does not exist
psql:/home/z/my-project/Costpro/supabase/migrations/20260726000028_v2_11_1_fix_voided_check.sql:6: ERROR:  relation "public.inventory_adjustments" does not exist
═══ 20260726000032_v2_12_critical_fixes.sql ═══
psql:/home/z/my-project/Costpro/supabase/migrations/20260726000032_v2_12_critical_fixes.sql:168: NOTICE:  relation "public.products" does not exist, skipping
psql:/home/z/my-project/Costpro/supabase/migrations/20260726000032_v2_12_critical_fixes.sql:175: ERROR:  relation "public.products" does not exist
psql:/home/z/my-project/Costpro/supabase/migrations/20260726000032_v2_12_critical_fixes.sql:180: NOTICE:  relation "public.products" does not exist, skipping
═══ 20260726000033_v2_12_1_categories_table.sql ═══
psql:/home/z/my-project/Costpro/supabase/migrations/20260726000033_v2_12_1_categories_table.sql:5: ERROR:  relation "public.categories" does not exist
psql:/home/z/my-project/Costpro/supabase/migrations/20260726000033_v2_12_1_categories_table.sql:8: ERROR:  relation "public.categories" does not exist
psql:/home/z/my-project/Costpro/supabase/migrations/20260726000033_v2_12_1_categories_table.sql:9: ERROR:  relation "public.categories" does not exist
psql:/home/z/my-project/Costpro/supabase/migrations/20260726000033_v2_12_1_categories_table.sql:22: ERROR:  relation "public.categories" does not exist
LINE 1: INSERT INTO public.categories (store_id, name, is_active)
                    ^
psql:/home/z/my-project/Costpro/supabase/migrations/20260726000033_v2_12_1_categories_table.sql:34: ERROR:  relation "public.categories" does not exist
LINE 1: UPDATE public.categories c
               ^
psql:/home/z/my-project/Costpro/supabase/migrations/20260726000033_v2_12_1_categories_table.sql:37: ERROR:  relation "public.categories" does not exist
psql:/home/z/my-project/Costpro/supabase/migrations/20260726000033_v2_12_1_categories_table.sql:40: ERROR:  relation "public.categories" does not exist
psql:/home/z/my-project/Costpro/supabase/migrations/20260726000033_v2_12_1_categories_table.sql:41: NOTICE:  relation "public.categories" does not exist, skipping
psql:/home/z/my-project/Costpro/supabase/migrations/20260726000033_v2_12_1_categories_table.sql:44: ERROR:  relation "public.categories" does not exist
psql:/home/z/my-project/Costpro/supabase/migrations/20260726000033_v2_12_1_categories_table.sql:46: ERROR:  relation "public.categories" does not exist
═══ 20260726000034_v2_12_2_stock_reconciliation.sql ═══
psql:/home/z/my-project/Costpro/supabase/migrations/20260726000034_v2_12_2_stock_reconciliation.sql:107: ERROR:  relation "public.products" does not exist
LINE 10: FROM public.products p
              ^
psql:/home/z/my-project/Costpro/supabase/migrations/20260726000034_v2_12_2_stock_reconciliation.sql:109: ERROR:  relation "public.v_stock_discrepancies" does not exist
═══ 20260726000035_v2_12_3_multi_currency.sql ═══
psql:/home/z/my-project/Costpro/supabase/migrations/20260726000035_v2_12_3_multi_currency.sql:6: ERROR:  relation "public.devolutions" does not exist
psql:/home/z/my-project/Costpro/supabase/migrations/20260726000035_v2_12_3_multi_currency.sql:7: ERROR:  relation "public.devolutions" does not exist
psql:/home/z/my-project/Costpro/supabase/migrations/20260726000035_v2_12_3_multi_currency.sql:9: ERROR:  relation "public.devolutions" does not exist
psql:/home/z/my-project/Costpro/supabase/migrations/20260726000035_v2_12_3_multi_currency.sql:10: ERROR:  relation "public.devolutions" does not exist
psql:/home/z/my-project/Costpro/supabase/migrations/20260726000035_v2_12_3_multi_currency.sql:13: ERROR:  relation "public.inventory_adjustments" does not exist
psql:/home/z/my-project/Costpro/supabase/migrations/20260726000035_v2_12_3_multi_currency.sql:14: ERROR:  relation "public.inventory_adjustments" does not exist
psql:/home/z/my-project/Costpro/supabase/migrations/20260726000035_v2_12_3_multi_currency.sql:16: ERROR:  relation "public.inventory_adjustments" does not exist
psql:/home/z/my-project/Costpro/supabase/migrations/20260726000035_v2_12_3_multi_currency.sql:17: ERROR:  relation "public.inventory_adjustments" does not exist
psql:/home/z/my-project/Costpro/supabase/migrations/20260726000035_v2_12_3_multi_currency.sql:20: ERROR:  relation "public.production_orders" does not exist
psql:/home/z/my-project/Costpro/supabase/migrations/20260726000035_v2_12_3_multi_currency.sql:21: ERROR:  relation "public.production_orders" does not exist
psql:/home/z/my-project/Costpro/supabase/migrations/20260726000035_v2_12_3_multi_currency.sql:23: ERROR:  relation "public.production_orders" does not exist
psql:/home/z/my-project/Costpro/supabase/migrations/20260726000035_v2_12_3_multi_currency.sql:24: ERROR:  relation "public.production_orders" does not exist
═══ 20260731000001_v2_12_32_fix_ot_bugs.sql ═══
psql:/home/z/my-project/Costpro/supabase/migrations/20260731000001_v2_12_32_fix_ot_bugs.sql:26: ERROR:  relation "public.transactions" does not exist
psql:/home/z/my-project/Costpro/supabase/migrations/20260731000001_v2_12_32_fix_ot_bugs.sql:28: ERROR:  relation "public.transactions" does not exist
psql:/home/z/my-project/Costpro/supabase/migrations/20260731000001_v2_12_32_fix_ot_bugs.sql:29: ERROR:  relation "public.transactions" does not exist
psql:/home/z/my-project/Costpro/supabase/migrations/20260731000001_v2_12_32_fix_ot_bugs.sql:30: ERROR:  relation "public.transactions" does not exist
═══ 20260731000003_v2_12_34_exceso_fields.sql ═══
psql:/home/z/my-project/Costpro/supabase/migrations/20260731000003_v2_12_34_exceso_fields.sql:7: ERROR:  relation "public.production_order_items" does not exist
psql:/home/z/my-project/Costpro/supabase/migrations/20260731000003_v2_12_34_exceso_fields.sql:9: ERROR:  relation "public.production_order_items" does not exist
psql:/home/z/my-project/Costpro/supabase/migrations/20260731000003_v2_12_34_exceso_fields.sql:10: ERROR:  relation "public.production_order_items" does not exist
psql:/home/z/my-project/Costpro/supabase/migrations/20260731000003_v2_12_34_exceso_fields.sql:11: ERROR:  relation "public.production_order_items" does not exist
psql:/home/z/my-project/Costpro/supabase/migrations/20260731000003_v2_12_34_exceso_fields.sql:12: ERROR:  relation "public.production_order_items" does not exist
═══ 20260801000001_v2_12_37_fix_e2e_bugs.sql ═══
psql:/home/z/my-project/Costpro/supabase/migrations/20260801000001_v2_12_37_fix_e2e_bugs.sql:300: NOTICE:  function public.get_cash_report(uuid,timestamptz,timestamptz,pg_catalog.bool) does not exist, skipping
═══ 20260802000001_v2_12_41_fase0_remediacion.sql ═══
psql:/home/z/my-project/Costpro/supabase/migrations/20260802000001_v2_12_41_fase0_remediacion.sql:535: NOTICE:  relation "public.production_orders" does not exist, skipping
psql:/home/z/my-project/Costpro/supabase/migrations/20260802000001_v2_12_41_fase0_remediacion.sql:536: NOTICE:  relation "public.production_orders" does not exist, skipping
psql:/home/z/my-project/Costpro/supabase/migrations/20260802000001_v2_12_41_fase0_remediacion.sql:537: NOTICE:  relation "public.production_orders" does not exist, skipping
psql:/home/z/my-project/Costpro/supabase/migrations/20260802000001_v2_12_41_fase0_remediacion.sql:538: NOTICE:  relation "public.production_orders" does not exist, skipping
psql:/home/z/my-project/Costpro/supabase/migrations/20260802000001_v2_12_41_fase0_remediacion.sql:540: NOTICE:  relation "public.production_order_items" does not exist, skipping
psql:/home/z/my-project/Costpro/supabase/migrations/20260802000001_v2_12_41_fase0_remediacion.sql:541: NOTICE:  relation "public.production_order_items" does not exist, skipping
psql:/home/z/my-project/Costpro/supabase/migrations/20260802000001_v2_12_41_fase0_remediacion.sql:542: NOTICE:  relation "public.production_order_items" does not exist, skipping
psql:/home/z/my-project/Costpro/supabase/migrations/20260802000001_v2_12_41_fase0_remediacion.sql:543: NOTICE:  relation "public.production_order_items" does not exist, skipping
psql:/home/z/my-project/Costpro/supabase/migrations/20260802000001_v2_12_41_fase0_remediacion.sql:546: NOTICE:  relation "public.production_orders" does not exist, skipping
psql:/home/z/my-project/Costpro/supabase/migrations/20260802000001_v2_12_41_fase0_remediacion.sql:547: NOTICE:  relation "public.production_orders" does not exist, skipping
psql:/home/z/my-project/Costpro/supabase/migrations/20260802000001_v2_12_41_fase0_remediacion.sql:548: NOTICE:  relation "public.production_orders" does not exist, skipping
psql:/home/z/my-project/Costpro/supabase/migrations/20260802000001_v2_12_41_fase0_remediacion.sql:549: NOTICE:  relation "public.production_orders" does not exist, skipping
psql:/home/z/my-project/Costpro/supabase/migrations/20260802000001_v2_12_41_fase0_remediacion.sql:550: NOTICE:  relation "public.production_order_items" does not exist, skipping
psql:/home/z/my-project/Costpro/supabase/migrations/20260802000001_v2_12_41_fase0_remediacion.sql:551: NOTICE:  relation "public.production_order_items" does not exist, skipping
psql:/home/z/my-project/Costpro/supabase/migrations/20260802000001_v2_12_41_fase0_remediacion.sql:552: NOTICE:  relation "public.production_order_items" does not exist, skipping
psql:/home/z/my-project/Costpro/supabase/migrations/20260802000001_v2_12_41_fase0_remediacion.sql:553: NOTICE:  relation "public.production_order_items" does not exist, skipping
psql:/home/z/my-project/Costpro/supabase/migrations/20260802000001_v2_12_41_fase0_remediacion.sql:559: ERROR:  relation "public.production_orders" does not exist
psql:/home/z/my-project/Costpro/supabase/migrations/20260802000001_v2_12_41_fase0_remediacion.sql:564: ERROR:  relation "public.production_orders" does not exist
psql:/home/z/my-project/Costpro/supabase/migrations/20260802000001_v2_12_41_fase0_remediacion.sql:569: ERROR:  relation "public.production_orders" does not exist
psql:/home/z/my-project/Costpro/supabase/migrations/20260802000001_v2_12_41_fase0_remediacion.sql:574: ERROR:  relation "public.production_orders" does not exist
psql:/home/z/my-project/Costpro/supabase/migrations/20260802000001_v2_12_41_fase0_remediacion.sql:584: ERROR:  relation "public.production_order_items" does not exist
psql:/home/z/my-project/Costpro/supabase/migrations/20260802000001_v2_12_41_fase0_remediacion.sql:593: ERROR:  relation "public.production_order_items" does not exist
psql:/home/z/my-project/Costpro/supabase/migrations/20260802000001_v2_12_41_fase0_remediacion.sql:602: ERROR:  relation "public.production_order_items" does not exist
psql:/home/z/my-project/Costpro/supabase/migrations/20260802000001_v2_12_41_fase0_remediacion.sql:611: ERROR:  relation "public.production_order_items" does not exist
psql:/home/z/my-project/Costpro/supabase/migrations/20260802000001_v2_12_41_fase0_remediacion.sql:617: ERROR:  relation "public.store_reset_snapshots" does not exist
psql:/home/z/my-project/Costpro/supabase/migrations/20260802000001_v2_12_41_fase0_remediacion.sql:621: ERROR:  relation "public.store_reset_snapshots" does not exist
═══ 20260802000002_v2_12_42_transfer_remediation.sql ═══
psql:/home/z/my-project/Costpro/supabase/migrations/20260802000002_v2_12_42_transfer_remediation.sql:39: ERROR:  relation "public.stores" does not exist
psql:/home/z/my-project/Costpro/supabase/migrations/20260802000002_v2_12_42_transfer_remediation.sql:42: ERROR:  relation "public.inventory_reservations" does not exist
psql:/home/z/my-project/Costpro/supabase/migrations/20260802000002_v2_12_42_transfer_remediation.sql:45: ERROR:  relation "public.inventory_reservations" does not exist
psql:/home/z/my-project/Costpro/supabase/migrations/20260802000002_v2_12_42_transfer_remediation.sql:47: ERROR:  relation "public.inventory_reservations" does not exist
psql:/home/z/my-project/Costpro/supabase/migrations/20260802000002_v2_12_42_transfer_remediation.sql:51: ERROR:  relation "public.inventory_reservations" does not exist
psql:/home/z/my-project/Costpro/supabase/migrations/20260802000002_v2_12_42_transfer_remediation.sql:54: ERROR:  relation "public.inventory_reservations" does not exist
psql:/home/z/my-project/Costpro/supabase/migrations/20260802000002_v2_12_42_transfer_remediation.sql:72: ERROR:  relation "public.products" does not exist
LINE 16: FROM public.products p;
              ^
psql:/home/z/my-project/Costpro/supabase/migrations/20260802000002_v2_12_42_transfer_remediation.sql:79: ERROR:  relation "public.transfer_items" does not exist
psql:/home/z/my-project/Costpro/supabase/migrations/20260802000002_v2_12_42_transfer_remediation.sql:82: ERROR:  relation "public.transfer_items" does not exist
psql:/home/z/my-project/Costpro/supabase/migrations/20260802000002_v2_12_42_transfer_remediation.sql:88: NOTICE:  relation "public.transfer_items" does not exist, skipping
psql:/home/z/my-project/Costpro/supabase/migrations/20260802000002_v2_12_42_transfer_remediation.sql:89: NOTICE:  relation "public.transfer_items" does not exist, skipping
psql:/home/z/my-project/Costpro/supabase/migrations/20260802000002_v2_12_42_transfer_remediation.sql:98: ERROR:  relation "public.transfer_items" does not exist
psql:/home/z/my-project/Costpro/supabase/migrations/20260802000002_v2_12_42_transfer_remediation.sql:107: ERROR:  relation "public.transfer_items" does not exist
═══ 20260802000006_v2_12_45_backup_registry.sql ═══
psql:/home/z/my-project/Costpro/supabase/migrations/20260802000006_v2_12_45_backup_registry.sql:102: ERROR:  relation "public.stores" does not exist
psql:/home/z/my-project/Costpro/supabase/migrations/20260802000006_v2_12_45_backup_registry.sql:105: ERROR:  current transaction is aborted, commands ignored until end of transaction block
psql:/home/z/my-project/Costpro/supabase/migrations/20260802000006_v2_12_45_backup_registry.sql:109: ERROR:  current transaction is aborted, commands ignored until end of transaction block
psql:/home/z/my-project/Costpro/supabase/migrations/20260802000006_v2_12_45_backup_registry.sql:112: ERROR:  current transaction is aborted, commands ignored until end of transaction block
psql:/home/z/my-project/Costpro/supabase/migrations/20260802000006_v2_12_45_backup_registry.sql:175: ERROR:  current transaction is aborted, commands ignored until end of transaction block
psql:/home/z/my-project/Costpro/supabase/migrations/20260802000006_v2_12_45_backup_registry.sql:178: ERROR:  current transaction is aborted, commands ignored until end of transaction block
psql:/home/z/my-project/Costpro/supabase/migrations/20260802000006_v2_12_45_backup_registry.sql:213: ERROR:  current transaction is aborted, commands ignored until end of transaction block
psql:/home/z/my-project/Costpro/supabase/migrations/20260802000006_v2_12_45_backup_registry.sql:216: ERROR:  current transaction is aborted, commands ignored until end of transaction block
psql:/home/z/my-project/Costpro/supabase/migrations/20260802000006_v2_12_45_backup_registry.sql:265: ERROR:  current transaction is aborted, commands ignored until end of transaction block
psql:/home/z/my-project/Costpro/supabase/migrations/20260802000006_v2_12_45_backup_registry.sql:268: ERROR:  current transaction is aborted, commands ignored until end of transaction block
psql:/home/z/my-project/Costpro/supabase/migrations/20260802000006_v2_12_45_backup_registry.sql:330: ERROR:  current transaction is aborted, commands ignored until end of transaction block
psql:/home/z/my-project/Costpro/supabase/migrations/20260802000006_v2_12_45_backup_registry.sql:333: ERROR:  current transaction is aborted, commands ignored until end of transaction block
psql:/home/z/my-project/Costpro/supabase/migrations/20260802000006_v2_12_45_backup_registry.sql:339: ERROR:  current transaction is aborted, commands ignored until end of transaction block
psql:/home/z/my-project/Costpro/supabase/migrations/20260802000006_v2_12_45_backup_registry.sql:340: ERROR:  current transaction is aborted, commands ignored until end of transaction block
psql:/home/z/my-project/Costpro/supabase/migrations/20260802000006_v2_12_45_backup_registry.sql:344: ERROR:  current transaction is aborted, commands ignored until end of transaction block
psql:/home/z/my-project/Costpro/supabase/migrations/20260802000006_v2_12_45_backup_registry.sql:346: ERROR:  current transaction is aborted, commands ignored until end of transaction block
psql:/home/z/my-project/Costpro/supabase/migrations/20260802000006_v2_12_45_backup_registry.sql:348: ERROR:  current transaction is aborted, commands ignored until end of transaction block
psql:/home/z/my-project/Costpro/supabase/migrations/20260802000006_v2_12_45_backup_registry.sql:362: ERROR:  current transaction is aborted, commands ignored until end of transaction block
psql:/home/z/my-project/Costpro/supabase/migrations/20260802000006_v2_12_45_backup_registry.sql:365: ERROR:  current transaction is aborted, commands ignored until end of transaction block
psql:/home/z/my-project/Costpro/supabase/migrations/20260802000006_v2_12_45_backup_registry.sql:369: ERROR:  current transaction is aborted, commands ignored until end of transaction block
psql:/home/z/my-project/Costpro/supabase/migrations/20260802000006_v2_12_45_backup_registry.sql:386: ERROR:  current transaction is aborted, commands ignored until end of transaction block
psql:/home/z/my-project/Costpro/supabase/migrations/20260802000006_v2_12_45_backup_registry.sql:389: ERROR:  current transaction is aborted, commands ignored until end of transaction block
psql:/home/z/my-project/Costpro/supabase/migrations/20260802000006_v2_12_45_backup_registry.sql:392: ERROR:  current transaction is aborted, commands ignored until end of transaction block
psql:/home/z/my-project/Costpro/supabase/migrations/20260802000006_v2_12_45_backup_registry.sql:395: ERROR:  current transaction is aborted, commands ignored until end of transaction block
psql:/home/z/my-project/Costpro/supabase/migrations/20260802000006_v2_12_45_backup_registry.sql:398: ERROR:  current transaction is aborted, commands ignored until end of transaction block
psql:/home/z/my-project/Costpro/supabase/migrations/20260802000006_v2_12_45_backup_registry.sql:401: ERROR:  current transaction is aborted, commands ignored until end of transaction block
psql:/home/z/my-project/Costpro/supabase/migrations/20260802000006_v2_12_45_backup_registry.sql:404: ERROR:  current transaction is aborted, commands ignored until end of transaction block
psql:/home/z/my-project/Costpro/supabase/migrations/20260802000006_v2_12_45_backup_registry.sql:407: ERROR:  current transaction is aborted, commands ignored until end of transaction block
psql:/home/z/my-project/Costpro/supabase/migrations/20260802000006_v2_12_45_backup_registry.sql:410: ERROR:  current transaction is aborted, commands ignored until end of transaction block
psql:/home/z/my-project/Costpro/supabase/migrations/20260802000006_v2_12_45_backup_registry.sql:413: ERROR:  current transaction is aborted, commands ignored until end of transaction block
psql:/home/z/my-project/Costpro/supabase/migrations/20260802000006_v2_12_45_backup_registry.sql:416: ERROR:  current transaction is aborted, commands ignored until end of transaction block
psql:/home/z/my-project/Costpro/supabase/migrations/20260802000006_v2_12_45_backup_registry.sql:419: ERROR:  current transaction is aborted, commands ignored until end of transaction block
psql:/home/z/my-project/Costpro/supabase/migrations/20260802000006_v2_12_45_backup_registry.sql:422: ERROR:  current transaction is aborted, commands ignored until end of transaction block
psql:/home/z/my-project/Costpro/supabase/migrations/20260802000006_v2_12_45_backup_registry.sql:425: ERROR:  current transaction is aborted, commands ignored until end of transaction block
psql:/home/z/my-project/Costpro/supabase/migrations/20260802000006_v2_12_45_backup_registry.sql:428: ERROR:  current transaction is aborted, commands ignored until end of transaction block
psql:/home/z/my-project/Costpro/supabase/migrations/20260802000006_v2_12_45_backup_registry.sql:431: ERROR:  current transaction is aborted, commands ignored until end of transaction block
psql:/home/z/my-project/Costpro/supabase/migrations/20260802000006_v2_12_45_backup_registry.sql:434: ERROR:  current transaction is aborted, commands ignored until end of transaction block
psql:/home/z/my-project/Costpro/supabase/migrations/20260802000006_v2_12_45_backup_registry.sql:437: ERROR:  current transaction is aborted, commands ignored until end of transaction block
psql:/home/z/my-project/Costpro/supabase/migrations/20260802000006_v2_12_45_backup_registry.sql:440: ERROR:  current transaction is aborted, commands ignored until end of transaction block
psql:/home/z/my-project/Costpro/supabase/migrations/20260802000006_v2_12_45_backup_registry.sql:443: ERROR:  current transaction is aborted, commands ignored until end of transaction block
psql:/home/z/my-project/Costpro/supabase/migrations/20260802000006_v2_12_45_backup_registry.sql:446: ERROR:  current transaction is aborted, commands ignored until end of transaction block
psql:/home/z/my-project/Costpro/supabase/migrations/20260802000006_v2_12_45_backup_registry.sql:449: ERROR:  current transaction is aborted, commands ignored until end of transaction block
psql:/home/z/my-project/Costpro/supabase/migrations/20260802000006_v2_12_45_backup_registry.sql:452: ERROR:  current transaction is aborted, commands ignored until end of transaction block
psql:/home/z/my-project/Costpro/supabase/migrations/20260802000006_v2_12_45_backup_registry.sql:455: ERROR:  current transaction is aborted, commands ignored until end of transaction block
psql:/home/z/my-project/Costpro/supabase/migrations/20260802000006_v2_12_45_backup_registry.sql:458: ERROR:  current transaction is aborted, commands ignored until end of transaction block
psql:/home/z/my-project/Costpro/supabase/migrations/20260802000006_v2_12_45_backup_registry.sql:461: ERROR:  current transaction is aborted, commands ignored until end of transaction block
psql:/home/z/my-project/Costpro/supabase/migrations/20260802000006_v2_12_45_backup_registry.sql:464: ERROR:  current transaction is aborted, commands ignored until end of transaction block
psql:/home/z/my-project/Costpro/supabase/migrations/20260802000006_v2_12_45_backup_registry.sql:467: ERROR:  current transaction is aborted, commands ignored until end of transaction block
psql:/home/z/my-project/Costpro/supabase/migrations/20260802000006_v2_12_45_backup_registry.sql:470: ERROR:  current transaction is aborted, commands ignored until end of transaction block
psql:/home/z/my-project/Costpro/supabase/migrations/20260802000006_v2_12_45_backup_registry.sql:473: ERROR:  current transaction is aborted, commands ignored until end of transaction block
psql:/home/z/my-project/Costpro/supabase/migrations/20260802000006_v2_12_45_backup_registry.sql:476: ERROR:  current transaction is aborted, commands ignored until end of transaction block
psql:/home/z/my-project/Costpro/supabase/migrations/20260802000006_v2_12_45_backup_registry.sql:479: ERROR:  current transaction is aborted, commands ignored until end of transaction block
psql:/home/z/my-project/Costpro/supabase/migrations/20260802000006_v2_12_45_backup_registry.sql:482: ERROR:  current transaction is aborted, commands ignored until end of transaction block
psql:/home/z/my-project/Costpro/supabase/migrations/20260802000006_v2_12_45_backup_registry.sql:485: ERROR:  current transaction is aborted, commands ignored until end of transaction block
psql:/home/z/my-project/Costpro/supabase/migrations/20260802000006_v2_12_45_backup_registry.sql:488: ERROR:  current transaction is aborted, commands ignored until end of transaction block
psql:/home/z/my-project/Costpro/supabase/migrations/20260802000006_v2_12_45_backup_registry.sql:491: ERROR:  current transaction is aborted, commands ignored until end of transaction block
psql:/home/z/my-project/Costpro/supabase/migrations/20260802000006_v2_12_45_backup_registry.sql:494: ERROR:  current transaction is aborted, commands ignored until end of transaction block
psql:/home/z/my-project/Costpro/supabase/migrations/20260802000006_v2_12_45_backup_registry.sql:497: ERROR:  current transaction is aborted, commands ignored until end of transaction block
psql:/home/z/my-project/Costpro/supabase/migrations/20260802000006_v2_12_45_backup_registry.sql:500: ERROR:  current transaction is aborted, commands ignored until end of transaction block
psql:/home/z/my-project/Costpro/supabase/migrations/20260802000006_v2_12_45_backup_registry.sql:503: ERROR:  current transaction is aborted, commands ignored until end of transaction block
psql:/home/z/my-project/Costpro/supabase/migrations/20260802000006_v2_12_45_backup_registry.sql:506: ERROR:  current transaction is aborted, commands ignored until end of transaction block
psql:/home/z/my-project/Costpro/supabase/migrations/20260802000006_v2_12_45_backup_registry.sql:509: ERROR:  current transaction is aborted, commands ignored until end of transaction block
psql:/home/z/my-project/Costpro/supabase/migrations/20260802000006_v2_12_45_backup_registry.sql:512: ERROR:  current transaction is aborted, commands ignored until end of transaction block
psql:/home/z/my-project/Costpro/supabase/migrations/20260802000006_v2_12_45_backup_registry.sql:515: ERROR:  current transaction is aborted, commands ignored until end of transaction block
psql:/home/z/my-project/Costpro/supabase/migrations/20260802000006_v2_12_45_backup_registry.sql:518: ERROR:  current transaction is aborted, commands ignored until end of transaction block
psql:/home/z/my-project/Costpro/supabase/migrations/20260802000006_v2_12_45_backup_registry.sql:521: ERROR:  current transaction is aborted, commands ignored until end of transaction block
psql:/home/z/my-project/Costpro/supabase/migrations/20260802000006_v2_12_45_backup_registry.sql:524: ERROR:  current transaction is aborted, commands ignored until end of transaction block
psql:/home/z/my-project/Costpro/supabase/migrations/20260802000006_v2_12_45_backup_registry.sql:527: ERROR:  current transaction is aborted, commands ignored until end of transaction block
psql:/home/z/my-project/Costpro/supabase/migrations/20260802000006_v2_12_45_backup_registry.sql:530: ERROR:  current transaction is aborted, commands ignored until end of transaction block
psql:/home/z/my-project/Costpro/supabase/migrations/20260802000006_v2_12_45_backup_registry.sql:533: ERROR:  current transaction is aborted, commands ignored until end of transaction block
psql:/home/z/my-project/Costpro/supabase/migrations/20260802000006_v2_12_45_backup_registry.sql:536: ERROR:  current transaction is aborted, commands ignored until end of transaction block
psql:/home/z/my-project/Costpro/supabase/migrations/20260802000006_v2_12_45_backup_registry.sql:539: ERROR:  current transaction is aborted, commands ignored until end of transaction block
psql:/home/z/my-project/Costpro/supabase/migrations/20260802000006_v2_12_45_backup_registry.sql:542: ERROR:  current transaction is aborted, commands ignored until end of transaction block
psql:/home/z/my-project/Costpro/supabase/migrations/20260802000006_v2_12_45_backup_registry.sql:545: ERROR:  current transaction is aborted, commands ignored until end of transaction block
psql:/home/z/my-project/Costpro/supabase/migrations/20260802000006_v2_12_45_backup_registry.sql:548: ERROR:  current transaction is aborted, commands ignored until end of transaction block
psql:/home/z/my-project/Costpro/supabase/migrations/20260802000006_v2_12_45_backup_registry.sql:551: ERROR:  current transaction is aborted, commands ignored until end of transaction block
psql:/home/z/my-project/Costpro/supabase/migrations/20260802000006_v2_12_45_backup_registry.sql:554: ERROR:  current transaction is aborted, commands ignored until end of transaction block
psql:/home/z/my-project/Costpro/supabase/migrations/20260802000006_v2_12_45_backup_registry.sql:557: ERROR:  current transaction is aborted, commands ignored until end of transaction block
psql:/home/z/my-project/Costpro/supabase/migrations/20260802000006_v2_12_45_backup_registry.sql:560: ERROR:  current transaction is aborted, commands ignored until end of transaction block
psql:/home/z/my-project/Costpro/supabase/migrations/20260802000006_v2_12_45_backup_registry.sql:563: ERROR:  current transaction is aborted, commands ignored until end of transaction block
psql:/home/z/my-project/Costpro/supabase/migrations/20260802000006_v2_12_45_backup_registry.sql:566: ERROR:  current transaction is aborted, commands ignored until end of transaction block
psql:/home/z/my-project/Costpro/supabase/migrations/20260802000006_v2_12_45_backup_registry.sql:569: ERROR:  current transaction is aborted, commands ignored until end of transaction block
psql:/home/z/my-project/Costpro/supabase/migrations/20260802000006_v2_12_45_backup_registry.sql:572: ERROR:  current transaction is aborted, commands ignored until end of transaction block
psql:/home/z/my-project/Costpro/supabase/migrations/20260802000006_v2_12_45_backup_registry.sql:575: ERROR:  current transaction is aborted, commands ignored until end of transaction block
psql:/home/z/my-project/Costpro/supabase/migrations/20260802000006_v2_12_45_backup_registry.sql:578: ERROR:  current transaction is aborted, commands ignored until end of transaction block
psql:/home/z/my-project/Costpro/supabase/migrations/20260802000006_v2_12_45_backup_registry.sql:581: ERROR:  current transaction is aborted, commands ignored until end of transaction block
psql:/home/z/my-project/Costpro/supabase/migrations/20260802000006_v2_12_45_backup_registry.sql:584: ERROR:  current transaction is aborted, commands ignored until end of transaction block
psql:/home/z/my-project/Costpro/supabase/migrations/20260802000006_v2_12_45_backup_registry.sql:587: ERROR:  current transaction is aborted, commands ignored until end of transaction block
psql:/home/z/my-project/Costpro/supabase/migrations/20260802000006_v2_12_45_backup_registry.sql:590: ERROR:  current transaction is aborted, commands ignored until end of transaction block
psql:/home/z/my-project/Costpro/supabase/migrations/20260802000006_v2_12_45_backup_registry.sql:593: ERROR:  current transaction is aborted, commands ignored until end of transaction block
psql:/home/z/my-project/Costpro/supabase/migrations/20260802000006_v2_12_45_backup_registry.sql:596: ERROR:  current transaction is aborted, commands ignored until end of transaction block
psql:/home/z/my-project/Costpro/supabase/migrations/20260802000006_v2_12_45_backup_registry.sql:599: ERROR:  current transaction is aborted, commands ignored until end of transaction block
psql:/home/z/my-project/Costpro/supabase/migrations/20260802000006_v2_12_45_backup_registry.sql:602: ERROR:  current transaction is aborted, commands ignored until end of transaction block
psql:/home/z/my-project/Costpro/supabase/migrations/20260802000006_v2_12_45_backup_registry.sql:605: ERROR:  current transaction is aborted, commands ignored until end of transaction block
psql:/home/z/my-project/Costpro/supabase/migrations/20260802000006_v2_12_45_backup_registry.sql:608: ERROR:  current transaction is aborted, commands ignored until end of transaction block
psql:/home/z/my-project/Costpro/supabase/migrations/20260802000006_v2_12_45_backup_registry.sql:611: ERROR:  current transaction is aborted, commands ignored until end of transaction block
psql:/home/z/my-project/Costpro/supabase/migrations/20260802000006_v2_12_45_backup_registry.sql:614: ERROR:  current transaction is aborted, commands ignored until end of transaction block
psql:/home/z/my-project/Costpro/supabase/migrations/20260802000006_v2_12_45_backup_registry.sql:617: ERROR:  current transaction is aborted, commands ignored until end of transaction block
psql:/home/z/my-project/Costpro/supabase/migrations/20260802000006_v2_12_45_backup_registry.sql:620: ERROR:  current transaction is aborted, commands ignored until end of transaction block
psql:/home/z/my-project/Costpro/supabase/migrations/20260802000006_v2_12_45_backup_registry.sql:623: ERROR:  current transaction is aborted, commands ignored until end of transaction block
psql:/home/z/my-project/Costpro/supabase/migrations/20260802000006_v2_12_45_backup_registry.sql:626: ERROR:  current transaction is aborted, commands ignored until end of transaction block
psql:/home/z/my-project/Costpro/supabase/migrations/20260802000006_v2_12_45_backup_registry.sql:629: ERROR:  current transaction is aborted, commands ignored until end of transaction block
psql:/home/z/my-project/Costpro/supabase/migrations/20260802000006_v2_12_45_backup_registry.sql:685: ERROR:  current transaction is aborted, commands ignored until end of transaction block
═══ 20260802000007_v2_12_46_restore_rpc_preview.sql ═══
psql:/home/z/my-project/Costpro/supabase/migrations/20260802000007_v2_12_46_restore_rpc_preview.sql:30: ERROR:  relation "public.restore_sessions" does not exist
psql:/home/z/my-project/Costpro/supabase/migrations/20260802000007_v2_12_46_restore_rpc_preview.sql:33: ERROR:  current transaction is aborted, commands ignored until end of transaction block
psql:/home/z/my-project/Costpro/supabase/migrations/20260802000007_v2_12_46_restore_rpc_preview.sql:35: ERROR:  current transaction is aborted, commands ignored until end of transaction block
psql:/home/z/my-project/Costpro/supabase/migrations/20260802000007_v2_12_46_restore_rpc_preview.sql:37: ERROR:  current transaction is aborted, commands ignored until end of transaction block
psql:/home/z/my-project/Costpro/supabase/migrations/20260802000007_v2_12_46_restore_rpc_preview.sql:39: ERROR:  current transaction is aborted, commands ignored until end of transaction block
psql:/home/z/my-project/Costpro/supabase/migrations/20260802000007_v2_12_46_restore_rpc_preview.sql:156: ERROR:  current transaction is aborted, commands ignored until end of transaction block
psql:/home/z/my-project/Costpro/supabase/migrations/20260802000007_v2_12_46_restore_rpc_preview.sql:159: ERROR:  current transaction is aborted, commands ignored until end of transaction block
psql:/home/z/my-project/Costpro/supabase/migrations/20260802000007_v2_12_46_restore_rpc_preview.sql:277: ERROR:  current transaction is aborted, commands ignored until end of transaction block
psql:/home/z/my-project/Costpro/supabase/migrations/20260802000007_v2_12_46_restore_rpc_preview.sql:280: ERROR:  current transaction is aborted, commands ignored until end of transaction block
psql:/home/z/my-project/Costpro/supabase/migrations/20260802000007_v2_12_46_restore_rpc_preview.sql:432: ERROR:  current transaction is aborted, commands ignored until end of transaction block
psql:/home/z/my-project/Costpro/supabase/migrations/20260802000007_v2_12_46_restore_rpc_preview.sql:435: ERROR:  current transaction is aborted, commands ignored until end of transaction block
psql:/home/z/my-project/Costpro/supabase/migrations/20260802000007_v2_12_46_restore_rpc_preview.sql:676: ERROR:  current transaction is aborted, commands ignored until end of transaction block
psql:/home/z/my-project/Costpro/supabase/migrations/20260802000007_v2_12_46_restore_rpc_preview.sql:679: ERROR:  current transaction is aborted, commands ignored until end of transaction block
psql:/home/z/my-project/Costpro/supabase/migrations/20260802000007_v2_12_46_restore_rpc_preview.sql:722: ERROR:  current transaction is aborted, commands ignored until end of transaction block
psql:/home/z/my-project/Costpro/supabase/migrations/20260802000007_v2_12_46_restore_rpc_preview.sql:725: ERROR:  current transaction is aborted, commands ignored until end of transaction block
psql:/home/z/my-project/Costpro/supabase/migrations/20260802000007_v2_12_46_restore_rpc_preview.sql:747: ERROR:  current transaction is aborted, commands ignored until end of transaction block
psql:/home/z/my-project/Costpro/supabase/migrations/20260802000007_v2_12_46_restore_rpc_preview.sql:750: ERROR:  current transaction is aborted, commands ignored until end of transaction block
psql:/home/z/my-project/Costpro/supabase/migrations/20260802000007_v2_12_46_restore_rpc_preview.sql:810: ERROR:  current transaction is aborted, commands ignored until end of transaction block
═══ 20260802000008_v2_12_47_restore_rpc_execute.sql ═══
psql:/home/z/my-project/Costpro/supabase/migrations/20260802000008_v2_12_47_restore_rpc_execute.sql:869: NOTICE:  Funciones trigger modificadas: 9 (esperadas: 9)
psql:/home/z/my-project/Costpro/supabase/migrations/20260802000008_v2_12_47_restore_rpc_execute.sql:869: NOTICE:  restore_store_backup: parámetro p_confirmation_token OK ✓
psql:/home/z/my-project/Costpro/supabase/migrations/20260802000008_v2_12_47_restore_rpc_execute.sql:869: NOTICE:  BR-2.2 verificación completa ✓
═══ 20260803000001_v2_13_1_audit_logs_lockdown.sql ═══
psql:/home/z/my-project/Costpro/supabase/migrations/20260803000001_v2_13_1_audit_logs_lockdown.sql:36: NOTICE:  relation "public.audit_logs" does not exist, skipping
psql:/home/z/my-project/Costpro/supabase/migrations/20260803000001_v2_13_1_audit_logs_lockdown.sql:43: ERROR:  relation "public.audit_logs" does not exist
psql:/home/z/my-project/Costpro/supabase/migrations/20260803000001_v2_13_1_audit_logs_lockdown.sql:46: ERROR:  relation "public.audit_logs" does not exist
═══ 20260803000002_v2_13_2_void_transaction_conversion_factor.sql ═══
psql:/home/z/my-project/Costpro/supabase/migrations/20260803000002_v2_13_2_void_transaction_conversion_factor.sql:124: NOTICE:  function public.create_sale(uuid,uuid,pg_catalog.numeric,jsonb,pg_catalog.numeric,text,pg_catalog.numeric,text,pg_catalog.numeric,jsonb,uuid,pg_catalog.timestamptz,pg_catalog.numeric,pg_catalog.numeric,text,text,pg_catalog.numeric,uuid,uuid) does not exist, skipping
psql:/home/z/my-project/Costpro/supabase/migrations/20260803000002_v2_13_2_void_transaction_conversion_factor.sql:243: ERROR:  function name "public.create_sale" is not unique
HINT:  Specify the argument list to select the function unambiguously.
psql:/home/z/my-project/Costpro/supabase/migrations/20260803000002_v2_13_2_void_transaction_conversion_factor.sql:244: ERROR:  function name "public.create_sale" is not unique
HINT:  Specify the argument list to select the function unambiguously.
psql:/home/z/my-project/Costpro/supabase/migrations/20260803000002_v2_13_2_void_transaction_conversion_factor.sql:245: ERROR:  function name "public.create_sale" is not unique
HINT:  Specify the argument list to select the function unambiguously.
psql:/home/z/my-project/Costpro/supabase/migrations/20260803000002_v2_13_2_void_transaction_conversion_factor.sql:248: ERROR:  function name "public.create_sale" is not unique
HINT:  Specify the argument list to select the function unambiguously.
═══ 20260803000003_v2_13_3_transactions_idempotency_unique.sql ═══
psql:/home/z/my-project/Costpro/supabase/migrations/20260803000003_v2_13_3_transactions_idempotency_unique.sql:26: ERROR:  relation "public.transactions" does not exist
psql:/home/z/my-project/Costpro/supabase/migrations/20260803000003_v2_13_3_transactions_idempotency_unique.sql:29: ERROR:  relation "public.transactions_idempotency_key_store_idx" does not exist
═══ 20260803000004_v2_13_4_create_sale_validate_op_date.sql ═══
psql:/home/z/my-project/Costpro/supabase/migrations/20260803000004_v2_13_4_create_sale_validate_op_date.sql:28: NOTICE:  function public.create_sale(uuid,uuid,pg_catalog.numeric,jsonb,pg_catalog.numeric,text,pg_catalog.numeric,text,pg_catalog.numeric,jsonb,uuid,pg_catalog.timestamptz,pg_catalog.numeric,pg_catalog.numeric,text,text,pg_catalog.numeric,uuid,uuid) does not exist, skipping
psql:/home/z/my-project/Costpro/supabase/migrations/20260803000004_v2_13_4_create_sale_validate_op_date.sql:152: ERROR:  function name "public.create_sale" is not unique
HINT:  Specify the argument list to select the function unambiguously.
psql:/home/z/my-project/Costpro/supabase/migrations/20260803000004_v2_13_4_create_sale_validate_op_date.sql:153: ERROR:  function name "public.create_sale" is not unique
HINT:  Specify the argument list to select the function unambiguously.
psql:/home/z/my-project/Costpro/supabase/migrations/20260803000004_v2_13_4_create_sale_validate_op_date.sql:154: ERROR:  function name "public.create_sale" is not unique
HINT:  Specify the argument list to select the function unambiguously.
psql:/home/z/my-project/Costpro/supabase/migrations/20260803000004_v2_13_4_create_sale_validate_op_date.sql:157: ERROR:  function name "public.create_sale" is not unique
HINT:  Specify the argument list to select the function unambiguously.
═══ 20260803000005_v2_13_5_stock_movements_immutable.sql ═══
psql:/home/z/my-project/Costpro/supabase/migrations/20260803000005_v2_13_5_stock_movements_immutable.sql:35: NOTICE:  relation "public.stock_movements" does not exist, skipping
psql:/home/z/my-project/Costpro/supabase/migrations/20260803000005_v2_13_5_stock_movements_immutable.sql:41: ERROR:  relation "public.stock_movements" does not exist
psql:/home/z/my-project/Costpro/supabase/migrations/20260803000005_v2_13_5_stock_movements_immutable.sql:45: NOTICE:  relation "public.stock_movements" does not exist, skipping
psql:/home/z/my-project/Costpro/supabase/migrations/20260803000005_v2_13_5_stock_movements_immutable.sql:48: ERROR:  relation "public.stock_movements" does not exist
psql:/home/z/my-project/Costpro/supabase/migrations/20260803000005_v2_13_5_stock_movements_immutable.sql:51: NOTICE:  relation "public.stock_movements" does not exist, skipping
psql:/home/z/my-project/Costpro/supabase/migrations/20260803000005_v2_13_5_stock_movements_immutable.sql:54: ERROR:  relation "public.stock_movements" does not exist
psql:/home/z/my-project/Costpro/supabase/migrations/20260803000005_v2_13_5_stock_movements_immutable.sql:57: NOTICE:  relation "public.stock_movements" does not exist, skipping
psql:/home/z/my-project/Costpro/supabase/migrations/20260803000005_v2_13_5_stock_movements_immutable.sql:60: ERROR:  relation "public.stock_movements" does not exist
psql:/home/z/my-project/Costpro/supabase/migrations/20260803000005_v2_13_5_stock_movements_immutable.sql:63: ERROR:  relation "public.stock_movements" does not exist
psql:/home/z/my-project/Costpro/supabase/migrations/20260803000005_v2_13_5_stock_movements_immutable.sql:65: ERROR:  relation "public.stock_movements" does not exist
psql:/home/z/my-project/Costpro/supabase/migrations/20260803000005_v2_13_5_stock_movements_immutable.sql:67: ERROR:  relation "public.stock_movements" does not exist
═══ 20260803000006_v2_13_6_inventory_reservations_expiry.sql ═══
psql:/home/z/my-project/Costpro/supabase/migrations/20260803000006_v2_13_6_inventory_reservations_expiry.sql:32: ERROR:  relation "public.inventory_reservations" does not exist
psql:/home/z/my-project/Costpro/supabase/migrations/20260803000006_v2_13_6_inventory_reservations_expiry.sql:35: ERROR:  relation "public.inventory_reservations" does not exist
═══ 20260803000007_v2_13_7_get_products_for_pos_limit.sql ═══
psql:/home/z/my-project/Costpro/supabase/migrations/20260803000007_v2_13_7_get_products_for_pos_limit.sql:25: NOTICE:  function public.get_products_for_pos(uuid,text,text,pg_catalog.int4,pg_catalog.int4) does not exist, skipping
═══ 20260803000008_v2_13_8_transaction_items_index.sql ═══
psql:/home/z/my-project/Costpro/supabase/migrations/20260803000008_v2_13_8_transaction_items_index.sql:20: ERROR:  relation "public.transaction_items" does not exist
psql:/home/z/my-project/Costpro/supabase/migrations/20260803000008_v2_13_8_transaction_items_index.sql:23: ERROR:  relation "public.transaction_items_transaction_id_idx" does not exist
═══ 20260803000009_v2_13_9_transfer_status_reversada.sql ═══
psql:/home/z/my-project/Costpro/supabase/migrations/20260803000009_v2_13_9_transfer_status_reversada.sql:26: NOTICE:  enum label "REVERSADA" already exists, skipping
═══ 20260805000001_v2_14_1_plan_enum.sql ═══
psql:/home/z/my-project/Costpro/supabase/migrations/20260805000001_v2_14_1_plan_enum.sql:35: ERROR:  relation "public.profiles" does not exist
psql:/home/z/my-project/Costpro/supabase/migrations/20260805000001_v2_14_1_plan_enum.sql:49: ERROR:  relation "public.profiles" does not exist
LINE 1: UPDATE public.profiles SET plan_new = CASE
               ^
psql:/home/z/my-project/Costpro/supabase/migrations/20260805000001_v2_14_1_plan_enum.sql:59: ERROR:  relation "public.profiles" does not exist
LINE 1: SELECT COUNT(*)                   FROM public.profiles WHERE...
                                               ^
QUERY:  SELECT COUNT(*)                   FROM public.profiles WHERE plan_new IS NULL
CONTEXT:  PL/pgSQL function inline_code_block line 4 at SQL statement
psql:/home/z/my-project/Costpro/supabase/migrations/20260805000001_v2_14_1_plan_enum.sql:62: ERROR:  relation "public.profiles" does not exist
psql:/home/z/my-project/Costpro/supabase/migrations/20260805000001_v2_14_1_plan_enum.sql:65: ERROR:  relation "public.profiles" does not exist
psql:/home/z/my-project/Costpro/supabase/migrations/20260805000001_v2_14_1_plan_enum.sql:70: ERROR:  relation "public.profiles" does not exist
psql:/home/z/my-project/Costpro/supabase/migrations/20260805000001_v2_14_1_plan_enum.sql:73: ERROR:  relation "public.profiles" does not exist
═══ 20260805000002_v2_14_2_profiles_soft_delete.sql ═══
psql:/home/z/my-project/Costpro/supabase/migrations/20260805000002_v2_14_2_profiles_soft_delete.sql:28: ERROR:  relation "public.profiles" does not exist
psql:/home/z/my-project/Costpro/supabase/migrations/20260805000002_v2_14_2_profiles_soft_delete.sql:37: ERROR:  relation "public.profiles" does not exist
CONTEXT:  SQL statement "ALTER TABLE public.profiles
    ADD CONSTRAINT profiles_deleted_by_fkey
    FOREIGN KEY (deleted_by) REFERENCES public.profiles(id)
    ON DELETE SET NULL"
PL/pgSQL function inline_code_block line 2 at SQL statement
psql:/home/z/my-project/Costpro/supabase/migrations/20260805000002_v2_14_2_profiles_soft_delete.sql:45: ERROR:  relation "public.profiles" does not exist
CONTEXT:  SQL statement "ALTER TABLE public.profiles
    ADD CONSTRAINT profiles_deleted_implies_inactive_check
    CHECK (deleted_at IS NULL OR is_active = false)"
PL/pgSQL function inline_code_block line 2 at SQL statement
psql:/home/z/my-project/Costpro/supabase/migrations/20260805000002_v2_14_2_profiles_soft_delete.sql:51: ERROR:  relation "public.profiles" does not exist
psql:/home/z/my-project/Costpro/supabase/migrations/20260805000002_v2_14_2_profiles_soft_delete.sql:54: NOTICE:  index "idx_profiles_email" does not exist, skipping
psql:/home/z/my-project/Costpro/supabase/migrations/20260805000002_v2_14_2_profiles_soft_delete.sql:67: NOTICE:  relation "public.profiles" does not exist, skipping
psql:/home/z/my-project/Costpro/supabase/migrations/20260805000002_v2_14_2_profiles_soft_delete.sql:70: ERROR:  relation "public.profiles" does not exist
psql:/home/z/my-project/Costpro/supabase/migrations/20260805000002_v2_14_2_profiles_soft_delete.sql:73: ERROR:  relation "public.profiles" does not exist
psql:/home/z/my-project/Costpro/supabase/migrations/20260805000002_v2_14_2_profiles_soft_delete.sql:75: ERROR:  relation "public.profiles" does not exist
psql:/home/z/my-project/Costpro/supabase/migrations/20260805000002_v2_14_2_profiles_soft_delete.sql:77: ERROR:  relation "public.profiles" does not exist
psql:/home/z/my-project/Costpro/supabase/migrations/20260805000002_v2_14_2_profiles_soft_delete.sql:79: ERROR:  relation "public.profiles_email_active_unique_idx" does not exist
═══ 20260805000003_v2_14_3_orphaned_users_log.sql ═══
psql:/home/z/my-project/Costpro/supabase/migrations/20260805000003_v2_14_3_orphaned_users_log.sql:26: ERROR:  relation "public.profiles" does not exist
psql:/home/z/my-project/Costpro/supabase/migrations/20260805000003_v2_14_3_orphaned_users_log.sql:37: NOTICE:  relation "public.orphaned_users_log" does not exist, skipping
psql:/home/z/my-project/Costpro/supabase/migrations/20260805000003_v2_14_3_orphaned_users_log.sql:40: ERROR:  relation "public.orphaned_users_log" does not exist
psql:/home/z/my-project/Costpro/supabase/migrations/20260805000003_v2_14_3_orphaned_users_log.sql:44: ERROR:  relation "public.orphaned_users_log" does not exist
psql:/home/z/my-project/Costpro/supabase/migrations/20260805000003_v2_14_3_orphaned_users_log.sql:47: ERROR:  relation "public.orphaned_users_log" does not exist
psql:/home/z/my-project/Costpro/supabase/migrations/20260805000003_v2_14_3_orphaned_users_log.sql:50: ERROR:  relation "public.orphaned_users_log" does not exist
psql:/home/z/my-project/Costpro/supabase/migrations/20260805000003_v2_14_3_orphaned_users_log.sql:52: NOTICE:  relation "public.orphaned_users_log" does not exist, skipping
psql:/home/z/my-project/Costpro/supabase/migrations/20260805000003_v2_14_3_orphaned_users_log.sql:55: ERROR:  relation "public.orphaned_users_log" does not exist
psql:/home/z/my-project/Costpro/supabase/migrations/20260805000003_v2_14_3_orphaned_users_log.sql:57: NOTICE:  relation "public.orphaned_users_log" does not exist, skipping
psql:/home/z/my-project/Costpro/supabase/migrations/20260805000003_v2_14_3_orphaned_users_log.sql:60: ERROR:  relation "public.orphaned_users_log" does not exist
psql:/home/z/my-project/Costpro/supabase/migrations/20260805000003_v2_14_3_orphaned_users_log.sql:62: NOTICE:  relation "public.orphaned_users_log" does not exist, skipping
psql:/home/z/my-project/Costpro/supabase/migrations/20260805000003_v2_14_3_orphaned_users_log.sql:66: ERROR:  relation "public.orphaned_users_log" does not exist
psql:/home/z/my-project/Costpro/supabase/migrations/20260805000003_v2_14_3_orphaned_users_log.sql:71: ERROR:  relation "public.orphaned_users_log" does not exist
═══ 20260805000004_v2_14_4_user_invitations.sql ═══
psql:/home/z/my-project/Costpro/supabase/migrations/20260805000004_v2_14_4_user_invitations.sql:27: ERROR:  type "public.user_role" does not exist
LINE 5:   role public.user_role NOT NULL DEFAULT 'clerk',
               ^
psql:/home/z/my-project/Costpro/supabase/migrations/20260805000004_v2_14_4_user_invitations.sql:38: NOTICE:  relation "public.user_invitations" does not exist, skipping
psql:/home/z/my-project/Costpro/supabase/migrations/20260805000004_v2_14_4_user_invitations.sql:41: ERROR:  relation "public.user_invitations" does not exist
psql:/home/z/my-project/Costpro/supabase/migrations/20260805000004_v2_14_4_user_invitations.sql:45: ERROR:  relation "public.user_invitations" does not exist
psql:/home/z/my-project/Costpro/supabase/migrations/20260805000004_v2_14_4_user_invitations.sql:48: ERROR:  relation "public.user_invitations" does not exist
psql:/home/z/my-project/Costpro/supabase/migrations/20260805000004_v2_14_4_user_invitations.sql:51: ERROR:  relation "public.user_invitations" does not exist
psql:/home/z/my-project/Costpro/supabase/migrations/20260805000004_v2_14_4_user_invitations.sql:54: ERROR:  relation "public.user_invitations" does not exist
psql:/home/z/my-project/Costpro/supabase/migrations/20260805000004_v2_14_4_user_invitations.sql:56: NOTICE:  relation "public.user_invitations" does not exist, skipping
psql:/home/z/my-project/Costpro/supabase/migrations/20260805000004_v2_14_4_user_invitations.sql:63: ERROR:  relation "public.user_invitations" does not exist
psql:/home/z/my-project/Costpro/supabase/migrations/20260805000004_v2_14_4_user_invitations.sql:65: NOTICE:  relation "public.user_invitations" does not exist, skipping
psql:/home/z/my-project/Costpro/supabase/migrations/20260805000004_v2_14_4_user_invitations.sql:71: ERROR:  relation "public.user_invitations" does not exist
psql:/home/z/my-project/Costpro/supabase/migrations/20260805000004_v2_14_4_user_invitations.sql:73: NOTICE:  relation "public.user_invitations" does not exist, skipping
psql:/home/z/my-project/Costpro/supabase/migrations/20260805000004_v2_14_4_user_invitations.sql:83: ERROR:  relation "public.user_invitations" does not exist
psql:/home/z/my-project/Costpro/supabase/migrations/20260805000004_v2_14_4_user_invitations.sql:86: ERROR:  relation "public.user_invitations" does not exist
═══ 20260805000006_v2_14_6_is_global_admin_doc.sql ═══
psql:/home/z/my-project/Costpro/supabase/migrations/20260805000006_v2_14_6_is_global_admin_doc.sql:18: ERROR:  function public.is_global_admin() does not exist
═══ 20260805000007_v2_14_7_managed_create_user_v2.sql ═══
psql:/home/z/my-project/Costpro/supabase/migrations/20260805000007_v2_14_7_managed_create_user_v2.sql:11: NOTICE:  function public.managed_create_user_v2() does not exist, skipping
psql:/home/z/my-project/Costpro/supabase/migrations/20260805000007_v2_14_7_managed_create_user_v2.sql:130: ERROR:  type public.user_role does not exist
psql:/home/z/my-project/Costpro/supabase/migrations/20260805000007_v2_14_7_managed_create_user_v2.sql:132: ERROR:  could not find a function named "public.managed_create_user_v2"
psql:/home/z/my-project/Costpro/supabase/migrations/20260805000007_v2_14_7_managed_create_user_v2.sql:133: ERROR:  could not find a function named "public.managed_create_user_v2"
psql:/home/z/my-project/Costpro/supabase/migrations/20260805000007_v2_14_7_managed_create_user_v2.sql:134: ERROR:  could not find a function named "public.managed_create_user_v2"
psql:/home/z/my-project/Costpro/supabase/migrations/20260805000007_v2_14_7_managed_create_user_v2.sql:137: ERROR:  could not find a function named "public.managed_create_user_v2"
═══ 20260805000008_v2_14_8_managed_update_user.sql ═══
psql:/home/z/my-project/Costpro/supabase/migrations/20260805000008_v2_14_8_managed_update_user.sql:11: NOTICE:  function public.managed_update_user() does not exist, skipping
psql:/home/z/my-project/Costpro/supabase/migrations/20260805000008_v2_14_8_managed_update_user.sql:104: ERROR:  type public.user_role does not exist
psql:/home/z/my-project/Costpro/supabase/migrations/20260805000008_v2_14_8_managed_update_user.sql:106: ERROR:  could not find a function named "public.managed_update_user"
psql:/home/z/my-project/Costpro/supabase/migrations/20260805000008_v2_14_8_managed_update_user.sql:107: ERROR:  could not find a function named "public.managed_update_user"
psql:/home/z/my-project/Costpro/supabase/migrations/20260805000008_v2_14_8_managed_update_user.sql:108: ERROR:  could not find a function named "public.managed_update_user"
psql:/home/z/my-project/Costpro/supabase/migrations/20260805000008_v2_14_8_managed_update_user.sql:111: ERROR:  could not find a function named "public.managed_update_user"
═══ 20260805000009_v2_14_9_managed_toggle_user_status.sql ═══
psql:/home/z/my-project/Costpro/supabase/migrations/20260805000009_v2_14_9_managed_toggle_user_status.sql:8: NOTICE:  function public.managed_toggle_user_status() does not exist, skipping
psql:/home/z/my-project/Costpro/supabase/migrations/20260805000009_v2_14_9_managed_toggle_user_status.sql:56: ERROR:  type "public.user_role" does not exist
LINE 14:   v_caller_role public.user_role;
                         ^
psql:/home/z/my-project/Costpro/supabase/migrations/20260805000009_v2_14_9_managed_toggle_user_status.sql:58: ERROR:  could not find a function named "public.managed_toggle_user_status"
psql:/home/z/my-project/Costpro/supabase/migrations/20260805000009_v2_14_9_managed_toggle_user_status.sql:59: ERROR:  could not find a function named "public.managed_toggle_user_status"
psql:/home/z/my-project/Costpro/supabase/migrations/20260805000009_v2_14_9_managed_toggle_user_status.sql:60: ERROR:  could not find a function named "public.managed_toggle_user_status"
psql:/home/z/my-project/Costpro/supabase/migrations/20260805000009_v2_14_9_managed_toggle_user_status.sql:63: ERROR:  could not find a function named "public.managed_toggle_user_status"
═══ 20260805000010_v2_14_10_managed_reset_password.sql ═══
psql:/home/z/my-project/Costpro/supabase/migrations/20260805000010_v2_14_10_managed_reset_password.sql:8: NOTICE:  function public.managed_reset_password() does not exist, skipping
psql:/home/z/my-project/Costpro/supabase/migrations/20260805000010_v2_14_10_managed_reset_password.sql:46: ERROR:  type "public.user_role" does not exist
LINE 12:   v_caller_role public.user_role;
                         ^
psql:/home/z/my-project/Costpro/supabase/migrations/20260805000010_v2_14_10_managed_reset_password.sql:48: ERROR:  could not find a function named "public.managed_reset_password"
psql:/home/z/my-project/Costpro/supabase/migrations/20260805000010_v2_14_10_managed_reset_password.sql:49: ERROR:  could not find a function named "public.managed_reset_password"
psql:/home/z/my-project/Costpro/supabase/migrations/20260805000010_v2_14_10_managed_reset_password.sql:50: ERROR:  could not find a function named "public.managed_reset_password"
psql:/home/z/my-project/Costpro/supabase/migrations/20260805000010_v2_14_10_managed_reset_password.sql:53: ERROR:  could not find a function named "public.managed_reset_password"
═══ 20260805000011_v2_14_11_managed_soft_delete_user.sql ═══
psql:/home/z/my-project/Costpro/supabase/migrations/20260805000011_v2_14_11_managed_soft_delete_user.sql:12: NOTICE:  function public.managed_soft_delete_user() does not exist, skipping
psql:/home/z/my-project/Costpro/supabase/migrations/20260805000011_v2_14_11_managed_soft_delete_user.sql:98: ERROR:  type "public.user_role" does not exist
LINE 14:   v_caller_role public.user_role;
                         ^
psql:/home/z/my-project/Costpro/supabase/migrations/20260805000011_v2_14_11_managed_soft_delete_user.sql:100: ERROR:  could not find a function named "public.managed_soft_delete_user"
psql:/home/z/my-project/Costpro/supabase/migrations/20260805000011_v2_14_11_managed_soft_delete_user.sql:101: ERROR:  could not find a function named "public.managed_soft_delete_user"
psql:/home/z/my-project/Costpro/supabase/migrations/20260805000011_v2_14_11_managed_soft_delete_user.sql:102: ERROR:  could not find a function named "public.managed_soft_delete_user"
psql:/home/z/my-project/Costpro/supabase/migrations/20260805000011_v2_14_11_managed_soft_delete_user.sql:105: ERROR:  could not find a function named "public.managed_soft_delete_user"
═══ 20260805000012_v2_14_12_managed_update_membership.sql ═══
psql:/home/z/my-project/Costpro/supabase/migrations/20260805000012_v2_14_12_managed_update_membership.sql:8: NOTICE:  function public.managed_update_membership() does not exist, skipping
psql:/home/z/my-project/Costpro/supabase/migrations/20260805000012_v2_14_12_managed_update_membership.sql:66: ERROR:  type public.user_role does not exist
psql:/home/z/my-project/Costpro/supabase/migrations/20260805000012_v2_14_12_managed_update_membership.sql:68: ERROR:  could not find a function named "public.managed_update_membership"
psql:/home/z/my-project/Costpro/supabase/migrations/20260805000012_v2_14_12_managed_update_membership.sql:69: ERROR:  could not find a function named "public.managed_update_membership"
psql:/home/z/my-project/Costpro/supabase/migrations/20260805000012_v2_14_12_managed_update_membership.sql:70: ERROR:  could not find a function named "public.managed_update_membership"
psql:/home/z/my-project/Costpro/supabase/migrations/20260805000012_v2_14_12_managed_update_membership.sql:73: ERROR:  could not find a function named "public.managed_update_membership"
═══ 20260805000013_v2_14_13_managed_revoke_membership.sql ═══
psql:/home/z/my-project/Costpro/supabase/migrations/20260805000013_v2_14_13_managed_revoke_membership.sql:8: NOTICE:  function public.managed_revoke_membership() does not exist, skipping
═══ 20260805000014_v2_14_14_detect_reconcile_orphans.sql ═══
psql:/home/z/my-project/Costpro/supabase/migrations/20260805000014_v2_14_14_detect_reconcile_orphans.sql:13: NOTICE:  function public.detect_orphan_users() does not exist, skipping
psql:/home/z/my-project/Costpro/supabase/migrations/20260805000014_v2_14_14_detect_reconcile_orphans.sql:67: NOTICE:  function public.reconcile_orphan_user() does not exist, skipping
═══ 20260805000015_v2_14_15_get_user_audit_history.sql ═══
psql:/home/z/my-project/Costpro/supabase/migrations/20260805000015_v2_14_15_get_user_audit_history.sql:8: NOTICE:  function public.get_user_audit_history() does not exist, skipping
═══ 20260805000016_v2_14_16_bulk_assign_memberships_audit.sql ═══
psql:/home/z/my-project/Costpro/supabase/migrations/20260805000016_v2_14_16_bulk_assign_memberships_audit.sql:84: ERROR:  type "public.user_role" does not exist
LINE 15:   v_role public.user_role;
                  ^
psql:/home/z/my-project/Costpro/supabase/migrations/20260805000016_v2_14_16_bulk_assign_memberships_audit.sql:86: ERROR:  could not find a function named "public.bulk_assign_memberships"
psql:/home/z/my-project/Costpro/supabase/migrations/20260805000016_v2_14_16_bulk_assign_memberships_audit.sql:87: ERROR:  could not find a function named "public.bulk_assign_memberships"
psql:/home/z/my-project/Costpro/supabase/migrations/20260805000016_v2_14_16_bulk_assign_memberships_audit.sql:88: ERROR:  could not find a function named "public.bulk_assign_memberships"
psql:/home/z/my-project/Costpro/supabase/migrations/20260805000016_v2_14_16_bulk_assign_memberships_audit.sql:91: ERROR:  could not find a function named "public.bulk_assign_memberships"
═══ 20260806000001_v2_15_1_tenants_enriched.sql ═══
psql:/home/z/my-project/Costpro/supabase/migrations/20260806000001_v2_15_1_tenants_enriched.sql:23: ERROR:  relation "public.tenants" does not exist
psql:/home/z/my-project/Costpro/supabase/migrations/20260806000001_v2_15_1_tenants_enriched.sql:27: ERROR:  relation "public.tenants" does not exist
psql:/home/z/my-project/Costpro/supabase/migrations/20260806000001_v2_15_1_tenants_enriched.sql:30: ERROR:  relation "public.tenants" does not exist
psql:/home/z/my-project/Costpro/supabase/migrations/20260806000001_v2_15_1_tenants_enriched.sql:32: ERROR:  relation "public.tenants" does not exist
psql:/home/z/my-project/Costpro/supabase/migrations/20260806000001_v2_15_1_tenants_enriched.sql:35: NOTICE:  relation "public.tenants" does not exist, skipping
psql:/home/z/my-project/Costpro/supabase/migrations/20260806000001_v2_15_1_tenants_enriched.sql:42: ERROR:  relation "public.tenants" does not exist
psql:/home/z/my-project/Costpro/supabase/migrations/20260806000001_v2_15_1_tenants_enriched.sql:44: NOTICE:  relation "public.tenants" does not exist, skipping
psql:/home/z/my-project/Costpro/supabase/migrations/20260806000001_v2_15_1_tenants_enriched.sql:54: ERROR:  relation "public.tenants" does not exist
psql:/home/z/my-project/Costpro/supabase/migrations/20260806000001_v2_15_1_tenants_enriched.sql:56: NOTICE:  relation "public.tenants" does not exist, skipping
psql:/home/z/my-project/Costpro/supabase/migrations/20260806000001_v2_15_1_tenants_enriched.sql:59: ERROR:  relation "public.tenants" does not exist
psql:/home/z/my-project/Costpro/supabase/migrations/20260806000001_v2_15_1_tenants_enriched.sql:63: NOTICE:  relation "public.tenants" does not exist, skipping
psql:/home/z/my-project/Costpro/supabase/migrations/20260806000001_v2_15_1_tenants_enriched.sql:66: ERROR:  relation "public.tenants" does not exist
psql:/home/z/my-project/Costpro/supabase/migrations/20260806000001_v2_15_1_tenants_enriched.sql:69: ERROR:  relation "public.tenants" does not exist
═══ 20260806000002_v2_15_2_user_role_tenant_admin.sql ═══
psql:/home/z/my-project/Costpro/supabase/migrations/20260806000002_v2_15_2_user_role_tenant_admin.sql:11: ERROR:  type "public.user_role" does not exist
═══ 20260806000003_v2_15_3_migrate_existing_to_default_tenant.sql ═══
psql:/home/z/my-project/Costpro/supabase/migrations/20260806000003_v2_15_3_migrate_existing_to_default_tenant.sql:76: ERROR:  relation "public.tenants" does not exist
LINE 1: SELECT id                          FROM public.tenants WHERE...
                                                ^
QUERY:  SELECT id                          FROM public.tenants WHERE name = 'Default Tenant' LIMIT 1
CONTEXT:  PL/pgSQL function inline_code_block line 7 at SQL statement
═══ 20260806000004_v2_15_4_on_auth_user_created_tenant.sql ═══
psql:/home/z/my-project/Costpro/supabase/migrations/20260806000004_v2_15_4_on_auth_user_created_tenant.sql:105: ERROR:  type "user_role" does not exist
LINE 9:   v_role_enum USER_ROLE;
                      ^
═══ 20260806000005_v2_15_5_create_store_with_tenant.sql ═══
psql:/home/z/my-project/Costpro/supabase/migrations/20260806000005_v2_15_5_create_store_with_tenant.sql:21: NOTICE:  function public.create_store_with_membership(text,text,uuid,pg_catalog.int4,text,text,text,text,text,text,text,text,text,text,pg_catalog.float8,pg_catalog.float8,uuid) does not exist, skipping
═══ 20260806000006_v2_15_6_managed_update_tenant_plan.sql ═══
psql:/home/z/my-project/Costpro/supabase/migrations/20260806000006_v2_15_6_managed_update_tenant_plan.sql:8: NOTICE:  function public.managed_update_tenant_plan() does not exist, skipping
psql:/home/z/my-project/Costpro/supabase/migrations/20260806000006_v2_15_6_managed_update_tenant_plan.sql:78: ERROR:  type "public.user_role" does not exist
LINE 20:       v_role public.user_role;
                      ^
psql:/home/z/my-project/Costpro/supabase/migrations/20260806000006_v2_15_6_managed_update_tenant_plan.sql:80: ERROR:  could not find a function named "public.managed_update_tenant_plan"
psql:/home/z/my-project/Costpro/supabase/migrations/20260806000006_v2_15_6_managed_update_tenant_plan.sql:81: ERROR:  could not find a function named "public.managed_update_tenant_plan"
psql:/home/z/my-project/Costpro/supabase/migrations/20260806000006_v2_15_6_managed_update_tenant_plan.sql:82: ERROR:  could not find a function named "public.managed_update_tenant_plan"
psql:/home/z/my-project/Costpro/supabase/migrations/20260806000006_v2_15_6_managed_update_tenant_plan.sql:85: ERROR:  could not find a function named "public.managed_update_tenant_plan"
═══ 20260806000007_v2_15_7_check_tenant_store_quota.sql ═══
psql:/home/z/my-project/Costpro/supabase/migrations/20260806000007_v2_15_7_check_tenant_store_quota.sql:8: NOTICE:  function public.check_tenant_store_quota() does not exist, skipping
═══ 20260806000008_v2_15_8_tenant_reports.sql ═══
psql:/home/z/my-project/Costpro/supabase/migrations/20260806000008_v2_15_8_tenant_reports.sql:9: NOTICE:  function public.get_tenant_cash_report() does not exist, skipping
psql:/home/z/my-project/Costpro/supabase/migrations/20260806000008_v2_15_8_tenant_reports.sql:92: NOTICE:  function public.get_tenant_sales_summary() does not exist, skipping
═══ 20260806000009_v2_15_9_validate_tenant_access.sql ═══
psql:/home/z/my-project/Costpro/supabase/migrations/20260806000009_v2_15_9_validate_tenant_access.sql:8: NOTICE:  function public.validate_tenant_access() does not exist, skipping
psql:/home/z/my-project/Costpro/supabase/migrations/20260806000009_v2_15_9_validate_tenant_access.sql:43: ERROR:  type "public.user_role" does not exist
LINE 13:   v_user_role public.user_role;
                       ^
psql:/home/z/my-project/Costpro/supabase/migrations/20260806000009_v2_15_9_validate_tenant_access.sql:45: ERROR:  could not find a function named "public.validate_tenant_access"
psql:/home/z/my-project/Costpro/supabase/migrations/20260806000009_v2_15_9_validate_tenant_access.sql:46: ERROR:  could not find a function named "public.validate_tenant_access"
psql:/home/z/my-project/Costpro/supabase/migrations/20260806000009_v2_15_9_validate_tenant_access.sql:47: ERROR:  could not find a function named "public.validate_tenant_access"
psql:/home/z/my-project/Costpro/supabase/migrations/20260806000009_v2_15_9_validate_tenant_access.sql:50: ERROR:  could not find a function named "public.validate_tenant_access"
═══ 20260806000010_v2_15_10_tenant_branding_defaults.sql ═══
psql:/home/z/my-project/Costpro/supabase/migrations/20260806000010_v2_15_10_tenant_branding_defaults.sql:16: ERROR:  relation "public.tenants" does not exist
LINE 1: UPDATE public.tenants
               ^
psql:/home/z/my-project/Costpro/supabase/migrations/20260806000010_v2_15_10_tenant_branding_defaults.sql:21: ERROR:  relation "public.tenants" does not exist
LINE 1: UPDATE public.tenants
               ^
psql:/home/z/my-project/Costpro/supabase/migrations/20260806000010_v2_15_10_tenant_branding_defaults.sql:24: ERROR:  relation "public.tenants" does not exist
═══ 20260807000001_v2_16_1_transaction_items_full_columns.sql ═══
psql:/home/z/my-project/Costpro/supabase/migrations/20260807000001_v2_16_1_transaction_items_full_columns.sql:32: ERROR:  relation "public.transaction_items" does not exist
psql:/home/z/my-project/Costpro/supabase/migrations/20260807000001_v2_16_1_transaction_items_full_columns.sql:35: ERROR:  relation "public.transaction_items" does not exist
═══ 20260807000001_v2_21_0_rls_backfill_validate.sql ═══
psql:/home/z/my-project/Costpro/supabase/migrations/20260807000001_v2_21_0_rls_backfill_validate.sql:37: ERROR:  relation "public.products" does not exist
LINE 3:   FROM public.products WHERE tenant_id IS NULL
               ^
psql:/home/z/my-project/Costpro/supabase/migrations/20260807000001_v2_21_0_rls_backfill_validate.sql:40: ERROR:  relation "public.v_rls_tenant_backfill_audit" does not exist
═══ 20260807000002_v2_16_2_has_store_role_as.sql ═══
psql:/home/z/my-project/Costpro/supabase/migrations/20260807000002_v2_16_2_has_store_role_as.sql:12: NOTICE:  function public.has_store_role_as() does not exist, skipping
═══ 20260807000002_v2_21_0_rls_backfill_tenant_id.sql ═══
psql:/home/z/my-project/Costpro/supabase/migrations/20260807000002_v2_21_0_rls_backfill_tenant_id.sql:23: ERROR:  relation "public.products" does not exist
LINE 1: UPDATE public.products p
               ^
psql:/home/z/my-project/Costpro/supabase/migrations/20260807000002_v2_21_0_rls_backfill_tenant_id.sql:28: ERROR:  relation "public.transactions" does not exist
LINE 1: UPDATE public.transactions t
               ^
psql:/home/z/my-project/Costpro/supabase/migrations/20260807000002_v2_21_0_rls_backfill_tenant_id.sql:33: ERROR:  relation "public.stock_movements" does not exist
LINE 1: UPDATE public.stock_movements sm
               ^
psql:/home/z/my-project/Costpro/supabase/migrations/20260807000002_v2_21_0_rls_backfill_tenant_id.sql:38: ERROR:  relation "public.inventory" does not exist
LINE 1: UPDATE public.inventory i
               ^
psql:/home/z/my-project/Costpro/supabase/migrations/20260807000002_v2_21_0_rls_backfill_tenant_id.sql:43: ERROR:  relation "public.commission_payments" does not exist
LINE 1: UPDATE public.commission_payments cp
               ^
psql:/home/z/my-project/Costpro/supabase/migrations/20260807000002_v2_21_0_rls_backfill_tenant_id.sql:48: ERROR:  relation "public.commission_rules" does not exist
LINE 1: UPDATE public.commission_rules cr
               ^
psql:/home/z/my-project/Costpro/supabase/migrations/20260807000002_v2_21_0_rls_backfill_tenant_id.sql:53: ERROR:  relation "public.receipts" does not exist
LINE 1: UPDATE public.receipts r
               ^
psql:/home/z/my-project/Costpro/supabase/migrations/20260807000002_v2_21_0_rls_backfill_tenant_id.sql:58: ERROR:  relation "public.workers" does not exist
LINE 1: UPDATE public.workers w
               ^
psql:/home/z/my-project/Costpro/supabase/migrations/20260807000002_v2_21_0_rls_backfill_tenant_id.sql:63: ERROR:  relation "public.sales_transactions" does not exist
LINE 1: UPDATE public.sales_transactions st
               ^
psql:/home/z/my-project/Costpro/supabase/migrations/20260807000002_v2_21_0_rls_backfill_tenant_id.sql:68: ERROR:  relation "public.production_orders" does not exist
LINE 1: UPDATE public.production_orders po
               ^
psql:/home/z/my-project/Costpro/supabase/migrations/20260807000002_v2_21_0_rls_backfill_tenant_id.sql:73: ERROR:  relation "public.price_change_history" does not exist
LINE 1: UPDATE public.price_change_history pch
               ^
psql:/home/z/my-project/Costpro/supabase/migrations/20260807000002_v2_21_0_rls_backfill_tenant_id.sql:81: ERROR:  relation "public.audit_events" does not exist
LINE 1: UPDATE public.audit_events ae
               ^
psql:/home/z/my-project/Costpro/supabase/migrations/20260807000002_v2_21_0_rls_backfill_tenant_id.sql:93: ERROR:  relation "public.profiles" does not exist
LINE 1: UPDATE public.profiles p
               ^
psql:/home/z/my-project/Costpro/supabase/migrations/20260807000002_v2_21_0_rls_backfill_tenant_id.sql:98: ERROR:  relation "public.bulk_ops_log" does not exist
LINE 1: UPDATE public.bulk_ops_log
               ^
psql:/home/z/my-project/Costpro/supabase/migrations/20260807000002_v2_21_0_rls_backfill_tenant_id.sql:104: ERROR:  relation "public.transfers" does not exist
LINE 1: UPDATE public.transfers t
               ^
psql:/home/z/my-project/Costpro/supabase/migrations/20260807000002_v2_21_0_rls_backfill_tenant_id.sql:109: ERROR:  relation "public.transfer_approval_rules" does not exist
LINE 1: UPDATE public.transfer_approval_rules
               ^
psql:/home/z/my-project/Costpro/supabase/migrations/20260807000002_v2_21_0_rls_backfill_tenant_id.sql:124: ERROR:  relation "public.v_rls_tenant_backfill_audit" does not exist
LINE 1: ...SCE(sum(null_count), 0)                      FROM public.v_r...
                                                             ^
QUERY:  SELECT COALESCE(sum(null_count), 0)                      FROM public.v_rls_tenant_backfill_audit
CONTEXT:  PL/pgSQL function inline_code_block line 5 at SQL statement
═══ 20260807000003_v2_16_3_create_sale_v2.sql ═══
psql:/home/z/my-project/Costpro/supabase/migrations/20260807000003_v2_16_3_create_sale_v2.sql:20: NOTICE:  function public.create_sale_v2() does not exist, skipping
═══ 20260807000003_v2_21_0_rls_tenant_indexes.sql ═══
psql:/home/z/my-project/Costpro/supabase/migrations/20260807000003_v2_21_0_rls_tenant_indexes.sql:13: ERROR:  relation "public.products" does not exist
psql:/home/z/my-project/Costpro/supabase/migrations/20260807000003_v2_21_0_rls_tenant_indexes.sql:16: ERROR:  relation "public.transactions" does not exist
psql:/home/z/my-project/Costpro/supabase/migrations/20260807000003_v2_21_0_rls_tenant_indexes.sql:19: ERROR:  relation "public.stock_movements" does not exist
psql:/home/z/my-project/Costpro/supabase/migrations/20260807000003_v2_21_0_rls_tenant_indexes.sql:22: ERROR:  relation "public.inventory" does not exist
psql:/home/z/my-project/Costpro/supabase/migrations/20260807000003_v2_21_0_rls_tenant_indexes.sql:25: ERROR:  relation "public.profiles" does not exist
psql:/home/z/my-project/Costpro/supabase/migrations/20260807000003_v2_21_0_rls_tenant_indexes.sql:28: ERROR:  relation "public.commission_payments" does not exist
psql:/home/z/my-project/Costpro/supabase/migrations/20260807000003_v2_21_0_rls_tenant_indexes.sql:31: ERROR:  relation "public.commission_rules" does not exist
psql:/home/z/my-project/Costpro/supabase/migrations/20260807000003_v2_21_0_rls_tenant_indexes.sql:34: ERROR:  relation "public.receipts" does not exist
psql:/home/z/my-project/Costpro/supabase/migrations/20260807000003_v2_21_0_rls_tenant_indexes.sql:37: ERROR:  relation "public.workers" does not exist
psql:/home/z/my-project/Costpro/supabase/migrations/20260807000003_v2_21_0_rls_tenant_indexes.sql:40: ERROR:  relation "public.sales_transactions" does not exist
psql:/home/z/my-project/Costpro/supabase/migrations/20260807000003_v2_21_0_rls_tenant_indexes.sql:43: ERROR:  relation "public.production_orders" does not exist
psql:/home/z/my-project/Costpro/supabase/migrations/20260807000003_v2_21_0_rls_tenant_indexes.sql:46: ERROR:  relation "public.audit_events" does not exist
psql:/home/z/my-project/Costpro/supabase/migrations/20260807000003_v2_21_0_rls_tenant_indexes.sql:49: ERROR:  relation "public.stores" does not exist
psql:/home/z/my-project/Costpro/supabase/migrations/20260807000003_v2_21_0_rls_tenant_indexes.sql:52: ERROR:  relation "public.transfers" does not exist
psql:/home/z/my-project/Costpro/supabase/migrations/20260807000003_v2_21_0_rls_tenant_indexes.sql:55: ERROR:  relation "public.bulk_ops_log" does not exist
═══ 20260807000004_v2_21_0_rls_helper_functions.sql ═══
psql:/home/z/my-project/Costpro/supabase/migrations/20260807000004_v2_21_0_rls_helper_functions.sql:23: ERROR:  relation "public.profiles" does not exist
LINE 8:   SELECT tenant_id FROM public.profiles WHERE id = auth.uid(...
                                ^
psql:/home/z/my-project/Costpro/supabase/migrations/20260807000004_v2_21_0_rls_helper_functions.sql:26: ERROR:  function public.current_user_tenant_id() does not exist
psql:/home/z/my-project/Costpro/supabase/migrations/20260807000004_v2_21_0_rls_helper_functions.sql:100: ERROR:  function public.current_user_tenant_id() does not exist
LINE 9:    AND p_tenant_id = public.current_user_tenant_id();
                             ^
HINT:  No function matches the given name and argument types. You might need to add explicit type casts.
psql:/home/z/my-project/Costpro/supabase/migrations/20260807000004_v2_21_0_rls_helper_functions.sql:103: ERROR:  function public.is_tenant_member(uuid) does not exist
═══ 20260807000005_v2_21_0_rls_tenant_policies.sql ═══
psql:/home/z/my-project/Costpro/supabase/migrations/20260807000005_v2_21_0_rls_tenant_policies.sql:35: ERROR:  relation "public.products" does not exist
psql:/home/z/my-project/Costpro/supabase/migrations/20260807000005_v2_21_0_rls_tenant_policies.sql:47: ERROR:  relation "public.products" does not exist
psql:/home/z/my-project/Costpro/supabase/migrations/20260807000005_v2_21_0_rls_tenant_policies.sql:67: ERROR:  relation "public.products" does not exist
psql:/home/z/my-project/Costpro/supabase/migrations/20260807000005_v2_21_0_rls_tenant_policies.sql:79: ERROR:  relation "public.products" does not exist
psql:/home/z/my-project/Costpro/supabase/migrations/20260807000005_v2_21_0_rls_tenant_policies.sql:94: ERROR:  relation "public.transactions" does not exist
psql:/home/z/my-project/Costpro/supabase/migrations/20260807000005_v2_21_0_rls_tenant_policies.sql:106: ERROR:  relation "public.transactions" does not exist
psql:/home/z/my-project/Costpro/supabase/migrations/20260807000005_v2_21_0_rls_tenant_policies.sql:118: ERROR:  relation "public.transactions" does not exist
psql:/home/z/my-project/Costpro/supabase/migrations/20260807000005_v2_21_0_rls_tenant_policies.sql:133: ERROR:  relation "public.stock_movements" does not exist
psql:/home/z/my-project/Costpro/supabase/migrations/20260807000005_v2_21_0_rls_tenant_policies.sql:145: ERROR:  relation "public.stock_movements" does not exist
psql:/home/z/my-project/Costpro/supabase/migrations/20260807000005_v2_21_0_rls_tenant_policies.sql:160: ERROR:  relation "public.inventory" does not exist
psql:/home/z/my-project/Costpro/supabase/migrations/20260807000005_v2_21_0_rls_tenant_policies.sql:179: ERROR:  relation "public.profiles" does not exist
psql:/home/z/my-project/Costpro/supabase/migrations/20260807000005_v2_21_0_rls_tenant_policies.sql:205: ERROR:  relation "public.profiles" does not exist
psql:/home/z/my-project/Costpro/supabase/migrations/20260807000005_v2_21_0_rls_tenant_policies.sql:220: ERROR:  relation "public.commission_payments" does not exist
psql:/home/z/my-project/Costpro/supabase/migrations/20260807000005_v2_21_0_rls_tenant_policies.sql:235: ERROR:  relation "public.commission_rules" does not exist
psql:/home/z/my-project/Costpro/supabase/migrations/20260807000005_v2_21_0_rls_tenant_policies.sql:250: ERROR:  relation "public.receipts" does not exist
psql:/home/z/my-project/Costpro/supabase/migrations/20260807000005_v2_21_0_rls_tenant_policies.sql:262: ERROR:  relation "public.receipts" does not exist
psql:/home/z/my-project/Costpro/supabase/migrations/20260807000005_v2_21_0_rls_tenant_policies.sql:277: ERROR:  relation "public.workers" does not exist
psql:/home/z/my-project/Costpro/supabase/migrations/20260807000005_v2_21_0_rls_tenant_policies.sql:292: ERROR:  relation "public.sales_transactions" does not exist
psql:/home/z/my-project/Costpro/supabase/migrations/20260807000005_v2_21_0_rls_tenant_policies.sql:307: ERROR:  relation "public.production_orders" does not exist
psql:/home/z/my-project/Costpro/supabase/migrations/20260807000005_v2_21_0_rls_tenant_policies.sql:321: ERROR:  relation "public.audit_events" does not exist
psql:/home/z/my-project/Costpro/supabase/migrations/20260807000005_v2_21_0_rls_tenant_policies.sql:336: ERROR:  relation "public.price_change_history" does not exist
psql:/home/z/my-project/Costpro/supabase/migrations/20260807000005_v2_21_0_rls_tenant_policies.sql:351: ERROR:  relation "public.transfer_approval_rules" does not exist
psql:/home/z/my-project/Costpro/supabase/migrations/20260807000005_v2_21_0_rls_tenant_policies.sql:365: ERROR:  relation "public.stores" does not exist
psql:/home/z/my-project/Costpro/supabase/migrations/20260807000005_v2_21_0_rls_tenant_policies.sql:377: ERROR:  relation "public.stores" does not exist
psql:/home/z/my-project/Costpro/supabase/migrations/20260807000005_v2_21_0_rls_tenant_policies.sql:389: ERROR:  relation "public.stores" does not exist
psql:/home/z/my-project/Costpro/supabase/migrations/20260807000005_v2_21_0_rls_tenant_policies.sql:405: ERROR:  relation "public.transfers" does not exist
psql:/home/z/my-project/Costpro/supabase/migrations/20260807000005_v2_21_0_rls_tenant_policies.sql:419: ERROR:  relation "public.bulk_ops_log" does not exist
═══ 20260807000006_v2_21_0_rls_insert_with_check.sql ═══
psql:/home/z/my-project/Costpro/supabase/migrations/20260807000006_v2_21_0_rls_insert_with_check.sql:26: ERROR:  relation "public.transactions" does not exist
psql:/home/z/my-project/Costpro/supabase/migrations/20260807000006_v2_21_0_rls_insert_with_check.sql:38: ERROR:  relation "public.cash_closures" does not exist
psql:/home/z/my-project/Costpro/supabase/migrations/20260807000006_v2_21_0_rls_insert_with_check.sql:50: ERROR:  relation "public.devolutions" does not exist
psql:/home/z/my-project/Costpro/supabase/migrations/20260807000006_v2_21_0_rls_insert_with_check.sql:62: ERROR:  relation "public.inventory_adjustments" does not exist
psql:/home/z/my-project/Costpro/supabase/migrations/20260807000006_v2_21_0_rls_insert_with_check.sql:74: ERROR:  relation "public.kardex_entries" does not exist
psql:/home/z/my-project/Costpro/supabase/migrations/20260807000006_v2_21_0_rls_insert_with_check.sql:99: ERROR:  relation "public.price_change_history" does not exist
═══ 20260807000007_v2_21_0_rls_feature_flag.sql ═══
psql:/home/z/my-project/Costpro/supabase/migrations/20260807000007_v2_21_0_rls_feature_flag.sql:31: NOTICE:  app.use_tenant_rls current value: NULL (flag disabled)
psql:/home/z/my-project/Costpro/supabase/migrations/20260807000007_v2_21_0_rls_feature_flag.sql:31: NOTICE:  Flag is DISABLED
═══ 20260807000009_v2_21_3_fix_z_reports_unique_index.sql ═══
psql:/home/z/my-project/Costpro/supabase/migrations/20260807000009_v2_21_3_fix_z_reports_unique_index.sql:15: NOTICE:  index "z_reports_z_report_number_idx" does not exist, skipping
psql:/home/z/my-project/Costpro/supabase/migrations/20260807000009_v2_21_3_fix_z_reports_unique_index.sql:17: ERROR:  relation "public.z_reports" does not exist
psql:/home/z/my-project/Costpro/supabase/migrations/20260807000009_v2_21_3_fix_z_reports_unique_index.sql:20: ERROR:  relation "public.z_reports_store_z_report_number_idx" does not exist
═══ 20260807000011_v2_21_4_fix_create_devolution_v2_qty_validation.sql ═══
psql:/home/z/my-project/Costpro/supabase/migrations/20260807000011_v2_21_4_fix_create_devolution_v2_qty_validation.sql:31: ERROR:  could not find a function named "public.create_devolution_v2"
═══ 20260807000012_v2_21_5_rls_drop_old_policies.sql ═══
psql:/home/z/my-project/Costpro/supabase/migrations/20260807000012_v2_21_5_rls_drop_old_policies.sql:20: NOTICE:  relation "public.transactions" does not exist, skipping
psql:/home/z/my-project/Costpro/supabase/migrations/20260807000012_v2_21_5_rls_drop_old_policies.sql:21: NOTICE:  relation "public.transactions" does not exist, skipping
psql:/home/z/my-project/Costpro/supabase/migrations/20260807000012_v2_21_5_rls_drop_old_policies.sql:22: NOTICE:  relation "public.transactions" does not exist, skipping
psql:/home/z/my-project/Costpro/supabase/migrations/20260807000012_v2_21_5_rls_drop_old_policies.sql:23: NOTICE:  relation "public.transactions" does not exist, skipping
psql:/home/z/my-project/Costpro/supabase/migrations/20260807000012_v2_21_5_rls_drop_old_policies.sql:26: NOTICE:  relation "public.stock_movements" does not exist, skipping
psql:/home/z/my-project/Costpro/supabase/migrations/20260807000012_v2_21_5_rls_drop_old_policies.sql:27: NOTICE:  relation "public.stock_movements" does not exist, skipping
psql:/home/z/my-project/Costpro/supabase/migrations/20260807000012_v2_21_5_rls_drop_old_policies.sql:30: NOTICE:  relation "public.inventory" does not exist, skipping
psql:/home/z/my-project/Costpro/supabase/migrations/20260807000012_v2_21_5_rls_drop_old_policies.sql:33: NOTICE:  relation "public.profiles" does not exist, skipping
psql:/home/z/my-project/Costpro/supabase/migrations/20260807000012_v2_21_5_rls_drop_old_policies.sql:34: NOTICE:  relation "public.profiles" does not exist, skipping
psql:/home/z/my-project/Costpro/supabase/migrations/20260807000012_v2_21_5_rls_drop_old_policies.sql:39: NOTICE:  relation "public.receipts" does not exist, skipping
psql:/home/z/my-project/Costpro/supabase/migrations/20260807000012_v2_21_5_rls_drop_old_policies.sql:40: NOTICE:  relation "public.receipts" does not exist, skipping
psql:/home/z/my-project/Costpro/supabase/migrations/20260807000012_v2_21_5_rls_drop_old_policies.sql:43: NOTICE:  relation "public.production_orders" does not exist, skipping
psql:/home/z/my-project/Costpro/supabase/migrations/20260807000012_v2_21_5_rls_drop_old_policies.sql:47: NOTICE:  relation "public.products" does not exist, skipping
psql:/home/z/my-project/Costpro/supabase/migrations/20260807000012_v2_21_5_rls_drop_old_policies.sql:48: NOTICE:  relation "public.products" does not exist, skipping
psql:/home/z/my-project/Costpro/supabase/migrations/20260807000012_v2_21_5_rls_drop_old_policies.sql:49: NOTICE:  relation "public.products" does not exist, skipping
psql:/home/z/my-project/Costpro/supabase/migrations/20260807000012_v2_21_5_rls_drop_old_policies.sql:50: NOTICE:  relation "public.products" does not exist, skipping
psql:/home/z/my-project/Costpro/supabase/migrations/20260807000012_v2_21_5_rls_drop_old_policies.sql:51: NOTICE:  relation "public.products" does not exist, skipping
psql:/home/z/my-project/Costpro/supabase/migrations/20260807000012_v2_21_5_rls_drop_old_policies.sql:55: NOTICE:  relation "public.price_change_history" does not exist, skipping
psql:/home/z/my-project/Costpro/supabase/migrations/20260807000012_v2_21_5_rls_drop_old_policies.sql:56: NOTICE:  relation "public.price_change_history" does not exist, skipping
psql:/home/z/my-project/Costpro/supabase/migrations/20260807000012_v2_21_5_rls_drop_old_policies.sql:59: NOTICE:  relation "public.transfer_approval_rules" does not exist, skipping
psql:/home/z/my-project/Costpro/supabase/migrations/20260807000012_v2_21_5_rls_drop_old_policies.sql:63: NOTICE:  relation "public.transfers" does not exist, skipping
═══ 20260807000014_v2_23_0_receipts_hardening.sql ═══
psql:/home/z/my-project/Costpro/supabase/migrations/20260807000014_v2_23_0_receipts_hardening.sql:12: ERROR:  relation "public.receipts" does not exist
psql:/home/z/my-project/Costpro/supabase/migrations/20260807000014_v2_23_0_receipts_hardening.sql:25: NOTICE:  relation "public.receipt_items" does not exist, skipping
psql:/home/z/my-project/Costpro/supabase/migrations/20260807000014_v2_23_0_receipts_hardening.sql:26: NOTICE:  relation "public.receipt_items" does not exist, skipping
psql:/home/z/my-project/Costpro/supabase/migrations/20260807000014_v2_23_0_receipts_hardening.sql:31: ERROR:  relation "public.receipt_items" does not exist
psql:/home/z/my-project/Costpro/supabase/migrations/20260807000014_v2_23_0_receipts_hardening.sql:35: ERROR:  relation "public.receipt_items" does not exist
═══ 20260808000001_v2_17_1_reverse_transaction_v2.sql ═══
psql:/home/z/my-project/Costpro/supabase/migrations/20260808000001_v2_17_1_reverse_transaction_v2.sql:16: ERROR:  type "public.movement_type" does not exist
psql:/home/z/my-project/Costpro/supabase/migrations/20260808000001_v2_17_1_reverse_transaction_v2.sql:19: ERROR:  relation "public.kardex_entries" does not exist
psql:/home/z/my-project/Costpro/supabase/migrations/20260808000001_v2_17_1_reverse_transaction_v2.sql:23: ERROR:  relation "public.kardex_entries" does not exist
psql:/home/z/my-project/Costpro/supabase/migrations/20260808000001_v2_17_1_reverse_transaction_v2.sql:26: NOTICE:  function public.reverse_transaction_v2() does not exist, skipping
═══ 20260808000001_v2_24_g1_schema_sync.sql ═══
psql:/home/z/my-project/Costpro/supabase/migrations/20260808000001_v2_24_g1_schema_sync.sql:18: ERROR:  relation "public.purchase_orders" does not exist
psql:/home/z/my-project/Costpro/supabase/migrations/20260808000001_v2_24_g1_schema_sync.sql:25: ERROR:  relation "public.purchase_orders" does not exist
LINE 1: UPDATE public.purchase_orders
               ^
psql:/home/z/my-project/Costpro/supabase/migrations/20260808000001_v2_24_g1_schema_sync.sql:39: ERROR:  relation "public.purchase_orders" does not exist
LINE 1: SELECT COUNT(*)                     FROM public.purchase_ord...
                                                 ^
QUERY:  SELECT COUNT(*)                     FROM public.purchase_orders
  WHERE supplier_name IS NULL
CONTEXT:  PL/pgSQL function inline_code_block line 5 at SQL statement
psql:/home/z/my-project/Costpro/supabase/migrations/20260808000001_v2_24_g1_schema_sync.sql:43: ERROR:  relation "public.purchase_orders" does not exist
psql:/home/z/my-project/Costpro/supabase/migrations/20260808000001_v2_24_g1_schema_sync.sql:56: ERROR:  relation "public.purchase_orders" does not exist
CONTEXT:  SQL statement "ALTER TABLE public.purchase_orders
      ADD CONSTRAINT purchase_orders_supplier_id_fkey
      FOREIGN KEY (supplier_id) REFERENCES public.suppliers(id)
      ON DELETE SET NULL"
PL/pgSQL function inline_code_block line 6 at SQL statement
psql:/home/z/my-project/Costpro/supabase/migrations/20260808000001_v2_24_g1_schema_sync.sql:62: ERROR:  relation "public.purchase_orders" does not exist
psql:/home/z/my-project/Costpro/supabase/migrations/20260808000001_v2_24_g1_schema_sync.sql:72: NOTICE:  relation "public.purchase_orders" does not exist, skipping
psql:/home/z/my-project/Costpro/supabase/migrations/20260808000001_v2_24_g1_schema_sync.sql:75: ERROR:  relation "public.purchase_orders" does not exist
psql:/home/z/my-project/Costpro/supabase/migrations/20260808000001_v2_24_g1_schema_sync.sql:80: ERROR:  relation "public.purchase_orders" does not exist
psql:/home/z/my-project/Costpro/supabase/migrations/20260808000001_v2_24_g1_schema_sync.sql:84: ERROR:  relation "public.purchase_orders" does not exist
═══ 20260808000002_v2_17_2_create_devolution_v2.sql ═══
psql:/home/z/my-project/Costpro/supabase/migrations/20260808000002_v2_17_2_create_devolution_v2.sql:12: ERROR:  relation "public.devolutions" does not exist
psql:/home/z/my-project/Costpro/supabase/migrations/20260808000002_v2_17_2_create_devolution_v2.sql:14: ERROR:  relation "public.devolutions" does not exist
psql:/home/z/my-project/Costpro/supabase/migrations/20260808000002_v2_17_2_create_devolution_v2.sql:17: NOTICE:  function public.create_devolution_v2() does not exist, skipping
═══ 20260808000002_v2_24_g2_enum_extend.sql ═══
psql:/home/z/my-project/Costpro/supabase/migrations/20260808000002_v2_24_g2_enum_extend.sql:9: ERROR:  type "public.purchase_status_enum" does not exist
psql:/home/z/my-project/Costpro/supabase/migrations/20260808000002_v2_24_g2_enum_extend.sql:12: ERROR:  type "public.purchase_status_enum" does not exist
═══ 20260808000003_v2_17_3_duplicate_adjustment_v2.sql ═══
psql:/home/z/my-project/Costpro/supabase/migrations/20260808000003_v2_17_3_duplicate_adjustment_v2.sql:8: NOTICE:  function public.duplicate_inventory_adjustment_v2() does not exist, skipping
═══ 20260808000003_v2_24_g3_receive_against_po_final.sql ═══
psql:/home/z/my-project/Costpro/supabase/migrations/20260808000003_v2_24_g3_receive_against_po_final.sql:227: ERROR:  type "public.purchase_status_enum" does not exist
LINE 15:   v_po_status           public.purchase_status_enum;
                                 ^
psql:/home/z/my-project/Costpro/supabase/migrations/20260808000003_v2_24_g3_receive_against_po_final.sql:230: ERROR:  function public.receive_against_po(uuid, jsonb, uuid, timestamp with time zone, text) does not exist
═══ 20260808000004_v2_17_4_reverse_receipt_v2.sql ═══
psql:/home/z/my-project/Costpro/supabase/migrations/20260808000004_v2_17_4_reverse_receipt_v2.sql:14: ERROR:  type "public.movement_type" does not exist
psql:/home/z/my-project/Costpro/supabase/migrations/20260808000004_v2_17_4_reverse_receipt_v2.sql:17: ERROR:  relation "public.kardex_entries" does not exist
psql:/home/z/my-project/Costpro/supabase/migrations/20260808000004_v2_17_4_reverse_receipt_v2.sql:21: ERROR:  relation "public.kardex_entries" does not exist
psql:/home/z/my-project/Costpro/supabase/migrations/20260808000004_v2_17_4_reverse_receipt_v2.sql:24: NOTICE:  function public.reverse_receipt_v2() does not exist, skipping
═══ 20260808000005_v2_24_g5_immutable_items.sql ═══
psql:/home/z/my-project/Costpro/supabase/migrations/20260808000005_v2_24_g5_immutable_items.sql:8: NOTICE:  relation "public.purchase_order_items" does not exist, skipping
psql:/home/z/my-project/Costpro/supabase/migrations/20260808000005_v2_24_g5_immutable_items.sql:9: NOTICE:  relation "public.purchase_order_items" does not exist, skipping
psql:/home/z/my-project/Costpro/supabase/migrations/20260808000005_v2_24_g5_immutable_items.sql:19: ERROR:  relation "public.purchase_order_items" does not exist
psql:/home/z/my-project/Costpro/supabase/migrations/20260808000005_v2_24_g5_immutable_items.sql:27: ERROR:  relation "public.purchase_order_items" does not exist
psql:/home/z/my-project/Costpro/supabase/migrations/20260808000005_v2_24_g5_immutable_items.sql:33: ERROR:  relation "public.purchase_order_items" does not exist
═══ 20260808000006_v2_24_g6_cxp_integration.sql ═══
psql:/home/z/my-project/Costpro/supabase/migrations/20260808000006_v2_24_g6_cxp_integration.sql:13: ERROR:  relation "public.receipts" does not exist
psql:/home/z/my-project/Costpro/supabase/migrations/20260808000006_v2_24_g6_cxp_integration.sql:26: ERROR:  relation "public.receipts" does not exist
CONTEXT:  SQL statement "ALTER TABLE public.receipts
      ADD CONSTRAINT receipts_po_id_fkey
      FOREIGN KEY (po_id) REFERENCES public.purchase_orders(id)
      ON DELETE SET NULL"
PL/pgSQL function inline_code_block line 6 at SQL statement
psql:/home/z/my-project/Costpro/supabase/migrations/20260808000006_v2_24_g6_cxp_integration.sql:31: ERROR:  relation "public.receipts" does not exist
psql:/home/z/my-project/Costpro/supabase/migrations/20260808000006_v2_24_g6_cxp_integration.sql:226: ERROR:  relation "public.purchase_orders" does not exist
LINE 25: FROM public.purchase_orders po
              ^
psql:/home/z/my-project/Costpro/supabase/migrations/20260808000006_v2_24_g6_cxp_integration.sql:229: ERROR:  relation "public.v_purchase_orders_cxp" does not exist
psql:/home/z/my-project/Costpro/supabase/migrations/20260808000006_v2_24_g6_cxp_integration.sql:231: ERROR:  relation "public.v_purchase_orders_cxp" does not exist
═══ 20260808000007_v2_24_g7_set_purchase_order_status.sql ═══
psql:/home/z/my-project/Costpro/supabase/migrations/20260808000007_v2_24_g7_set_purchase_order_status.sql:106: ERROR:  type public.purchase_status_enum does not exist
psql:/home/z/my-project/Costpro/supabase/migrations/20260808000007_v2_24_g7_set_purchase_order_status.sql:108: ERROR:  type "public.purchase_status_enum" does not exist
═══ 20260809000001_v2_18_1_cash_closure_immutability.sql ═══
psql:/home/z/my-project/Costpro/supabase/migrations/20260809000001_v2_18_1_cash_closure_immutability.sql:24: NOTICE:  relation "public.cash_closures" does not exist, skipping
psql:/home/z/my-project/Costpro/supabase/migrations/20260809000001_v2_18_1_cash_closure_immutability.sql:27: ERROR:  relation "public.cash_closures" does not exist
═══ 20260809000001_v2_25_g1_schema_sync.sql ═══
psql:/home/z/my-project/Costpro/supabase/migrations/20260809000001_v2_25_g1_schema_sync.sql:14: ERROR:  relation "public.received_services" does not exist
CONTEXT:  SQL statement "ALTER TABLE public.received_services
      ADD CONSTRAINT received_services_supplier_not_null
      CHECK (supplier IS NOT NULL AND supplier <> '')"
PL/pgSQL function inline_code_block line 3 at SQL statement
psql:/home/z/my-project/Costpro/supabase/migrations/20260809000001_v2_25_g1_schema_sync.sql:22: ERROR:  relation "public.received_services" does not exist
CONTEXT:  SQL statement "ALTER TABLE public.received_services
      ADD CONSTRAINT received_services_total_amount_positive
      CHECK (total_amount > 0)"
PL/pgSQL function inline_code_block line 3 at SQL statement
psql:/home/z/my-project/Costpro/supabase/migrations/20260809000001_v2_25_g1_schema_sync.sql:30: ERROR:  relation "public.received_services" does not exist
CONTEXT:  SQL statement "ALTER TABLE public.received_services
      ADD CONSTRAINT received_services_exchange_rate_range
      CHECK (exchange_rate >= 0.01 AND exchange_rate <= 10000)"
PL/pgSQL function inline_code_block line 3 at SQL statement
psql:/home/z/my-project/Costpro/supabase/migrations/20260809000001_v2_25_g1_schema_sync.sql:38: ERROR:  relation "public.received_services" does not exist
CONTEXT:  SQL statement "ALTER TABLE public.received_services
      ADD CONSTRAINT received_services_payment_terms_days_range
      CHECK (payment_terms_days >= 1 AND payment_terms_days <= 365)"
PL/pgSQL function inline_code_block line 3 at SQL statement
psql:/home/z/my-project/Costpro/supabase/migrations/20260809000001_v2_25_g1_schema_sync.sql:46: ERROR:  relation "public.service_cost_distributions" does not exist
CONTEXT:  SQL statement "ALTER TABLE public.service_cost_distributions
      ADD CONSTRAINT scd_distribution_amount_positive CHECK (distribution_amount > 0)"
PL/pgSQL function inline_code_block line 3 at SQL statement
psql:/home/z/my-project/Costpro/supabase/migrations/20260809000001_v2_25_g1_schema_sync.sql:54: ERROR:  relation "public.service_cost_distributions" does not exist
CONTEXT:  SQL statement "ALTER TABLE public.service_cost_distributions
      ADD CONSTRAINT scd_distribution_percentage_range
      CHECK (distribution_percentage >= 0 AND distribution_percentage <= 100)"
PL/pgSQL function inline_code_block line 3 at SQL statement
psql:/home/z/my-project/Costpro/supabase/migrations/20260809000001_v2_25_g1_schema_sync.sql:63: ERROR:  relation "public.service_reception_links" does not exist
CONTEXT:  SQL statement "ALTER TABLE public.service_reception_links
      ADD CONSTRAINT srl_allocation_percentage_range
      CHECK (allocation_percentage >= 0 AND allocation_percentage <= 100)"
PL/pgSQL function inline_code_block line 3 at SQL statement
psql:/home/z/my-project/Costpro/supabase/migrations/20260809000001_v2_25_g1_schema_sync.sql:70: ERROR:  relation "public.service_reception_links" does not exist
CONTEXT:  SQL statement "ALTER TABLE public.service_reception_links
      ADD CONSTRAINT srl_allocated_amount_positive CHECK (allocated_amount > 0)"
PL/pgSQL function inline_code_block line 3 at SQL statement
psql:/home/z/my-project/Costpro/supabase/migrations/20260809000001_v2_25_g1_schema_sync.sql:79: ERROR:  relation "public.service_cost_distributions" does not exist
CONTEXT:  SQL statement "ALTER TABLE public.service_cost_distributions
      ADD CONSTRAINT scd_product_id_fkey
      FOREIGN KEY (product_id) REFERENCES public.products(id) ON DELETE CASCADE"
PL/pgSQL function inline_code_block line 3 at SQL statement
psql:/home/z/my-project/Costpro/supabase/migrations/20260809000001_v2_25_g1_schema_sync.sql:87: ERROR:  relation "public.service_cost_distributions" does not exist
CONTEXT:  SQL statement "ALTER TABLE public.service_cost_distributions
      ADD CONSTRAINT scd_receipt_id_fkey
      FOREIGN KEY (receipt_id) REFERENCES public.receipts(id) ON DELETE CASCADE"
PL/pgSQL function inline_code_block line 3 at SQL statement
psql:/home/z/my-project/Costpro/supabase/migrations/20260809000001_v2_25_g1_schema_sync.sql:95: ERROR:  relation "public.service_cost_distributions" does not exist
CONTEXT:  SQL statement "ALTER TABLE public.service_cost_distributions
      ADD CONSTRAINT scd_receipt_item_id_fkey
      FOREIGN KEY (receipt_item_id) REFERENCES public.receipt_items(id) ON DELETE CASCADE"
PL/pgSQL function inline_code_block line 3 at SQL statement
psql:/home/z/my-project/Costpro/supabase/migrations/20260809000001_v2_25_g1_schema_sync.sql:99: ERROR:  relation "public.received_services" does not exist
psql:/home/z/my-project/Costpro/supabase/migrations/20260809000001_v2_25_g1_schema_sync.sql:103: ERROR:  relation "public.service_cost_distributions" does not exist
═══ 20260809000002_v2_18_2_close_cash_shift.sql ═══
psql:/home/z/my-project/Costpro/supabase/migrations/20260809000002_v2_18_2_close_cash_shift.sql:15: NOTICE:  function public.close_cash_shift() does not exist, skipping
psql:/home/z/my-project/Costpro/supabase/migrations/20260809000002_v2_18_2_close_cash_shift.sql:151: NOTICE:  function public.reopen_cash_shift() does not exist, skipping
═══ 20260809000002_v2_25_g2_rls_deny.sql ═══
psql:/home/z/my-project/Costpro/supabase/migrations/20260809000002_v2_25_g2_rls_deny.sql:8: NOTICE:  relation "public.service_cost_distributions" does not exist, skipping
psql:/home/z/my-project/Costpro/supabase/migrations/20260809000002_v2_25_g2_rls_deny.sql:9: NOTICE:  relation "public.service_cost_distributions" does not exist, skipping
psql:/home/z/my-project/Costpro/supabase/migrations/20260809000002_v2_25_g2_rls_deny.sql:17: ERROR:  relation "public.service_cost_distributions" does not exist
psql:/home/z/my-project/Costpro/supabase/migrations/20260809000002_v2_25_g2_rls_deny.sql:25: ERROR:  relation "public.service_cost_distributions" does not exist
psql:/home/z/my-project/Costpro/supabase/migrations/20260809000002_v2_25_g2_rls_deny.sql:29: ERROR:  relation "public.service_cost_distributions" does not exist
psql:/home/z/my-project/Costpro/supabase/migrations/20260809000002_v2_25_g2_rls_deny.sql:33: ERROR:  relation "public.service_cost_distributions" does not exist
psql:/home/z/my-project/Costpro/supabase/migrations/20260809000002_v2_25_g2_rls_deny.sql:36: NOTICE:  relation "public.service_reception_links" does not exist, skipping
psql:/home/z/my-project/Costpro/supabase/migrations/20260809000002_v2_25_g2_rls_deny.sql:37: NOTICE:  relation "public.service_reception_links" does not exist, skipping
psql:/home/z/my-project/Costpro/supabase/migrations/20260809000002_v2_25_g2_rls_deny.sql:45: ERROR:  relation "public.service_reception_links" does not exist
psql:/home/z/my-project/Costpro/supabase/migrations/20260809000002_v2_25_g2_rls_deny.sql:53: ERROR:  relation "public.service_reception_links" does not exist
psql:/home/z/my-project/Costpro/supabase/migrations/20260809000002_v2_25_g2_rls_deny.sql:57: ERROR:  relation "public.service_reception_links" does not exist
psql:/home/z/my-project/Costpro/supabase/migrations/20260809000002_v2_25_g2_rls_deny.sql:61: ERROR:  relation "public.service_reception_links" does not exist
psql:/home/z/my-project/Costpro/supabase/migrations/20260809000002_v2_25_g2_rls_deny.sql:64: NOTICE:  relation "public.received_services" does not exist, skipping
psql:/home/z/my-project/Costpro/supabase/migrations/20260809000002_v2_25_g2_rls_deny.sql:65: NOTICE:  relation "public.received_services" does not exist, skipping
psql:/home/z/my-project/Costpro/supabase/migrations/20260809000002_v2_25_g2_rls_deny.sql:77: ERROR:  relation "received_services" does not exist
═══ 20260809000003_v2_18_3_commission_reversal_trigger.sql ═══
psql:/home/z/my-project/Costpro/supabase/migrations/20260809000003_v2_18_3_commission_reversal_trigger.sql:15: ERROR:  relation "public.commission_payments" does not exist
psql:/home/z/my-project/Costpro/supabase/migrations/20260809000003_v2_18_3_commission_reversal_trigger.sql:17: ERROR:  relation "public.commission_payments" does not exist
psql:/home/z/my-project/Costpro/supabase/migrations/20260809000003_v2_18_3_commission_reversal_trigger.sql:76: NOTICE:  relation "public.transactions" does not exist, skipping
psql:/home/z/my-project/Costpro/supabase/migrations/20260809000003_v2_18_3_commission_reversal_trigger.sql:79: ERROR:  relation "public.transactions" does not exist
═══ 20260809000003_v2_25_g3_trigger_prevent_edit.sql ═══
psql:/home/z/my-project/Costpro/supabase/migrations/20260809000003_v2_25_g3_trigger_prevent_edit.sql:60: NOTICE:  relation "public.received_services" does not exist, skipping
psql:/home/z/my-project/Costpro/supabase/migrations/20260809000003_v2_25_g3_trigger_prevent_edit.sql:63: ERROR:  relation "public.received_services" does not exist
═══ 20260809000004_v2_18_4_audit_triggers.sql ═══
psql:/home/z/my-project/Costpro/supabase/migrations/20260809000004_v2_18_4_audit_triggers.sql:66: NOTICE:  relation "public.cash_closures" does not exist, skipping
psql:/home/z/my-project/Costpro/supabase/migrations/20260809000004_v2_18_4_audit_triggers.sql:69: ERROR:  relation "public.cash_closures" does not exist
psql:/home/z/my-project/Costpro/supabase/migrations/20260809000004_v2_18_4_audit_triggers.sql:110: NOTICE:  relation "public.commission_payments" does not exist, skipping
psql:/home/z/my-project/Costpro/supabase/migrations/20260809000004_v2_18_4_audit_triggers.sql:113: ERROR:  relation "public.commission_payments" does not exist
psql:/home/z/my-project/Costpro/supabase/migrations/20260809000004_v2_18_4_audit_triggers.sql:147: NOTICE:  relation "public.fiscal_closings" does not exist, skipping
psql:/home/z/my-project/Costpro/supabase/migrations/20260809000004_v2_18_4_audit_triggers.sql:150: ERROR:  relation "public.fiscal_closings" does not exist
psql:/home/z/my-project/Costpro/supabase/migrations/20260809000004_v2_18_4_audit_triggers.sql:181: NOTICE:  trigger "trg_audit_payment_transactions" for relation "public.payment_transactions" does not exist, skipping
═══ 20260809000008_v2_25_g8_distribute_service_cost_v2.sql ═══
psql:/home/z/my-project/Costpro/supabase/migrations/20260809000008_v2_25_g8_distribute_service_cost_v2.sql:98: ERROR:  relation "received_services" does not exist
CONTEXT:  compilation of PL/pgSQL function "distribute_service_cost_v2" near line 6
psql:/home/z/my-project/Costpro/supabase/migrations/20260809000008_v2_25_g8_distribute_service_cost_v2.sql:100: ERROR:  could not find a function named "public.distribute_service_cost_v2"
═══ 20260809000012_v2_25_1_hotfix_trigger_select_policy.sql ═══
psql:/home/z/my-project/Costpro/supabase/migrations/20260809000012_v2_25_1_hotfix_trigger_select_policy.sql:107: ERROR:  relation "public.received_services" does not exist
═══ 20260809000013_v2_25_2_hotfix_cancelled_status.sql ═══
psql:/home/z/my-project/Costpro/supabase/migrations/20260809000013_v2_25_2_hotfix_cancelled_status.sql:11: ERROR:  relation "public.received_services" does not exist
psql:/home/z/my-project/Costpro/supabase/migrations/20260809000013_v2_25_2_hotfix_cancelled_status.sql:15: ERROR:  relation "public.received_services" does not exist
═══ 20260810000001_v2_19_1_document_sequences.sql ═══
psql:/home/z/my-project/Costpro/supabase/migrations/20260810000001_v2_19_1_document_sequences.sql:19: ERROR:  relation "public.stores" does not exist
psql:/home/z/my-project/Costpro/supabase/migrations/20260810000001_v2_19_1_document_sequences.sql:22: ERROR:  relation "public.document_sequences" does not exist
psql:/home/z/my-project/Costpro/supabase/migrations/20260810000001_v2_19_1_document_sequences.sql:24: ERROR:  relation "public.document_sequences" does not exist
psql:/home/z/my-project/Costpro/supabase/migrations/20260810000001_v2_19_1_document_sequences.sql:25: NOTICE:  relation "public.document_sequences" does not exist, skipping
psql:/home/z/my-project/Costpro/supabase/migrations/20260810000001_v2_19_1_document_sequences.sql:27: ERROR:  relation "public.document_sequences" does not exist
psql:/home/z/my-project/Costpro/supabase/migrations/20260810000001_v2_19_1_document_sequences.sql:30: NOTICE:  function public.next_document_number() does not exist, skipping
═══ 20260810000001_v2_26_g1_schema_sync.sql ═══
psql:/home/z/my-project/Costpro/supabase/migrations/20260810000001_v2_26_g1_schema_sync.sql:25: ERROR:  relation "production_orders" does not exist
LINE 2:     SELECT store_id, order_number FROM production_orders
                                               ^
QUERY:  SELECT COUNT(*)             FROM (
    SELECT store_id, order_number FROM production_orders
    GROUP BY store_id, order_number HAVING COUNT(*) > 1
  ) d
CONTEXT:  PL/pgSQL function inline_code_block line 4 at SQL statement
psql:/home/z/my-project/Costpro/supabase/migrations/20260810000001_v2_26_g1_schema_sync.sql:29: ERROR:  relation "public.production_orders" does not exist
psql:/home/z/my-project/Costpro/supabase/migrations/20260810000001_v2_26_g1_schema_sync.sql:34: ERROR:  relation "public.production_orders" does not exist
psql:/home/z/my-project/Costpro/supabase/migrations/20260810000001_v2_26_g1_schema_sync.sql:37: ERROR:  relation "public.production_orders" does not exist
psql:/home/z/my-project/Costpro/supabase/migrations/20260810000001_v2_26_g1_schema_sync.sql:39: ERROR:  relation "public.production_orders" does not exist
psql:/home/z/my-project/Costpro/supabase/migrations/20260810000001_v2_26_g1_schema_sync.sql:43: ERROR:  relation "public.production_orders" does not exist
psql:/home/z/my-project/Costpro/supabase/migrations/20260810000001_v2_26_g1_schema_sync.sql:48: ERROR:  relation "public.production_orders" does not exist
psql:/home/z/my-project/Costpro/supabase/migrations/20260810000001_v2_26_g1_schema_sync.sql:69: ERROR:  type "public.movement_type" does not exist
═══ 20260810000002_v2_19_2_z_reports.sql ═══
psql:/home/z/my-project/Costpro/supabase/migrations/20260810000002_v2_19_2_z_reports.sql:33: ERROR:  relation "public.cash_closures" does not exist
psql:/home/z/my-project/Costpro/supabase/migrations/20260810000002_v2_19_2_z_reports.sql:35: ERROR:  relation "public.z_reports" does not exist
psql:/home/z/my-project/Costpro/supabase/migrations/20260810000002_v2_19_2_z_reports.sql:36: ERROR:  relation "public.z_reports" does not exist
psql:/home/z/my-project/Costpro/supabase/migrations/20260810000002_v2_19_2_z_reports.sql:37: ERROR:  relation "public.z_reports" does not exist
psql:/home/z/my-project/Costpro/supabase/migrations/20260810000002_v2_19_2_z_reports.sql:39: ERROR:  relation "public.z_reports" does not exist
psql:/home/z/my-project/Costpro/supabase/migrations/20260810000002_v2_19_2_z_reports.sql:40: NOTICE:  relation "public.z_reports" does not exist, skipping
psql:/home/z/my-project/Costpro/supabase/migrations/20260810000002_v2_19_2_z_reports.sql:43: ERROR:  relation "public.z_reports" does not exist
psql:/home/z/my-project/Costpro/supabase/migrations/20260810000002_v2_19_2_z_reports.sql:56: NOTICE:  relation "public.z_reports" does not exist, skipping
psql:/home/z/my-project/Costpro/supabase/migrations/20260810000002_v2_19_2_z_reports.sql:59: ERROR:  relation "public.z_reports" does not exist
═══ 20260810000003_v2_19_3_invoice_number_fiscal_lock.sql ═══
psql:/home/z/my-project/Costpro/supabase/migrations/20260810000003_v2_19_3_invoice_number_fiscal_lock.sql:13: ERROR:  relation "public.transactions" does not exist
psql:/home/z/my-project/Costpro/supabase/migrations/20260810000003_v2_19_3_invoice_number_fiscal_lock.sql:14: ERROR:  relation "public.transactions" does not exist
═══ 20260810000004_v2_26_g4_void_closed_production_order.sql ═══
psql:/home/z/my-project/Costpro/supabase/migrations/20260810000004_v2_26_g4_void_closed_production_order.sql:176: ERROR:  cannot change return type of existing function
HINT:  Use DROP FUNCTION void_closed_production_order(uuid,text,uuid) first.
═══ 20260810000005_v2_19_5_fiscal_closings_immutable.sql ═══
psql:/home/z/my-project/Costpro/supabase/migrations/20260810000005_v2_19_5_fiscal_closings_immutable.sql:22: NOTICE:  relation "public.fiscal_closings" does not exist, skipping
psql:/home/z/my-project/Costpro/supabase/migrations/20260810000005_v2_19_5_fiscal_closings_immutable.sql:25: ERROR:  relation "public.fiscal_closings" does not exist
═══ 20260810000006_v2_19_6_fiscal_reports.sql ═══
psql:/home/z/my-project/Costpro/supabase/migrations/20260810000006_v2_19_6_fiscal_reports.sql:11: NOTICE:  function public.get_sales_book() does not exist, skipping
psql:/home/z/my-project/Costpro/supabase/migrations/20260810000006_v2_19_6_fiscal_reports.sql:61: NOTICE:  function public.get_purchases_book() does not exist, skipping
psql:/home/z/my-project/Costpro/supabase/migrations/20260810000006_v2_19_6_fiscal_reports.sql:107: NOTICE:  function public.get_tax_report() does not exist, skipping
═══ 20260810000006_v2_26_g6_close_service_order_as_sale.sql ═══
psql:/home/z/my-project/Costpro/supabase/migrations/20260810000006_v2_26_g6_close_service_order_as_sale.sql:125: ERROR:  cannot change return type of existing function
HINT:  Use DROP FUNCTION close_service_order_as_sale(uuid,uuid,uuid,text,text,numeric,uuid) first.
═══ 20260810000007_v2_19_7_retention_policy.sql ═══
psql:/home/z/my-project/Costpro/supabase/migrations/20260810000007_v2_19_7_retention_policy.sql:9: ERROR:  relation "public.transactions" does not exist
psql:/home/z/my-project/Costpro/supabase/migrations/20260810000007_v2_19_7_retention_policy.sql:11: ERROR:  relation "public.devolutions" does not exist
psql:/home/z/my-project/Costpro/supabase/migrations/20260810000007_v2_19_7_retention_policy.sql:13: ERROR:  relation "public.cash_closures" does not exist
psql:/home/z/my-project/Costpro/supabase/migrations/20260810000007_v2_19_7_retention_policy.sql:15: ERROR:  relation "public.z_reports" does not exist
psql:/home/z/my-project/Costpro/supabase/migrations/20260810000007_v2_19_7_retention_policy.sql:17: ERROR:  relation "public.fiscal_closings" does not exist
═══ 20260810000009_v2_26_g9_g10_api_cleanup.sql ═══
psql:/home/z/my-project/Costpro/supabase/migrations/20260810000009_v2_26_g9_g10_api_cleanup.sql:12: ERROR:  relation "public.production_orders" does not exist
psql:/home/z/my-project/Costpro/supabase/migrations/20260810000009_v2_26_g9_g10_api_cleanup.sql:16: ERROR:  relation "public.production_orders" does not exist
═══ 20260810000020_pr2_migracion_b_schema.sql ═══
psql:/home/z/my-project/Costpro/supabase/migrations/20260810000020_pr2_migracion_b_schema.sql:547: NOTICE:  function public.register_reception_wrapper(jsonb) does not exist, skipping
═══ 20260810000050_pr4_5_security_fixes.sql ═══
psql:/home/z/my-project/Costpro/supabase/migrations/20260810000050_pr4_5_security_fixes.sql:32: ERROR:  relation "public.pr2_backup_receipts_20260810" does not exist
psql:/home/z/my-project/Costpro/supabase/migrations/20260810000050_pr4_5_security_fixes.sql:35: NOTICE:  relation "public.pr2_backup_receipts_20260810" does not exist, skipping
psql:/home/z/my-project/Costpro/supabase/migrations/20260810000050_pr4_5_security_fixes.sql:43: ERROR:  relation "public.pr2_backup_receipts_20260810" does not exist
psql:/home/z/my-project/Costpro/supabase/migrations/20260810000050_pr4_5_security_fixes.sql:49: ERROR:  relation "public.pr2_backup_receipts_20260810" does not exist
psql:/home/z/my-project/Costpro/supabase/migrations/20260810000050_pr4_5_security_fixes.sql:55: ERROR:  relation "public.pr2_backup_receipt_items_20260810" does not exist
psql:/home/z/my-project/Costpro/supabase/migrations/20260810000050_pr4_5_security_fixes.sql:57: NOTICE:  relation "public.pr2_backup_receipt_items_20260810" does not exist, skipping
psql:/home/z/my-project/Costpro/supabase/migrations/20260810000050_pr4_5_security_fixes.sql:65: ERROR:  relation "public.pr2_backup_receipt_items_20260810" does not exist
psql:/home/z/my-project/Costpro/supabase/migrations/20260810000050_pr4_5_security_fixes.sql:68: ERROR:  relation "public.pr2_backup_receipt_items_20260810" does not exist
psql:/home/z/my-project/Costpro/supabase/migrations/20260810000050_pr4_5_security_fixes.sql:77: ERROR:  relation "public.v_profiles_unified" does not exist
psql:/home/z/my-project/Costpro/supabase/migrations/20260810000050_pr4_5_security_fixes.sql:81: ERROR:  relation "public.v_profiles_unified" does not exist
psql:/home/z/my-project/Costpro/supabase/migrations/20260810000050_pr4_5_security_fixes.sql:91: ERROR:  relation "public.v_physical_count_summary" does not exist
psql:/home/z/my-project/Costpro/supabase/migrations/20260810000050_pr4_5_security_fixes.sql:95: ERROR:  relation "public.v_physical_count_summary" does not exist
═══ 20260810000051_pr4_5_1_security_views_remaining.sql ═══
psql:/home/z/my-project/Costpro/supabase/migrations/20260810000051_pr4_5_1_security_views_remaining.sql:40: ERROR:  relation "public.v_document_state_summary" does not exist
psql:/home/z/my-project/Costpro/supabase/migrations/20260810000051_pr4_5_1_security_views_remaining.sql:50: ERROR:  relation "public.v_stock_available" does not exist
psql:/home/z/my-project/Costpro/supabase/migrations/20260810000051_pr4_5_1_security_views_remaining.sql:65: ERROR:  relation "public.v_rls_tenant_backfill_audit" does not exist
psql:/home/z/my-project/Costpro/supabase/migrations/20260810000051_pr4_5_1_security_views_remaining.sql:75: ERROR:  relation "public.v_purchase_orders_cxp" does not exist
═══ 20260810000060_pr4_4c_payment_and_date_fixes.sql ═══
psql:/home/z/my-project/Costpro/supabase/migrations/20260810000060_pr4_4c_payment_and_date_fixes.sql:21: ERROR:  relation "public.transactions" does not exist
psql:/home/z/my-project/Costpro/supabase/migrations/20260810000060_pr4_4c_payment_and_date_fixes.sql:27: ERROR:  relation "public.transactions" does not exist
psql:/home/z/my-project/Costpro/supabase/migrations/20260810000060_pr4_4c_payment_and_date_fixes.sql:30: ERROR:  relation "public.transactions" does not exist
═══ 20260810000070_pr4_4e_timezone_services_document.sql ═══
psql:/home/z/my-project/Costpro/supabase/migrations/20260810000070_pr4_4e_timezone_services_document.sql:77: ERROR:  relation "public.products" does not exist
psql:/home/z/my-project/Costpro/supabase/migrations/20260810000070_pr4_4e_timezone_services_document.sql:80: ERROR:  relation "public.products" does not exist
psql:/home/z/my-project/Costpro/supabase/migrations/20260810000070_pr4_4e_timezone_services_document.sql:83: ERROR:  relation "public.products" does not exist
LINE 1: UPDATE public.products SET is_service = TRUE WHERE sku = '99...
               ^
═══ 20260810000090_pr4_4f_relax_payment_check.sql ═══
psql:/home/z/my-project/Costpro/supabase/migrations/20260810000090_pr4_4f_relax_payment_check.sql:7: ERROR:  relation "public.transactions" does not exist
psql:/home/z/my-project/Costpro/supabase/migrations/20260810000090_pr4_4f_relax_payment_check.sql:12: ERROR:  relation "public.transactions" does not exist
psql:/home/z/my-project/Costpro/supabase/migrations/20260810000090_pr4_4f_relax_payment_check.sql:15: ERROR:  relation "public.transactions" does not exist
═══ 20260811000001_v2_20_1_audit_logs_trace_id.sql ═══
psql:/home/z/my-project/Costpro/supabase/migrations/20260811000001_v2_20_1_audit_logs_trace_id.sql:10: ERROR:  relation "public.audit_logs" does not exist
psql:/home/z/my-project/Costpro/supabase/migrations/20260811000001_v2_20_1_audit_logs_trace_id.sql:13: ERROR:  relation "public.audit_logs" does not exist
psql:/home/z/my-project/Costpro/supabase/migrations/20260811000001_v2_20_1_audit_logs_trace_id.sql:16: ERROR:  relation "public.audit_logs" does not exist
═══ 20260811000002_v2_20_2_rpc_trace_id.sql ═══
psql:/home/z/my-project/Costpro/supabase/migrations/20260811000002_v2_20_2_rpc_trace_id.sql:36: NOTICE:  relation "public.audit_logs" does not exist, skipping
psql:/home/z/my-project/Costpro/supabase/migrations/20260811000002_v2_20_2_rpc_trace_id.sql:39: ERROR:  relation "public.audit_logs" does not exist
═══ 20260812000001_pr4_4i_payment_transactions_hardening.sql ═══
psql:/home/z/my-project/Costpro/supabase/migrations/20260812000001_pr4_4i_payment_transactions_hardening.sql:63: NOTICE:  Created role costpro_transaction_adjuster (NOLOGIN NOINHERIT)
psql:/home/z/my-project/Costpro/supabase/migrations/20260812000001_pr4_4i_payment_transactions_hardening.sql:70: NOTICE:  constraint "payment_transactions_transaction_id_fkey" of relation "payment_transactions" does not exist, skipping
psql:/home/z/my-project/Costpro/supabase/migrations/20260812000001_pr4_4i_payment_transactions_hardening.sql:76: ERROR:  relation "public.transactions" does not exist
psql:/home/z/my-project/Costpro/supabase/migrations/20260812000001_pr4_4i_payment_transactions_hardening.sql:94: NOTICE:  constraint "payment_transactions_currency_check" of relation "payment_transactions" does not exist, skipping
psql:/home/z/my-project/Costpro/supabase/migrations/20260812000001_pr4_4i_payment_transactions_hardening.sql:98: NOTICE:  constraint "payment_transactions_sale_ref_check" of relation "payment_transactions" does not exist, skipping
psql:/home/z/my-project/Costpro/supabase/migrations/20260812000001_pr4_4i_payment_transactions_hardening.sql:182: NOTICE:  trigger "trg_validate_payment_invariants" for relation "public.payment_transactions" does not exist, skipping
psql:/home/z/my-project/Costpro/supabase/migrations/20260812000001_pr4_4i_payment_transactions_hardening.sql:206: NOTICE:  relation "public.transactions" does not exist, skipping
psql:/home/z/my-project/Costpro/supabase/migrations/20260812000001_pr4_4i_payment_transactions_hardening.sql:209: ERROR:  relation "public.transactions" does not exist
psql:/home/z/my-project/Costpro/supabase/migrations/20260812000001_pr4_4i_payment_transactions_hardening.sql:307: ERROR:  relation "public.transactions" does not exist
psql:/home/z/my-project/Costpro/supabase/migrations/20260812000001_pr4_4i_payment_transactions_hardening.sql:309: ERROR:  relation "public.audit_logs" does not exist
psql:/home/z/my-project/Costpro/supabase/migrations/20260812000001_pr4_4i_payment_transactions_hardening.sql:323: ERROR:  relation "public.transactions" does not exist
═══ 20260817000001_vale_salida.sql ═══
psql:/home/z/my-project/Costpro/supabase/migrations/20260817000001_vale_salida.sql:66: ERROR:  type "public.movement_type" does not exist
CONTEXT:  SQL statement "ALTER TYPE public.movement_type ADD VALUE 'issue_slip_out' BEFORE 'issue_slip_reverse'"
PL/pgSQL function inline_code_block line 9 at SQL statement
psql:/home/z/my-project/Costpro/supabase/migrations/20260817000001_vale_salida.sql:87: ERROR:  current transaction is aborted, commands ignored until end of transaction block
psql:/home/z/my-project/Costpro/supabase/migrations/20260817000001_vale_salida.sql:112: ERROR:  current transaction is aborted, commands ignored until end of transaction block
psql:/home/z/my-project/Costpro/supabase/migrations/20260817000001_vale_salida.sql:115: ERROR:  current transaction is aborted, commands ignored until end of transaction block
psql:/home/z/my-project/Costpro/supabase/migrations/20260817000001_vale_salida.sql:116: ERROR:  current transaction is aborted, commands ignored until end of transaction block
psql:/home/z/my-project/Costpro/supabase/migrations/20260817000001_vale_salida.sql:117: ERROR:  current transaction is aborted, commands ignored until end of transaction block
psql:/home/z/my-project/Costpro/supabase/migrations/20260817000001_vale_salida.sql:118: ERROR:  current transaction is aborted, commands ignored until end of transaction block
psql:/home/z/my-project/Costpro/supabase/migrations/20260817000001_vale_salida.sql:135: ERROR:  current transaction is aborted, commands ignored until end of transaction block
psql:/home/z/my-project/Costpro/supabase/migrations/20260817000001_vale_salida.sql:160: ERROR:  current transaction is aborted, commands ignored until end of transaction block
psql:/home/z/my-project/Costpro/supabase/migrations/20260817000001_vale_salida.sql:163: ERROR:  current transaction is aborted, commands ignored until end of transaction block
psql:/home/z/my-project/Costpro/supabase/migrations/20260817000001_vale_salida.sql:164: ERROR:  current transaction is aborted, commands ignored until end of transaction block
psql:/home/z/my-project/Costpro/supabase/migrations/20260817000001_vale_salida.sql:165: ERROR:  current transaction is aborted, commands ignored until end of transaction block
psql:/home/z/my-project/Costpro/supabase/migrations/20260817000001_vale_salida.sql:166: ERROR:  current transaction is aborted, commands ignored until end of transaction block
psql:/home/z/my-project/Costpro/supabase/migrations/20260817000001_vale_salida.sql:171: ERROR:  current transaction is aborted, commands ignored until end of transaction block
psql:/home/z/my-project/Costpro/supabase/migrations/20260817000001_vale_salida.sql:172: ERROR:  current transaction is aborted, commands ignored until end of transaction block
psql:/home/z/my-project/Costpro/supabase/migrations/20260817000001_vale_salida.sql:173: ERROR:  current transaction is aborted, commands ignored until end of transaction block
psql:/home/z/my-project/Costpro/supabase/migrations/20260817000001_vale_salida.sql:174: ERROR:  current transaction is aborted, commands ignored until end of transaction block
psql:/home/z/my-project/Costpro/supabase/migrations/20260817000001_vale_salida.sql:175: ERROR:  current transaction is aborted, commands ignored until end of transaction block
psql:/home/z/my-project/Costpro/supabase/migrations/20260817000001_vale_salida.sql:176: ERROR:  current transaction is aborted, commands ignored until end of transaction block
psql:/home/z/my-project/Costpro/supabase/migrations/20260817000001_vale_salida.sql:178: ERROR:  current transaction is aborted, commands ignored until end of transaction block
psql:/home/z/my-project/Costpro/supabase/migrations/20260817000001_vale_salida.sql:179: ERROR:  current transaction is aborted, commands ignored until end of transaction block
psql:/home/z/my-project/Costpro/supabase/migrations/20260817000001_vale_salida.sql:180: ERROR:  current transaction is aborted, commands ignored until end of transaction block
psql:/home/z/my-project/Costpro/supabase/migrations/20260817000001_vale_salida.sql:181: ERROR:  current transaction is aborted, commands ignored until end of transaction block
psql:/home/z/my-project/Costpro/supabase/migrations/20260817000001_vale_salida.sql:182: ERROR:  current transaction is aborted, commands ignored until end of transaction block
psql:/home/z/my-project/Costpro/supabase/migrations/20260817000001_vale_salida.sql:183: ERROR:  current transaction is aborted, commands ignored until end of transaction block
psql:/home/z/my-project/Costpro/supabase/migrations/20260817000001_vale_salida.sql:188: ERROR:  current transaction is aborted, commands ignored until end of transaction block
psql:/home/z/my-project/Costpro/supabase/migrations/20260817000001_vale_salida.sql:192: ERROR:  current transaction is aborted, commands ignored until end of transaction block
psql:/home/z/my-project/Costpro/supabase/migrations/20260817000001_vale_salida.sql:194: ERROR:  current transaction is aborted, commands ignored until end of transaction block
psql:/home/z/my-project/Costpro/supabase/migrations/20260817000001_vale_salida.sql:198: ERROR:  current transaction is aborted, commands ignored until end of transaction block
psql:/home/z/my-project/Costpro/supabase/migrations/20260817000001_vale_salida.sql:204: ERROR:  current transaction is aborted, commands ignored until end of transaction block
psql:/home/z/my-project/Costpro/supabase/migrations/20260817000001_vale_salida.sql:205: ERROR:  current transaction is aborted, commands ignored until end of transaction block
psql:/home/z/my-project/Costpro/supabase/migrations/20260817000001_vale_salida.sql:208: ERROR:  current transaction is aborted, commands ignored until end of transaction block
psql:/home/z/my-project/Costpro/supabase/migrations/20260817000001_vale_salida.sql:209: ERROR:  current transaction is aborted, commands ignored until end of transaction block
psql:/home/z/my-project/Costpro/supabase/migrations/20260817000001_vale_salida.sql:212: ERROR:  current transaction is aborted, commands ignored until end of transaction block
psql:/home/z/my-project/Costpro/supabase/migrations/20260817000001_vale_salida.sql:213: ERROR:  current transaction is aborted, commands ignored until end of transaction block
psql:/home/z/my-project/Costpro/supabase/migrations/20260817000001_vale_salida.sql:216: ERROR:  current transaction is aborted, commands ignored until end of transaction block
psql:/home/z/my-project/Costpro/supabase/migrations/20260817000001_vale_salida.sql:217: ERROR:  current transaction is aborted, commands ignored until end of transaction block
psql:/home/z/my-project/Costpro/supabase/migrations/20260817000001_vale_salida.sql:220: ERROR:  current transaction is aborted, commands ignored until end of transaction block
psql:/home/z/my-project/Costpro/supabase/migrations/20260817000001_vale_salida.sql:221: ERROR:  current transaction is aborted, commands ignored until end of transaction block
psql:/home/z/my-project/Costpro/supabase/migrations/20260817000001_vale_salida.sql:224: ERROR:  current transaction is aborted, commands ignored until end of transaction block
psql:/home/z/my-project/Costpro/supabase/migrations/20260817000001_vale_salida.sql:225: ERROR:  current transaction is aborted, commands ignored until end of transaction block
psql:/home/z/my-project/Costpro/supabase/migrations/20260817000001_vale_salida.sql:381: ERROR:  current transaction is aborted, commands ignored until end of transaction block
psql:/home/z/my-project/Costpro/supabase/migrations/20260817000001_vale_salida.sql:529: ERROR:  current transaction is aborted, commands ignored until end of transaction block
psql:/home/z/my-project/Costpro/supabase/migrations/20260817000001_vale_salida.sql:533: ERROR:  current transaction is aborted, commands ignored until end of transaction block
psql:/home/z/my-project/Costpro/supabase/migrations/20260817000001_vale_salida.sql:654: ERROR:  current transaction is aborted, commands ignored until end of transaction block
psql:/home/z/my-project/Costpro/supabase/migrations/20260817000001_vale_salida.sql:657: ERROR:  current transaction is aborted, commands ignored until end of transaction block
psql:/home/z/my-project/Costpro/supabase/migrations/20260817000001_vale_salida.sql:772: ERROR:  current transaction is aborted, commands ignored until end of transaction block
psql:/home/z/my-project/Costpro/supabase/migrations/20260817000001_vale_salida.sql:839: ERROR:  current transaction is aborted, commands ignored until end of transaction block
psql:/home/z/my-project/Costpro/supabase/migrations/20260817000001_vale_salida.sql:879: ERROR:  current transaction is aborted, commands ignored until end of transaction block
psql:/home/z/my-project/Costpro/supabase/migrations/20260817000001_vale_salida.sql:887: ERROR:  current transaction is aborted, commands ignored until end of transaction block
psql:/home/z/my-project/Costpro/supabase/migrations/20260817000001_vale_salida.sql:890: ERROR:  current transaction is aborted, commands ignored until end of transaction block
psql:/home/z/my-project/Costpro/supabase/migrations/20260817000001_vale_salida.sql:893: ERROR:  current transaction is aborted, commands ignored until end of transaction block
psql:/home/z/my-project/Costpro/supabase/migrations/20260817000001_vale_salida.sql:896: ERROR:  current transaction is aborted, commands ignored until end of transaction block
psql:/home/z/my-project/Costpro/supabase/migrations/20260817000001_vale_salida.sql:901: ERROR:  current transaction is aborted, commands ignored until end of transaction block
psql:/home/z/my-project/Costpro/supabase/migrations/20260817000001_vale_salida.sql:904: ERROR:  current transaction is aborted, commands ignored until end of transaction block
psql:/home/z/my-project/Costpro/supabase/migrations/20260817000001_vale_salida.sql:909: ERROR:  current transaction is aborted, commands ignored until end of transaction block
psql:/home/z/my-project/Costpro/supabase/migrations/20260817000001_vale_salida.sql:912: ERROR:  current transaction is aborted, commands ignored until end of transaction block
psql:/home/z/my-project/Costpro/supabase/migrations/20260817000001_vale_salida.sql:918: ERROR:  current transaction is aborted, commands ignored until end of transaction block
psql:/home/z/my-project/Costpro/supabase/migrations/20260817000001_vale_salida.sql:922: ERROR:  current transaction is aborted, commands ignored until end of transaction block
psql:/home/z/my-project/Costpro/supabase/migrations/20260817000001_vale_salida.sql:926: ERROR:  current transaction is aborted, commands ignored until end of transaction block
psql:/home/z/my-project/Costpro/supabase/migrations/20260817000001_vale_salida.sql:928: ERROR:  current transaction is aborted, commands ignored until end of transaction block
psql:/home/z/my-project/Costpro/supabase/migrations/20260817000001_vale_salida.sql:944: ERROR:  current transaction is aborted, commands ignored until end of transaction block
psql:/home/z/my-project/Costpro/supabase/migrations/20260817000001_vale_salida.sql:959: ERROR:  current transaction is aborted, commands ignored until end of transaction block
═══ 20260818000001_security_hardening_h1_h2_h3.sql ═══
psql:/home/z/my-project/Costpro/supabase/migrations/20260818000001_security_hardening_h1_h2_h3.sql:63: ERROR:  relation "profiles" does not exist
LINE 14:         SELECT 1 FROM profiles
                               ^
psql:/home/z/my-project/Costpro/supabase/migrations/20260818000001_security_hardening_h1_h2_h3.sql:66: ERROR:  current transaction is aborted, commands ignored until end of transaction block
psql:/home/z/my-project/Costpro/supabase/migrations/20260818000001_security_hardening_h1_h2_h3.sql:84: ERROR:  current transaction is aborted, commands ignored until end of transaction block
psql:/home/z/my-project/Costpro/supabase/migrations/20260818000001_security_hardening_h1_h2_h3.sql:106: ERROR:  function "has_management_access_as(uuid,uuid)" does not exist
LINE 7:        has_function_privilege('anon', 'has_management_access...
                                              ^
═══ 20260818000002_bulk_delete_functions_versioned.sql ═══
psql:/home/z/my-project/Costpro/supabase/migrations/20260818000002_bulk_delete_functions_versioned.sql:18: ERROR:  syntax error at or near "ARRAY"
LINE 4:   store_ids ARRAY NOT NULL,
                    ^
psql:/home/z/my-project/Costpro/supabase/migrations/20260818000002_bulk_delete_functions_versioned.sql:167: ERROR:  syntax error at or near "REVOKE"
LINE 146: REVOKE EXECUTE ON FUNCTION public.bulk_soft_delete_stores FR...
          ^
psql:/home/z/my-project/Costpro/supabase/migrations/20260818000002_bulk_delete_functions_versioned.sql:168: ERROR:  could not find a function named "public.bulk_soft_delete_stores"
psql:/home/z/my-project/Costpro/supabase/migrations/20260818000002_bulk_delete_functions_versioned.sql:203: ERROR:  syntax error at or near "REVOKE"
LINE 32: REVOKE EXECUTE ON FUNCTION public.check_bulk_ops_hourly_limi...
         ^
psql:/home/z/my-project/Costpro/supabase/migrations/20260818000002_bulk_delete_functions_versioned.sql:204: ERROR:  could not find a function named "public.check_bulk_ops_hourly_limit"
psql:/home/z/my-project/Costpro/supabase/migrations/20260818000002_bulk_delete_functions_versioned.sql:254: ERROR:  syntax error at or near "REVOKE"
LINE 47: REVOKE EXECUTE ON FUNCTION public.generate_bulk_confirmation...
         ^
psql:/home/z/my-project/Costpro/supabase/migrations/20260818000002_bulk_delete_functions_versioned.sql:255: ERROR:  could not find a function named "public.generate_bulk_confirmation_token"
psql:/home/z/my-project/Costpro/supabase/migrations/20260818000002_bulk_delete_functions_versioned.sql:331: ERROR:  syntax error at or near "REVOKE"
LINE 73: REVOKE EXECUTE ON FUNCTION public.generate_bulk_override_tok...
         ^
psql:/home/z/my-project/Costpro/supabase/migrations/20260818000002_bulk_delete_functions_versioned.sql:332: ERROR:  could not find a function named "public.generate_bulk_override_token"
═══ 20260820000001_security_fix_spoofable_caller_uid.sql ═══
psql:/home/z/my-project/Costpro/supabase/migrations/20260820000001_security_fix_spoofable_caller_uid.sql:58: ERROR:  relation "public.user_store_memberships" does not exist
LINE 11:       SELECT 1 FROM public.user_store_memberships m
                             ^
psql:/home/z/my-project/Costpro/supabase/migrations/20260820000001_security_fix_spoofable_caller_uid.sql:60: ERROR:  function public.has_store_role(uuid, uuid, text[]) does not exist
psql:/home/z/my-project/Costpro/supabase/migrations/20260820000001_security_fix_spoofable_caller_uid.sql:61: ERROR:  function public.has_store_role(uuid, uuid, text[]) does not exist
psql:/home/z/my-project/Costpro/supabase/migrations/20260820000001_security_fix_spoofable_caller_uid.sql:62: ERROR:  function public.has_store_role(uuid, uuid, text[]) does not exist
psql:/home/z/my-project/Costpro/supabase/migrations/20260820000001_security_fix_spoofable_caller_uid.sql:65: ERROR:  function public.has_store_role(uuid, uuid, text[]) does not exist
psql:/home/z/my-project/Costpro/supabase/migrations/20260820000001_security_fix_spoofable_caller_uid.sql:157: ERROR:  type public.user_role does not exist
psql:/home/z/my-project/Costpro/supabase/migrations/20260820000001_security_fix_spoofable_caller_uid.sql:159: ERROR:  could not find a function named "public.managed_update_user"
psql:/home/z/my-project/Costpro/supabase/migrations/20260820000001_security_fix_spoofable_caller_uid.sql:160: ERROR:  could not find a function named "public.managed_update_user"
psql:/home/z/my-project/Costpro/supabase/migrations/20260820000001_security_fix_spoofable_caller_uid.sql:161: ERROR:  could not find a function named "public.managed_update_user"
psql:/home/z/my-project/Costpro/supabase/migrations/20260820000001_security_fix_spoofable_caller_uid.sql:164: ERROR:  could not find a function named "public.managed_update_user"
psql:/home/z/my-project/Costpro/supabase/migrations/20260820000001_security_fix_spoofable_caller_uid.sql:215: ERROR:  type "public.user_role" does not exist
LINE 16:   v_caller_role public.user_role;
                         ^
psql:/home/z/my-project/Costpro/supabase/migrations/20260820000001_security_fix_spoofable_caller_uid.sql:217: ERROR:  could not find a function named "public.managed_toggle_user_status"
psql:/home/z/my-project/Costpro/supabase/migrations/20260820000001_security_fix_spoofable_caller_uid.sql:218: ERROR:  could not find a function named "public.managed_toggle_user_status"
psql:/home/z/my-project/Costpro/supabase/migrations/20260820000001_security_fix_spoofable_caller_uid.sql:219: ERROR:  could not find a function named "public.managed_toggle_user_status"
psql:/home/z/my-project/Costpro/supabase/migrations/20260820000001_security_fix_spoofable_caller_uid.sql:222: ERROR:  could not find a function named "public.managed_toggle_user_status"
psql:/home/z/my-project/Costpro/supabase/migrations/20260820000001_security_fix_spoofable_caller_uid.sql:305: ERROR:  type "public.user_role" does not exist
LINE 16:   v_caller_role public.user_role;
                         ^
psql:/home/z/my-project/Costpro/supabase/migrations/20260820000001_security_fix_spoofable_caller_uid.sql:307: ERROR:  could not find a function named "public.managed_soft_delete_user"
psql:/home/z/my-project/Costpro/supabase/migrations/20260820000001_security_fix_spoofable_caller_uid.sql:308: ERROR:  could not find a function named "public.managed_soft_delete_user"
psql:/home/z/my-project/Costpro/supabase/migrations/20260820000001_security_fix_spoofable_caller_uid.sql:309: ERROR:  could not find a function named "public.managed_soft_delete_user"
psql:/home/z/my-project/Costpro/supabase/migrations/20260820000001_security_fix_spoofable_caller_uid.sql:312: ERROR:  could not find a function named "public.managed_soft_delete_user"
psql:/home/z/my-project/Costpro/supabase/migrations/20260820000001_security_fix_spoofable_caller_uid.sql:353: ERROR:  type "public.user_role" does not exist
LINE 14:   v_caller_role public.user_role;
                         ^
psql:/home/z/my-project/Costpro/supabase/migrations/20260820000001_security_fix_spoofable_caller_uid.sql:355: ERROR:  could not find a function named "public.managed_reset_password"
psql:/home/z/my-project/Costpro/supabase/migrations/20260820000001_security_fix_spoofable_caller_uid.sql:356: ERROR:  could not find a function named "public.managed_reset_password"
psql:/home/z/my-project/Costpro/supabase/migrations/20260820000001_security_fix_spoofable_caller_uid.sql:357: ERROR:  could not find a function named "public.managed_reset_password"
psql:/home/z/my-project/Costpro/supabase/migrations/20260820000001_security_fix_spoofable_caller_uid.sql:360: ERROR:  could not find a function named "public.managed_reset_password"
psql:/home/z/my-project/Costpro/supabase/migrations/20260820000001_security_fix_spoofable_caller_uid.sql:423: ERROR:  type public.user_role does not exist
psql:/home/z/my-project/Costpro/supabase/migrations/20260820000001_security_fix_spoofable_caller_uid.sql:425: ERROR:  could not find a function named "public.managed_update_membership"
psql:/home/z/my-project/Costpro/supabase/migrations/20260820000001_security_fix_spoofable_caller_uid.sql:426: ERROR:  could not find a function named "public.managed_update_membership"
psql:/home/z/my-project/Costpro/supabase/migrations/20260820000001_security_fix_spoofable_caller_uid.sql:427: ERROR:  could not find a function named "public.managed_update_membership"
psql:/home/z/my-project/Costpro/supabase/migrations/20260820000001_security_fix_spoofable_caller_uid.sql:430: ERROR:  could not find a function named "public.managed_update_membership"
psql:/home/z/my-project/Costpro/supabase/migrations/20260820000001_security_fix_spoofable_caller_uid.sql:569: ERROR:  type "public.user_role" does not exist
LINE 18:   v_role public.user_role;
                  ^
psql:/home/z/my-project/Costpro/supabase/migrations/20260820000001_security_fix_spoofable_caller_uid.sql:571: ERROR:  could not find a function named "public.managed_update_tenant_plan"
psql:/home/z/my-project/Costpro/supabase/migrations/20260820000001_security_fix_spoofable_caller_uid.sql:572: ERROR:  could not find a function named "public.managed_update_tenant_plan"
psql:/home/z/my-project/Costpro/supabase/migrations/20260820000001_security_fix_spoofable_caller_uid.sql:573: ERROR:  could not find a function named "public.managed_update_tenant_plan"
psql:/home/z/my-project/Costpro/supabase/migrations/20260820000001_security_fix_spoofable_caller_uid.sql:576: ERROR:  could not find a function named "public.managed_update_tenant_plan"
═══ 20260820000002_catalog_pagination_v2.sql ═══
psql:/home/z/my-project/Costpro/supabase/migrations/20260820000002_catalog_pagination_v2.sql:6: NOTICE:  function public.get_paginated_products_v2(pg_catalog.int4,pg_catalog.int4,uuid,text,text,text,text,text,text) does not exist, skipping
psql:/home/z/my-project/Costpro/supabase/migrations/20260820000002_catalog_pagination_v2.sql:7: NOTICE:  function public.get_paginated_products_v2(pg_catalog.int4,pg_catalog.int4,uuid,text,text,text,text,text,text,pg_catalog.int4) does not exist, skipping
═══ 20260820000004_sync_products_stock_current.sql ═══
psql:/home/z/my-project/Costpro/supabase/migrations/20260820000004_sync_products_stock_current.sql:32: ERROR:  relation "public.products" does not exist
LINE 1: UPDATE public.products p
               ^
═══ 20260820000005_post_restore_reconciliation.sql ═══
psql:/home/z/my-project/Costpro/supabase/migrations/20260820000005_post_restore_reconciliation.sql:89: ERROR:  cannot change name of input parameter "target_store_id"
HINT:  Use DROP FUNCTION reset_store_data(uuid,boolean) first.
═══ 20260820000008_catalog_hardening.sql ═══
psql:/home/z/my-project/Costpro/supabase/migrations/20260820000008_catalog_hardening.sql:19: ERROR:  relation "public.products" does not exist
psql:/home/z/my-project/Costpro/supabase/migrations/20260820000008_catalog_hardening.sql:20: ERROR:  relation "public.products" does not exist
psql:/home/z/my-project/Costpro/supabase/migrations/20260820000008_catalog_hardening.sql:25: ERROR:  relation "public.products" does not exist
psql:/home/z/my-project/Costpro/supabase/migrations/20260820000008_catalog_hardening.sql:77: NOTICE:  relation "public.products" does not exist, skipping
psql:/home/z/my-project/Costpro/supabase/migrations/20260820000008_catalog_hardening.sql:80: ERROR:  relation "public.products" does not exist
psql:/home/z/my-project/Costpro/supabase/migrations/20260820000008_catalog_hardening.sql:88: ERROR:  relation "public.products" does not exist
psql:/home/z/my-project/Costpro/supabase/migrations/20260820000008_catalog_hardening.sql:98: ERROR:  relation "public.products" does not exist
LINE 1: UPDATE public.products
               ^
psql:/home/z/my-project/Costpro/supabase/migrations/20260820000008_catalog_hardening.sql:113: ERROR:  relation "public.products" does not exist
LINE 1: UPDATE public.products
               ^
psql:/home/z/my-project/Costpro/supabase/migrations/20260820000008_catalog_hardening.sql:123: ERROR:  relation "public.products" does not exist
LINE 1: UPDATE public.products p
               ^
psql:/home/z/my-project/Costpro/supabase/migrations/20260820000008_catalog_hardening.sql:137: ERROR:  relation "public.products" does not exist
LINE 1: UPDATE public.products SET category = 'Eléctrico' WHERE stor...
               ^
psql:/home/z/my-project/Costpro/supabase/migrations/20260820000008_catalog_hardening.sql:144: ERROR:  relation "public.products" does not exist
LINE 1: UPDATE public.products SET category = 'Plomería' WHERE store...
               ^
psql:/home/z/my-project/Costpro/supabase/migrations/20260820000008_catalog_hardening.sql:154: ERROR:  relation "public.products" does not exist
LINE 1: UPDATE public.products SET category = 'Construcción' WHERE s...
               ^
psql:/home/z/my-project/Costpro/supabase/migrations/20260820000008_catalog_hardening.sql:163: ERROR:  relation "public.products" does not exist
LINE 1: UPDATE public.products SET category = 'Ferretería' WHERE sto...
               ^
psql:/home/z/my-project/Costpro/supabase/migrations/20260820000008_catalog_hardening.sql:169: ERROR:  relation "public.products" does not exist
LINE 1: UPDATE public.products SET category = 'Solar' WHERE store_id...
               ^
psql:/home/z/my-project/Costpro/supabase/migrations/20260820000008_catalog_hardening.sql:175: ERROR:  relation "public.products" does not exist
LINE 1: UPDATE public.products SET category = 'Hogar' WHERE store_id...
               ^
psql:/home/z/my-project/Costpro/supabase/migrations/20260820000008_catalog_hardening.sql:181: ERROR:  relation "public.products" does not exist
LINE 1: UPDATE public.products SET category = 'Servicios' WHERE stor...
               ^
psql:/home/z/my-project/Costpro/supabase/migrations/20260820000008_catalog_hardening.sql:184: ERROR:  relation "public.products" does not exist
LINE 1: UPDATE public.products SET category = 'General' WHERE store_...
               ^
psql:/home/z/my-project/Costpro/supabase/migrations/20260820000008_catalog_hardening.sql:187: ERROR:  relation "products" does not exist
LINE 1: DELETE FROM products WHERE sku = 'OP1' AND store_id = '5e6fe...
                    ^
═══ 20260823000002_get_paginated_products_v2_add_fields.sql ═══
psql:/home/z/my-project/Costpro/supabase/migrations/20260823000002_get_paginated_products_v2_add_fields.sql:26: ERROR:  relation "public.products" does not exist
psql:/home/z/my-project/Costpro/supabase/migrations/20260823000002_get_paginated_products_v2_add_fields.sql:35: ERROR:  relation "public.products" does not exist
LINE 1: UPDATE public.products
               ^
psql:/home/z/my-project/Costpro/supabase/migrations/20260823000002_get_paginated_products_v2_add_fields.sql:50: ERROR:  relation "public.products" does not exist
LINE 3:     WHERE conrelid = 'public.products'::regclass
                             ^
QUERY:  NOT EXISTS (
    SELECT 1 FROM pg_constraint
    WHERE conrelid = 'public.products'::regclass
      AND conname = 'products_precio_empresa_currency_check'
  )
CONTEXT:  PL/pgSQL function inline_code_block line 3 at IF
psql:/home/z/my-project/Costpro/supabase/migrations/20260823000002_get_paginated_products_v2_add_fields.sql:53: ERROR:  relation "public.products" does not exist
═══ 20260824000001_telegram_auto_publish.sql ═══
psql:/home/z/my-project/Costpro/supabase/migrations/20260824000001_telegram_auto_publish.sql:15: ERROR:  relation "public.telegram_configs" does not exist
psql:/home/z/my-project/Costpro/supabase/migrations/20260824000001_telegram_auto_publish.sql:17: ERROR:  relation "telegram_configs" does not exist
psql:/home/z/my-project/Costpro/supabase/migrations/20260824000001_telegram_auto_publish.sql:18: ERROR:  relation "telegram_configs" does not exist
psql:/home/z/my-project/Costpro/supabase/migrations/20260824000001_telegram_auto_publish.sql:19: ERROR:  relation "telegram_configs" does not exist
psql:/home/z/my-project/Costpro/supabase/migrations/20260824000001_telegram_auto_publish.sql:20: ERROR:  relation "telegram_configs" does not exist
psql:/home/z/my-project/Costpro/supabase/migrations/20260824000001_telegram_auto_publish.sql:21: ERROR:  relation "telegram_configs" does not exist
psql:/home/z/my-project/Costpro/supabase/migrations/20260824000001_telegram_auto_publish.sql:22: ERROR:  relation "telegram_configs" does not exist
psql:/home/z/my-project/Costpro/supabase/migrations/20260824000001_telegram_auto_publish.sql:39: ERROR:  relation "public.stores" does not exist
psql:/home/z/my-project/Costpro/supabase/migrations/20260824000001_telegram_auto_publish.sql:41: ERROR:  relation "telegram_product_posts" does not exist
psql:/home/z/my-project/Costpro/supabase/migrations/20260824000001_telegram_auto_publish.sql:42: ERROR:  relation "telegram_product_posts" does not exist
psql:/home/z/my-project/Costpro/supabase/migrations/20260824000001_telegram_auto_publish.sql:43: ERROR:  relation "telegram_product_posts" does not exist
psql:/home/z/my-project/Costpro/supabase/migrations/20260824000001_telegram_auto_publish.sql:45: ERROR:  relation "public.telegram_product_posts" does not exist
psql:/home/z/my-project/Costpro/supabase/migrations/20260824000001_telegram_auto_publish.sql:51: ERROR:  relation "telegram_product_posts" does not exist
psql:/home/z/my-project/Costpro/supabase/migrations/20260824000001_telegram_auto_publish.sql:60: ERROR:  relation "telegram_product_posts" does not exist
psql:/home/z/my-project/Costpro/supabase/migrations/20260824000001_telegram_auto_publish.sql:62: ERROR:  relation "public.telegram_product_posts" does not exist
═══ 20260824000002_telegram_show_price_units.sql ═══
psql:/home/z/my-project/Costpro/supabase/migrations/20260824000002_telegram_show_price_units.sql:23: ERROR:  relation "public.telegram_configs" does not exist
psql:/home/z/my-project/Costpro/supabase/migrations/20260824000002_telegram_show_price_units.sql:26: ERROR:  relation "telegram_configs" does not exist
psql:/home/z/my-project/Costpro/supabase/migrations/20260824000002_telegram_show_price_units.sql:28: ERROR:  relation "telegram_configs" does not exist
psql:/home/z/my-project/Costpro/supabase/migrations/20260824000002_telegram_show_price_units.sql:34: ERROR:  relation "public.telegram_configs" does not exist
LINE 1: UPDATE public.telegram_configs
               ^
═══ 20260824000003_telegram_interval_minutes.sql ═══
psql:/home/z/my-project/Costpro/supabase/migrations/20260824000003_telegram_interval_minutes.sql:25: ERROR:  relation "public.telegram_configs" does not exist
psql:/home/z/my-project/Costpro/supabase/migrations/20260824000003_telegram_interval_minutes.sql:31: ERROR:  relation "public.telegram_configs" does not exist
LINE 1: UPDATE public.telegram_configs
               ^
psql:/home/z/my-project/Costpro/supabase/migrations/20260824000003_telegram_interval_minutes.sql:38: ERROR:  relation "public.telegram_configs" does not exist
psql:/home/z/my-project/Costpro/supabase/migrations/20260824000003_telegram_interval_minutes.sql:43: ERROR:  relation "public.telegram_configs" does not exist
LINE 1: UPDATE public.telegram_configs
               ^
psql:/home/z/my-project/Costpro/supabase/migrations/20260824000003_telegram_interval_minutes.sql:46: ERROR:  relation "telegram_configs" does not exist
═══ 20260824000004_whatsapp_auto_publish.sql ═══
psql:/home/z/my-project/Costpro/supabase/migrations/20260824000004_whatsapp_auto_publish.sql:35: ERROR:  relation "public.whatsapp_configs" does not exist
psql:/home/z/my-project/Costpro/supabase/migrations/20260824000004_whatsapp_auto_publish.sql:42: ERROR:  relation "public.whatsapp_configs" does not exist
LINE 1: UPDATE public.whatsapp_configs
               ^
psql:/home/z/my-project/Costpro/supabase/migrations/20260824000004_whatsapp_auto_publish.sql:49: ERROR:  relation "public.whatsapp_configs" does not exist
psql:/home/z/my-project/Costpro/supabase/migrations/20260824000004_whatsapp_auto_publish.sql:51: ERROR:  relation "whatsapp_configs" does not exist
psql:/home/z/my-project/Costpro/supabase/migrations/20260824000004_whatsapp_auto_publish.sql:52: ERROR:  relation "whatsapp_configs" does not exist
psql:/home/z/my-project/Costpro/supabase/migrations/20260824000004_whatsapp_auto_publish.sql:53: ERROR:  relation "whatsapp_configs" does not exist
psql:/home/z/my-project/Costpro/supabase/migrations/20260824000004_whatsapp_auto_publish.sql:54: ERROR:  relation "whatsapp_configs" does not exist
psql:/home/z/my-project/Costpro/supabase/migrations/20260824000004_whatsapp_auto_publish.sql:55: ERROR:  relation "whatsapp_configs" does not exist
psql:/home/z/my-project/Costpro/supabase/migrations/20260824000004_whatsapp_auto_publish.sql:56: ERROR:  relation "whatsapp_configs" does not exist
psql:/home/z/my-project/Costpro/supabase/migrations/20260824000004_whatsapp_auto_publish.sql:57: ERROR:  relation "whatsapp_configs" does not exist
psql:/home/z/my-project/Costpro/supabase/migrations/20260824000004_whatsapp_auto_publish.sql:58: ERROR:  relation "whatsapp_configs" does not exist
psql:/home/z/my-project/Costpro/supabase/migrations/20260824000004_whatsapp_auto_publish.sql:76: ERROR:  relation "public.stores" does not exist
psql:/home/z/my-project/Costpro/supabase/migrations/20260824000004_whatsapp_auto_publish.sql:78: ERROR:  relation "whatsapp_product_posts" does not exist
psql:/home/z/my-project/Costpro/supabase/migrations/20260824000004_whatsapp_auto_publish.sql:79: ERROR:  relation "whatsapp_product_posts" does not exist
psql:/home/z/my-project/Costpro/supabase/migrations/20260824000004_whatsapp_auto_publish.sql:80: ERROR:  relation "whatsapp_product_posts" does not exist
psql:/home/z/my-project/Costpro/supabase/migrations/20260824000004_whatsapp_auto_publish.sql:81: ERROR:  relation "whatsapp_product_posts" does not exist
psql:/home/z/my-project/Costpro/supabase/migrations/20260824000004_whatsapp_auto_publish.sql:83: ERROR:  relation "public.whatsapp_product_posts" does not exist
psql:/home/z/my-project/Costpro/supabase/migrations/20260824000004_whatsapp_auto_publish.sql:90: ERROR:  relation "whatsapp_product_posts" does not exist
psql:/home/z/my-project/Costpro/supabase/migrations/20260824000004_whatsapp_auto_publish.sql:99: ERROR:  relation "whatsapp_product_posts" does not exist
psql:/home/z/my-project/Costpro/supabase/migrations/20260824000004_whatsapp_auto_publish.sql:101: ERROR:  relation "public.whatsapp_product_posts" does not exist
═══ 20260827000005_audit_f3p001_rls_write_isolation.sql ═══
psql:/home/z/my-project/Costpro/supabase/migrations/20260827000005_audit_f3p001_rls_write_isolation.sql:58: NOTICE:  relation "public.transactions" does not exist, skipping
psql:/home/z/my-project/Costpro/supabase/migrations/20260827000005_audit_f3p001_rls_write_isolation.sql:64: ERROR:  relation "public.transactions" does not exist
psql:/home/z/my-project/Costpro/supabase/migrations/20260827000005_audit_f3p001_rls_write_isolation.sql:67: ERROR:  current transaction is aborted, commands ignored until end of transaction block
psql:/home/z/my-project/Costpro/supabase/migrations/20260827000005_audit_f3p001_rls_write_isolation.sql:72: ERROR:  current transaction is aborted, commands ignored until end of transaction block
psql:/home/z/my-project/Costpro/supabase/migrations/20260827000005_audit_f3p001_rls_write_isolation.sql:75: ERROR:  current transaction is aborted, commands ignored until end of transaction block
psql:/home/z/my-project/Costpro/supabase/migrations/20260827000005_audit_f3p001_rls_write_isolation.sql:80: ERROR:  current transaction is aborted, commands ignored until end of transaction block
psql:/home/z/my-project/Costpro/supabase/migrations/20260827000005_audit_f3p001_rls_write_isolation.sql:83: ERROR:  current transaction is aborted, commands ignored until end of transaction block
psql:/home/z/my-project/Costpro/supabase/migrations/20260827000005_audit_f3p001_rls_write_isolation.sql:88: ERROR:  current transaction is aborted, commands ignored until end of transaction block
psql:/home/z/my-project/Costpro/supabase/migrations/20260827000005_audit_f3p001_rls_write_isolation.sql:91: ERROR:  current transaction is aborted, commands ignored until end of transaction block
psql:/home/z/my-project/Costpro/supabase/migrations/20260827000005_audit_f3p001_rls_write_isolation.sql:96: ERROR:  current transaction is aborted, commands ignored until end of transaction block
psql:/home/z/my-project/Costpro/supabase/migrations/20260827000005_audit_f3p001_rls_write_isolation.sql:99: ERROR:  current transaction is aborted, commands ignored until end of transaction block
psql:/home/z/my-project/Costpro/supabase/migrations/20260827000005_audit_f3p001_rls_write_isolation.sql:104: ERROR:  current transaction is aborted, commands ignored until end of transaction block
psql:/home/z/my-project/Costpro/supabase/migrations/20260827000005_audit_f3p001_rls_write_isolation.sql:107: ERROR:  current transaction is aborted, commands ignored until end of transaction block
psql:/home/z/my-project/Costpro/supabase/migrations/20260827000005_audit_f3p001_rls_write_isolation.sql:113: ERROR:  current transaction is aborted, commands ignored until end of transaction block
psql:/home/z/my-project/Costpro/supabase/migrations/20260827000005_audit_f3p001_rls_write_isolation.sql:116: ERROR:  current transaction is aborted, commands ignored until end of transaction block
psql:/home/z/my-project/Costpro/supabase/migrations/20260827000005_audit_f3p001_rls_write_isolation.sql:122: ERROR:  current transaction is aborted, commands ignored until end of transaction block
psql:/home/z/my-project/Costpro/supabase/migrations/20260827000005_audit_f3p001_rls_write_isolation.sql:127: ERROR:  current transaction is aborted, commands ignored until end of transaction block
psql:/home/z/my-project/Costpro/supabase/migrations/20260827000005_audit_f3p001_rls_write_isolation.sql:137: ERROR:  current transaction is aborted, commands ignored until end of transaction block
